"Country","PolStab","GovEff","RegQua","RuleOL","PolicyDB","EntreprenPCplus","ExpEdu","GovFundPup","SchLifeExp","PISA","PupTeachR","TertEnrol","SciEngGrad","TertMob","ResPPop","RDExp","RDCompExp","QSRank","ICTAccWIPO5G20","ICTUseWIPO2","GovOLServ","ElecOut","LogPerf","GroCap","GDPEner","LowCarbonEner","ISOEnv","FinanceSSGEMplus","DomCred2Priv","MicroLoanIMFFAS","MarkCap","VenCapInvPB","VenCapRecPB","LateVCInt","JointVenPB","AppTariffWTO","HHI","DomMarkSc","Demogdividend","KnowIntsEmp","FemEmpDeg","GERDPerf","GERDFinBus","PublicPrivCopubs","UniResColl","THEunirank","StatClustDev","PatFam","IntelPropPay","HiTechImp","ICTSevImp","FDINetInfl","ResTalBus","PatOrig","PCTInventors","UtilModOrig","SciTechArt","CitDoc","GrowPPP","UnicornVal","CompSoftSpend","HiTechManuf","IntelPropRec","EcComplexity","HTExpHKG","ICTServExp","ISOQual","CorpIAs","TradmkOrig","BrandVal","IndustDes","CultServExp","FilmsOmdia","EntMedia","CreaGoodExp","TLDsMix","GHRecSentNoBot","AppCrea"
"LUX",1.34818715199214,1.94598507044828,1.9105534982891,1.80863214571868,2.15093388321007,0.33030038453478,0.311984717490989,0.324130085164045,0.142762006723083,1.10099719488368,0.900072194454954,-0.931892068764184,0.000662048234730374,4.65477177368434,1.31007053199236,0.145515694452432,-0.0661577191367807,-0.399817900944258,0.969260300744834,0.626558438501073,0.354488687714934,-0.439717346056757,1.01537272637819,-1.09386321813928,1.78798777093618,-0.687206532491413,-0.494856174514768,0.24228969868015,0.803855280262111,-0.477313885295003,0.0677391855797084,1.46745333748671,0.219287880804847,-0.196827454891632,2.50974242433428,0.56549846657203,0.625085262524249,-0.295485269545304,-0.924037528286872,2.59322190692585,1.82329022014107,-0.0265666161892943,0.705606260734214,1.32556810977329,1.40012584671311,1.80685619297683,1.12598860073775,0.260366799798933,1.53470511476409,-1.28597913125618,1.67199655664798,-6.8652333891005,0.380768764813926,0.271702686583485,0.232649337440678,-0.118321244684734,0.103750728969917,-0.346266074541076,-1.02434512033303,0.34478716490554,-0.386018727427883,0.0730312778210489,0.904254909955198,0.155037359993331,-0.526304353483983,0.101794121711673,-0.682892838256143,0.79760438641132,0.215866360816263,0.992908840427935,0.344845296290335,2.95833728949178,1.0212268841798,2.26408348541672,-0.567910961352631,1.32556721782485,0.827609031553492,-0.104214910949705
"NLD",0.891516621482708,1.62776675769233,1.76168324907857,1.69026761604057,0.636697882814113,1.61972341596738,0.545119961118013,0.710290517262254,1.51683130309034,1.1650703128794,0.247901501721746,1.22394253766702,-0.412784147672336,0.754723118177246,1.84918693196834,1.25451264050429,1.19231815616266,1.83742148528506,0.84238133938545,0.630216566265504,1.16731561589174,0.333517321616741,1.91778199087031,-0.564355748983487,0.69173747908509,-0.264009734101391,-0.0458130607712282,1.94427480486676,0.52959167389795,-0.422483777109761,0.358953717427403,0.119490291449553,0.373415466324989,0.182863912303078,0.562404600435,0.56549846657203,0.811403707059605,0.0209023378764103,-0.899009394632897,1.77433307734835,1.17339434527448,1.21635700811079,1.34080740162712,1.8938457451414,1.7977294048592,2.30268071469106,1.45166706712206,0.39160351508033,1.47624262750241,0.312294751809903,0.719253270172421,-0.664242515657635,2.05594790630356,0.51014253786041,1.56361561638688,-0.098680634360577,1.19786089019859,2.09319820380797,-0.390788202863097,0.295037919069211,1.43427857573819,1.14225593807551,3.82253015094539,1.05707254809349,1.03512721408597,0.351428035322097,0.165508535967551,1.08500800580637,-0.0265157658205537,1.07651467023511,0.164377666975492,0.68006930716146,-0.111912166421277,1.40340425843973,0.886910794342431,2.2247596431954,2.25969972331017,-0.0826415128059376
"CHE",1.34818715199214,2.18928150443594,1.69529228914267,1.81863591372695,1.88059887443742,1.05700713765818,0.590876301681096,0.621960366531632,0.902256203321449,1.50654920423709,0.735320859156295,0.73877284041355,0.344768980037133,1.39070953819464,1.61662262196533,2.25058673654382,2.11873773161155,2.16350195857341,1.00200425217116,0.637350676278736,0.772875695058297,0.502418252329222,1.91778199087031,0.0818522119314203,2.47324827120291,1.79024742617692,0.350233874188909,1.65029994475519,2.4346508259923,-0.422483777109761,1.4550561069083,0.323550317464094,0.776338456791315,0.103631343505394,0.743297830521276,0.673778136937111,0.394896071267286,-0.121006278767083,-1.04151575054389,1.58601093745569,0.959992437386,2.01427115237682,1.68042421922277,3.39281465159922,2.11850058121331,2.22089522657325,1.64400392703188,1.08138793205528,1.94616800845516,-0.27563760442884,0.841817386726006,-0.538634098667364,1.07688575060088,1.44182541972012,2.32385572842588,-0.098680634360577,2.25574206335,1.88070857409695,-0.0368694263888238,-0.0736258932393334,1.97408257010486,2.92301060749743,4.78581649487585,2.1342969039065,1.34745149693408,0.0211420479479617,0.559454889027538,1.00063741826927,0.362193070307312,3.08127691096381,0.527322794650832,-0.0963048295608674,2.30307249081626,3.3700844237299,0.76131436384733,1.69511845429625,2.46177384570507,-0.0465493983956368
"IRL",1.02199391591398,1.58986205892982,1.71683519336465,1.68066226338677,1.36514661248306,0.937538406180623,-0.821715275190237,-1.0686832626086,1.71188711107738,1.61902621838726,0.198643045381008,0.820735105169451,0.44222647145987,0.464144344896483,1.34846781279151,0.655209409567067,0.219635867025514,1.16259857531381,0.929454170017468,0.344862331693709,0.949436386170356,0.188377554929561,1.01537272637819,-0.276756021147641,4.58647996940909,-0.07009570634757,-0.0898654265711989,0.836642473218535,-0.753362967162807,-0.514573314576882,-0.160476616796096,-0.0168008013451434,0.551741977727066,0.0167292924875394,0.39550159563137,0.56549846657203,1.15693498359219,-0.158086382682409,-0.545161711727234,1.41270720060916,1.96906314179058,0.991031576999861,1.21429420838973,0.98334897127231,1.20607813879533,1.61261565869703,1.03798389735564,0.0348605289377778,9.6515843544617,-0.304228010355668,0.0565354102668234,-0.401220343926899,1.02263465372626,-0.110699916146726,0.14514170713497,-0.118321244684734,0.0720342575854555,0.597437869175507,-0.677495842301043,0.280954358192711,2.12059457602304,0.955365135073621,2.1203182332028,1.48658715779472,1.38336635187239,7.38439330343549,-0.195070584054971,1.12776422242835,-0.0265157658205537,0.282976662698231,-0.405352875291334,0.0228480172186598,0.718928809649581,1.49511699464223,-0.137985307727573,0.387307207985136,1.37823504938352,-0.0770314903709883
"HUN",0.826277974267074,0.246814149227098,0.174138835377499,0.381596237362953,-0.89241804291422,-0.319768186366689,0.558477877784059,-0.10856255943257,0.554456137263256,1.11032701164973,0.689478243606817,0.18958550807585,0.186702491110637,0.825373762478921,1.06655310882608,0.472431533629026,-0.192345633978059,0.0194284218550459,0.831168923280854,0.392967878956889,0.152459681236793,-0.15083235400656,0.29344531478449,0.49654392009854,0.275719056719538,0.185020278111347,1.97540164248453,0.413660877213499,-0.597709921103198,-0.514573314576882,-0.30623596882503,-0.120782001710684,-0.0649406007331019,-0.174693806827751,0.00921041358951396,0.56549846657203,0.949731982568416,-0.214777733277632,-1.04611336410956,0.897549161365062,0.696240503050192,0.582358914068616,0.738025618674548,1.75664230949917,0.0334038299306794,0.24782032573108,-1.15237937850185,-0.159014659360075,-0.0484518108369071,1.01774019817909,-0.065438858448947,-0.394331542707122,1.67712634318141,-0.186945223324848,0.0215929634616627,-0.0822099976595152,0.55349601554202,0.341200374523985,-0.0199328627390244,-0.385348934671246,-0.0148384243307403,2.00987121332574,0.416897379310323,1.52048174127476,1.38915295609718,-0.18771206926169,1.79020010539314,0.51982028327743,-0.41801066674806,-0.143345132546588,-0.168225874166222,0.023305976132752,-0.229465960228526,-0.0546501227972827,2.10341182333253,0.166099446943632,0.207909314112356,-0.12872744330644
"AGO",-0.380636999222151,-1.27622207812846,-0.989789889376924,-1.26164616804057,-1.16336091002488,-1.0234137465102,-1.15122273163727,-1.17854913495208,-1.31025892242808,-0.985399721731327,-1.42060736532329,-1.27827881076547,-1.74414516711976,-0.613746929897523,-0.755110355677458,-0.786540982739588,-0.252038608693338,-0.803956248147191,-1.39822287773526,-1.278141704572,-1.40866462847637,-0.663329140394599,-1.69185506709818,1.3691233281446,0.114034678042694,0.224409647525507,-0.784287981193109,-1.01121299881302,-1.11578534991272,-0.611251388967312,-0.309905841237225,-0.200156379489675,-0.344774183971681,-0.212225118206266,-0.364436255363379,-0.639670798595358,-3.84697643074733,-0.231897986491502,1.8094439088831,-1.14409069641287,-1.28852491249893,-0.571004236470749,-0.778961527616494,-0.904908491319797,-2.0237526560449,-0.483137474321847,-2.19509786875282,-0.199316372878077,-0.211909766194764,-0.745868957298445,-0.846088830977961,-0.375271810507274,-0.765308682263895,-0.340782483268649,-0.45430329673171,-0.136725873502607,-1.17204762673535,-0.831659052214286,-2.06770348162542,-0.385348934671246,-0.354079972552582,-1.10478064305632,-0.475778549495428,-0.583428625853346,-0.575851423350287,-0.625382034240398,-0.852994294484165,0.0710320174721479,-0.799223717298068,-0.630010180048139,-0.540765168127222,-0.363539918463416,-0.700904079948656,-0.640465518686967,-0.592533999230116,-0.425190704166043,-0.684662789108112,-0.154575081420355
"TTO",0.304368796542004,-0.212192891534781,-0.309937176125515,-0.38359915009365,-0.364830820972893,-1.08324915074657,-0.873141249667763,-0.701258786409854,-0.444075265009333,0.0750404577635485,0.439745432781587,0.081786857564211,0.220880210218819,-0.207084127456193,-0.567139036174299,-0.772119881118936,-0.252038608693338,-0.803956248147191,0.138054734415312,-0.0829067044884279,-0.409315413774563,0.241866181141941,-0.969927655504485,0.0137472108480774,-1.54474337723145,-1.16900678725346,-0.648243840164821,-1.15037478828773,-0.407010869348442,0.733798338864569,-0.200514777835129,-0.141005658780402,-0.345176743126959,-0.217040390427602,-0.351268626054032,-0.460296318026144,-1.06742941434904,-0.30757323624886,-0.667663133775266,0.250371370297441,0.171170268040988,-0.566812310653107,-1.07012132340043,-0.43079228092971,-1.14101955662594,-0.65182004356483,-0.577846560032221,-0.199316372878077,-0.356127304110744,-0.67563773079346,-0.61032957503018,-0.336085617073585,-0.94357322747279,-0.338925503569219,-0.45430329673171,-0.137405904763977,-0.859169026371762,-0.679583140754439,-0.791351217438793,-0.385348934671246,-0.352977962452631,-1.06922380601834,-0.452173302899967,-0.326900786245408,-0.49843755770255,-0.514592691681857,-0.632510554183984,-0.608139320262957,-0.547607633460839,-0.630010180048139,-0.512087967429613,-0.457762086579735,0.257165238117172,-0.421403002162112,-0.462134751379178,-0.375600764021488,-0.54369090986386,-0.154588877965124
"AZE",0.500084738188905,-0.200066266387752,-0.286301217742716,-0.688312418016305,1.15936315236422,2.90581289029859,-0.436308159423545,-0.460483474025563,-0.328005410306591,-0.733061551449164,0.773375132549492,-0.289841455328407,0.53637008115698,-0.432750816515261,-0.102695920039635,-0.647546109672449,-0.252038608693338,-0.659171482015299,0.260025696783857,0.2144877560712,0.271508107206181,-0.282649165604757,-0.608963949707635,-1.47544479114996,-0.70727416568324,-1.04613715005494,-0.580168730097464,1.53748785905916,-0.8152222849904,-0.438874228140977,-0.403749594133932,-0.216339160136423,-0.38541796348202,-0.21764407809907,-0.391316060054255,-0.324539606429484,0.327128757594043,-0.260265085683558,-0.281570253056256,-0.684040323701965,-0.548696668724318,-0.572853361797487,0.104372429957493,-0.361926694006928,0.784964392812605,-1.27543439046313,0.993841365938207,-0.195531721965015,-0.218972606586506,-0.679628153206546,-0.762754493031087,-0.279374213629541,-0.682392347227543,-0.208014269404842,-0.432588325822324,-0.107751437658833,-0.575710666987362,-0.623335885830934,0.177894409554078,-0.385348934671246,-0.829384265606794,-0.456355421913249,-0.458272276293655,-1.43072712835855,-0.600030608649603,-0.550299866949466,-0.677861400821997,0.11294261290848,-0.240377518327852,-0.525465831910743,-0.542193592909715,-0.411702312678061,-0.797445451982003,-0.530671888293706,-0.566079446750275,-0.396376387741563,-0.542564374667848,-0.147800192978144
"TGO",-0.478494970045602,-0.801280620517252,-0.700711909982505,-0.646227229089786,0.366772196188122,-0.609260526518003,-0.0622588131951822,-0.648457479726806,-0.520763055768983,-0.428949217555594,-0.231062929132898,-1.12520621234403,-0.165928388824497,-0.434594716801987,-0.746201431305059,-0.760804290743479,-0.252038608693338,-0.803956248147191,-0.72299516217942,-2.10726351989241,-1.15854516138405,-0.718360334769336,-0.969927655504485,0.460784974129578,-1.09382393172388,-0.85643405076429,-0.617598581416591,-1.15037478828773,-0.710925460332637,2.00416509959347,-0.293051655216341,-0.208000911941531,-0.330468483812762,-0.212225118206266,-0.389794201499009,-1.21403020230795,-0.508641802927942,-0.312091815029338,1.46627762246573,-1.25049805138515,-1.26279274832888,-0.566812310653107,-1.07012132340043,-0.674981602006592,-0.427212640512589,-0.483137474321847,-0.611955548999829,-0.199316372878077,-0.456096801629983,-0.558839337871245,-0.454003753435307,-0.209370449669235,-0.910105850624198,-0.250357237333877,-0.45430329673171,-0.140567234602104,-0.608060108550032,-0.806660272248283,0.69972612640321,-0.385348934671246,-0.777815176620325,-0.828158439385894,-0.475762483602539,-1.26039133169136,-0.597989757992166,-0.270541459018418,-0.751495680575402,-0.608139320262957,-0.944753388184035,-0.327564369643258,-0.529401030972759,0.365022345545354,-0.317969223117213,-0.640465518686967,-0.564815146230882,-0.418576462470151,-0.66820363956156,-0.150382678557904
"LSO",-0.217540381183067,-1.21526035428982,-0.805192206808482,-0.59510164407608,-1.25990930756417,-1.0234137465102,1.59429363416352,2.22216789304816,-0.94007370551938,-1.05763246720766,-1.11446757948343,-1.24884323186086,-1.12015219373526,-0.663965104089147,-0.753207463373418,-0.769135243065919,-0.252038608693338,-0.803956248147191,-1.93297318903739,-1.42845037093823,-1.94781757823963,-0.561901811065387,-0.78944580260606,0.559504115565261,-0.519016377000228,-0.481074537210743,-0.754021639297595,-0.968302345266389,-0.777349422454204,0.0683953786049009,0.038176364639397,-0.114105316667286,-0.344774183971681,-0.215219083825709,-0.302206957462419,0.364188208831457,-1.31863431734333,-0.317566085796781,1.10683426611515,-0.909989154915932,-1.02765970379742,-0.566812310653107,-1.24143723492097,-0.145971219897032,-1.90687615211225,-0.483137474321847,-1.30510326731853,-0.199316372878077,-0.384563131380599,-1.03897229941965,-0.626296189778069,-0.190925024881406,-0.852149815818329,-0.317602209464431,-0.343004012504621,-0.136823964449784,-0.176329315105087,-0.848324905524954,-1.35696957522745,-0.385348934671246,-0.731430523700196,-0.908994345338664,-0.464941753966993,-0.95653812145644,-0.61925712682705,-0.649966515358934,-0.835719183234346,-0.608139320262957,-0.748665124872923,-0.561281256730053,-0.47193634457454,-0.466449983988911,-0.486270758479649,-0.640465518686967,-0.563603516712845,-0.419622090748292,-0.659919263260549,-0.154575081420355
"GBR",0.402226767365455,1.11586278513347,1.48743693924813,1.42739793997582,0.85913718401052,0.144778655692223,0.456289666108415,0.922445296292089,1.26475328689021,1.43778461312494,-0.0631255157235771,0.919136598234148,0.0598565855614498,1.58735338294341,1.12727856295476,1.78531161180652,1.48324805373919,2.87357681160286,0.941917201764492,0.826527556508936,1.32586692022278,-0.0804246140400767,1.19585457927661,-1.01169914428182,1.36053864640837,0.131180768007145,1.13913082517321,0.651431101279503,1.30864556348335,-0.422483777109761,0.372845489238644,0.208143333404096,1.14776870304017,2.22955415013743,0.764202463962619,0.67901448692774,1.2093620751939,0.677973879098994,-0.752590087558686,1.78871353288426,0.960236762165982,1.53881942637601,1.50257884156685,1.84596464776286,1.50011698087413,2.1442213314628,1.31460272525218,0.0654977934747964,0.338201708546307,0.314313486613671,0.00563921448508513,-0.176908678984161,0.781408623162982,0.231959985935177,0.726035950111106,-0.098680634360577,1.36595791507996,3.29522287383991,-0.185905117102845,1.42152511059461,1.52813029982965,1.04448600059557,2.21873516543337,1.6584641450164,0.53907739087498,0.339706352330504,0.905860770148815,1.05693260894915,0.293852853517386,2.0860293141814,1.76334125451133,1.4453950334427,-0.149913084475143,2.45504432825698,0.212854394937839,1.02076576334412,1.06115659666213,-0.0675248874908085
"QAT",1.08723256312961,1.15584370485476,0.884260423317002,0.926203617804999,1.45364944578729,1.44499328645661,-0.669608730142212,-0.0710758635634616,-0.252788872908758,0.0540581482101014,0.378427965272641,-0.488695435019234,-0.410675379509959,3.59944230617457,-0.386593274397457,-0.183764969222327,-0.252038608693338,0.505401636871658,0.996736880869272,1.1062659877416,0.403315226807902,2.4581370189413,0.834890873479764,0.00814395720621194,-0.991315269785205,-1.13625023532911,0.399434883072857,0.648379567134465,1.28003045292867,-0.422483777109761,0.271374986821612,-0.180920145154783,-0.37030449699821,-0.21665189546666,-0.331285736636755,0.119572601298322,-0.830223507420025,-0.236308048589249,-1.05184506848651,-0.167693998845104,-0.419895498171966,-0.50682959405588,-0.861328794467557,-0.185972975218822,1.52328303026487,1.55638813561604,1.5888946000454,-0.194043066310557,-0.456096801629983,-0.621864485755495,-0.0244938457005167,-0.173513231861683,-0.316278751013174,-0.317071828088343,-0.432798892778088,-0.120664229315041,-0.454966356228117,-0.262936807987735,-0.591054435731799,-0.385348934671246,0.346780367479539,0.963643936592326,-0.475778549495428,-0.431965410971709,-0.574630404259554,-0.353953133816275,-0.113887712603319,0.10878441763183,-0.989322905292257,1.40846249812667,-0.465501802210495,-0.400351297633842,-0.726256630595367,0.403835115509351,-0.594368794113724,-0.355391716732505,-0.554530227092086,-0.145677461700772
"BRN",2.00057362414848,1.38112905343129,0.884099529742876,0.876640696365117,0.0564784414681312,-0.234418938376495,0.126523897411981,0.752744920084796,-0.0982357565343854,0.381249561391564,0.896060925100912,-0.446662502198102,1.93546122213171,-0.207084127456193,-0.561796530203912,-0.558416077347773,-0.252038608693338,-0.141723317839583,0.904416187717971,0.68791778248921,-0.505937982090195,1.22281723579596,-0.428482096809211,0.672944532478205,-0.940272484877852,-1.16873974489889,-0.610791850940189,-0.538004471592613,-0.509480732651213,0.665020842509654,0.038176364639397,-0.154337236782326,-0.219249833519047,-0.213082036317305,-0.309414573832144,0.823978205715099,-0.0571451558776962,-0.309657641457274,-0.294674239829493,0.710626122394439,0.110228326283386,-0.552871273094657,-1.27649036201463,-0.0156039021727853,0.134298955411351,-0.125325963806428,-0.130907936847143,-0.199316372878077,-0.420975442104159,-0.917314454255477,-0.666281169389968,-0.171152247401014,-0.815560372182957,-0.341765188143142,-0.45430329673171,-0.137405904763977,-0.318228415667646,-0.665000519107604,-0.893178345954436,-0.385348934671246,-0.376349086841225,-0.828158439385894,-0.475778549495428,-0.282114072027126,-0.591537101364239,-0.577813717469845,-0.509697517226337,-0.989632841353745,-0.948528285622908,-0.630010180048139,-0.577400131370153,-0.463218645261201,0.257165238117172,-0.234765344816683,-0.584346491698339,-0.346090783166376,-0.601648345865562,-0.154340349586373
"RUS",-2.27255776847553,-0.949442836186806,-1.37861182888164,-1.35701876885189,-0.513201615691541,-0.938957786562346,-0.121575158813174,0.370910255050215,0.323254724922531,1.18908885683254,0.900088607855344,1.36075035291482,1.26459790554962,-0.193029993685115,0.302229518179335,0.0437462722707372,-0.22487601711872,0.86547505525184,0.381606483500409,0.775213215238133,0.457834106136834,0.525061511289652,-0.78944580260606,0.00305009025907143,-1.135316792207,-0.505945303498872,-0.788452575268345,-0.568923069787165,-0.129416485305555,-0.477313885295003,-0.144826204826248,-0.213187927068258,-0.389878658724439,-0.172260496149698,-0.388839198052662,0.0256469775175847,0.885054129571278,1.28976764949174,-0.823457785550584,1.20221616145447,0.791581762880169,0.137319131703506,0.0347037081901442,-0.270903242653438,-0.192386003261763,1.11167954397545,-0.0677739483538458,-0.186986328897689,0.0135651142417097,0.047463341638913,-0.501353088456995,-0.163270528204641,0.985004319314604,0.101409749481887,-0.373504797308662,0.055532353376678,-0.755874415878365,0.707849147358684,0.369969398416175,-0.385348934671246,0.155644482969638,0.177733418659797,-0.276159843841067,-0.467816681289173,-0.299319539409705,-0.50141961703948,-0.864626679373765,0.271296153774108,1.22435959402217,-0.256678791305566,-0.262486040619589,-0.239083832937839,-0.575666511227231,-0.404436956010078,-0.417886005239959,-0.189134969926051,-0.291672679231302,-0.105784605686878
"NPL",-0.60897226447687,-1.05453976135376,-0.882016061250704,-0.57642294007019,-1.00306198299503,-0.101065841907172,-0.186786827285687,-1.23649477932189,-0.133491148057741,-0.696689541007339,-2.00921249162129,-0.994867895213197,-0.478380136517327,-0.627128473992769,-0.709777656725754,-0.664310291633788,-0.252038608693338,-0.803956248147191,-1.17451156055392,-0.265030847837651,-1.15437405000425,-0.677929529692286,-0.78944580260606,1.48032244360079,-0.766974488025522,0.871462408196991,-0.672212434716864,-0.647247937405419,0.701672141956335,3.44420695408031,-0.309905841237225,-0.211918860591152,-0.365463474099708,-0.215364784325943,-0.363265368922269,-1.60572880565224,0.586894353624991,-0.279825799916774,0.629458937568818,-0.842386385021842,-1.10947028375106,-0.521211028588222,-0.331230439492657,-0.117233409159341,-0.783364100585651,-0.886953321903534,-1.08714369077396,-0.199316372878077,-0.456008519680384,0.22186287067764,-0.878531788396632,-0.150335867428066,-0.81848164923386,-0.314752580358282,-0.451051829004617,-0.133183657515863,-0.472325337443129,-0.504591680992423,0.158345472112355,-0.385348934671246,-1.03167992484523,-0.784523203280087,-0.386549133875142,-0.241928020890456,-0.621980260084081,-0.347792584111193,-0.381303487726164,0.288342124629906,0.0876744088794279,-0.630010180048139,-0.536974156873315,-0.38406909375897,-0.317969223117213,-0.640465518686967,-0.489486764778145,-0.399220238980901,-0.488789862837175,-0.119353295845222
"BGD",-1.19612008941757,-0.932767233915182,-1.15447243006898,-0.619478720912548,-0.432628116712502,-0.101065841907172,-1.51836925255844,-1.62719288348976,-0.917341731422631,-0.428949217555594,-1.49992582702581,-0.831988537092523,-1.74807903246086,-0.694970850009729,-0.682935302883318,-0.664310291633788,-0.252038608693338,-0.151795301570494,-1.10216786078457,-0.0685410548037897,0.265668551274459,-0.636464590492916,-0.78944580260606,0.996456022291428,1.60042040983847,-1.12493944653885,-0.733332619454477,-0.647247937405419,-0.495377791748174,0.818244164819599,-0.280101373980704,-0.21424414190178,-0.360705746802037,-0.194355069620807,-0.382604583675254,-0.572646735780321,-0.407353415648048,0.0749774117967893,0.560421129910755,-1.09221621146649,-1.22654842516483,-0.521211028588222,-0.913523561988189,-0.468928058468717,-1.26126010270789,-0.738717124690003,-0.378209100206674,-0.199192670747799,-0.42142335402092,-0.132589083280718,-0.869877018501356,-0.14720007458817,-0.738324250610893,-0.335939924674985,-0.437102936789949,-0.133183657515863,-0.897555887935103,-0.256687112996235,1.46005813195437,-0.385348934671246,-0.373935441243945,-0.931399374542174,-0.471973026073114,-0.781802087836067,-0.593445639731666,-0.437175482978185,-0.797330979663931,0.475055841317926,-0.931773004017706,-0.565717000483621,-0.404084002722699,-0.38406909375897,-0.317969223117213,-0.640465518686967,-0.567595347621568,-0.422210812254598,-0.591393610464456,-0.140202943133178
"IRN",-2.04422250322081,-1.29108939707008,-1.98812256547469,-1.22061105514982,-1.80780333859536,-1.63466465516443,-0.942996425816259,-0.332606583961222,0.00688923155412406,0.292321377072599,-0.375063264663818,0.255036721250063,1.809364185431,-0.620059481311584,0.125990039036425,-0.140929369501924,-0.252038608693338,0.378242842268865,-0.163210154267491,0.606820976080775,-1.50165587629664,-0.0803850026096932,-1.33089136130134,2.34556668324296,-1.15855971949551,-1.04775140408734,-0.715367077203696,-0.686706677257005,0.0047048157718109,-0.102321046788495,2.92480111905498,-0.216709354891615,-0.393023668362076,-0.210345911355716,-0.386168668762541,-1.51116839365192,0.389775289719406,0.0763094191470434,-0.266667797258786,-0.377670547622058,-0.530044220885459,-0.337948715341644,0.0122883810050577,-0.481462937943951,-1.10010282552836,0.498288383091873,-0.762961640658004,-0.196399227915028,-0.369409943567312,0.409031349111886,-0.656318362175893,-0.147171270273089,-0.181035329170763,0.382923365357749,-0.305134348200793,0.0023923133769341,0.874869263847013,0.155792756442802,1.49926922997547,-0.385348934671246,1.98773756137301,0.469733825648241,-0.455215085313222,-0.252083828697551,-0.598553243702182,-0.604605314779241,-0.705951946070817,0.405095108987164,4.87581217845487,-0.586314556537864,0.745866494814176,-0.392529294178478,-0.487008771550588,-0.640319047143252,-0.536235385334066,-0.318751718479196,-0.627296142947418,-0.151593717416125
"NGA",-1.78326791435828,-1.09874592213258,-1.17895646111544,-1.03405184603623,-0.847607409763704,-0.460668685156534,-2.59701324663825,-0.329069560010722,-0.758625512221989,-0.91117635619741,0.0591379339428213,-1.23746927691075,-0.938690342000916,-0.564077269056485,-0.753846982016199,-0.552093479603064,-0.252038608693338,-0.803956248147191,-1.14264858467867,-1.41789322665554,-0.716996217908141,-0.703106755640104,-0.78944580260606,-0.277265407842351,0.370632806521904,-0.976140734441428,-0.758228259076025,-0.448230619020222,-1.04021951773682,-0.401315211790997,-0.264600638640259,-0.168238900263353,-0.214441142725341,-0.161642498411946,-0.274649707914749,-1.30769685776992,-0.616609298036932,0.0277258482570305,1.66002822040921,0.719708372245882,-1.12155746190127,-0.521211028588222,-0.426369258063869,-0.585026922820059,-1.47886953635926,-0.738717124690003,-0.977555641599835,-0.199187778311678,-0.284625597253588,1.76397937706767,-0.510745923267178,-0.145459906206871,-0.733361753649313,-0.29296059976436,-0.451870116169005,-0.137354230865612,-0.872459979505753,-0.262936807987735,-1.22376443036252,1.65795213594845,-0.0406360039771187,-0.583508717388864,-0.475778549495428,-1.9064099324217,-0.611949389374302,-0.583930166713535,-0.793870037469206,0.351747496848269,-0.797729407158984,-0.405572056023379,-0.336074624537337,-0.390848397438209,-0.720266057807805,-0.640465518686967,-0.596287421933317,-0.416270732573879,-0.612362770340434,-0.147250775652966
"DZA",-0.478494970045602,-0.902785354909523,-1.19105393586591,-0.808666778246236,0.479830472883995,2.0785438012484,0.917985296326357,-0.267622295647961,0.433943507844472,-1.09631889047442,0.357673289002011,0.15614221014133,1.23268126830913,-0.677909996816515,-0.436628801977431,-0.371518228426604,-0.252038608693338,-0.803956248147191,0.416311580967007,0.319223841982651,-1.72390250499217,-0.413601381034675,-0.969927655504485,1.90815632849156,-0.515192275199626,-1.15516381789477,-0.748882642776888,1.53748785905916,-0.909727859346598,-0.351682512556932,-0.421884055058775,-0.213227721660902,-0.383402631650249,-0.21781174698028,-0.367330230069315,-1.71446983810474,-3.11377557439844,-0.126827989213998,0.393345768798489,-0.377670547622058,-0.548696668724318,-0.536123612344302,-0.973929574103943,-0.780873390302351,0.382245841671662,-1.00451996107289,1.16679673141895,-0.198840803119746,-0.31479307555959,0.170258427226668,-0.659431200741576,-0.143463130153239,-0.983894369710039,-0.0967311206785079,-0.439095891798492,-0.0400884553437984,-0.585827570700878,-0.423345646102916,0.0181625573485682,-0.385348934671246,-1.08345125202946,-1.07572471881108,-0.474920116140143,-0.8491288869796,-0.623694847879523,-0.616193115284949,-0.803673366837153,0.11294261290848,-0.560936597904957,-0.630010180048139,-0.200885171349948,-0.464540609068935,-0.762083744054956,-0.615312373235369,-0.59044298881902,-0.420379319321585,-0.650224914179548,-0.153238626494218
"KWT",0.23913014932637,-0.155772437014693,0.176954794197832,0.289626757008221,-0.598239665481771,-0.460668685156534,0.527917822529036,-0.267622295647961,0.258086486964734,-0.480613688057365,0.958103373739236,0.0414930174955321,0.773721434566444,-0.263493913266742,-0.699387301839154,-0.725816150576802,-0.252038608693338,-0.183270250729604,1.00161407651916,1.23198237256451,-0.229417833558662,2.34177282974018,0.29344531478449,-0.759654607737052,-1.17719467080495,-1.16412331227934,-0.0175462358010839,0.300742582592379,0.703518527329598,-0.339363609519531,0.228363388221687,-0.181879613108357,-0.335845431604122,-0.211888624461073,-0.331756314747456,0.0845111031103297,-2.21436393108499,-0.261165354987068,-0.754216392777838,-0.251790594387295,-0.599837503408247,-0.368032217338675,0.0122883810050577,-0.506875974383609,-1.31327236293775,-0.0435404756886184,0.0656972192071434,-0.196523749495793,-0.198393438812132,-0.624647548947648,-0.799928407570079,-0.14144184273533,-0.733361753649313,-0.332554835355055,-0.44957791639698,-0.120664229315041,-0.384846628203024,-0.471259974371087,-2.45477892786138,-0.385348934671246,0.940674524174693,-0.0789116056583308,0.144558328180912,-1.15302239757426,-0.570681998550484,0.792423445077617,-0.255148777980646,0.247775004881158,-0.5216587464993,1.14271654835533,-0.562202528841445,-0.400351297633842,-0.751293578470179,-0.19084195282077,-0.518921613337448,-0.358516501795469,-0.627897012021563,-0.134226781419373
"PAK",-1.62017129631919,-0.800992183491647,-1.14030216545918,-1.00411485982396,-0.793365698674883,-1.26367057416639,-1.57569278852906,-0.421319953353334,-2.09941079157458,-0.91117635619741,0.482799098244972,-1.24121755080464,0.0447170966827221,-0.435898602722946,-0.574676937159435,-0.664310291633788,-0.252038608693338,0.329141921580658,-1.55607151808244,-0.265030847837651,0.102406344679177,-0.61776266694129,-0.0675183910123604,-1.55928984109999,-0.130813417670144,-0.206903313891679,-0.533951762919567,-0.647247937405419,-1.06186582028138,-0.339363609519531,-0.334770088217404,-0.210543966161174,-0.339022372573693,-0.201254232152027,-0.380618154646231,-0.480667025958371,0.65840029714199,0.0497649810617076,1.27320486361497,-0.954749146575985,-1.21143413211944,-0.327133615867751,0.0122883810050577,-0.784086610117451,-0.559342420680386,-0.181553486887423,-0.251642097165481,-0.198475911092031,-0.325175833208969,0.103513984255456,-0.577999420518739,-0.140128476753455,-0.705089277201273,-0.300353708511213,-0.326518297223307,-0.126363489684622,0.0920811527628432,0.0307988566127905,-0.384589902431473,-0.385348934671246,0.568067745881633,-0.0424745150372039,-0.45287212470046,-0.638309429965218,-0.490448792316199,0.622042558981068,-0.548861316378798,0.334648323874211,-0.237894288004963,-0.573948224759402,-0.471363461793891,-0.367622345120201,-0.776018000835751,-0.704405742695562,-0.562559834547103,-0.418875310989916,-0.615691069624274,-0.0232935889135345
"ECU",-0.60897226447687,-0.70889870903344,-0.943233496021105,-1.1095317889696,-1.24279249422257,-1.01095845967641,-0.228714115978992,-1.69686722354353,0.303259191870517,-0.415790299043948,-0.451287751709184,0.293260778343676,-0.478380136517327,-0.627128473992769,-0.550214386958315,-0.648131879757621,-0.252038608693338,-0.467803791127929,-0.745871776722492,-0.26253470233075,0.990116990098066,-0.444712247336143,-0.969927655504485,-0.416633607516257,0.0421706142220134,0.367148285812585,-0.511568071950028,-1.27896041663084,-0.100076947160316,-0.326923937840141,-0.293051655216341,-0.207220701601399,-0.349087952760812,-0.211433008814906,-0.366233690382627,-0.474073161776197,-0.58774291541178,-0.250110392585213,0.152530694379343,-0.855052570853119,-0.499874581883715,-0.527318141228136,-0.913523561988189,-0.80544952358873,-0.75633982263656,-0.232669416961054,-1.1800858659049,-0.198671776869674,-0.12954555667923,-0.286245421255756,-0.68148845029557,-0.138842114816969,-0.765308682263895,-0.32240414935753,-0.437102936789949,-0.133183657515863,-0.403978938833605,-0.465010279379587,-0.0577849804149086,0.0373346034217398,0.100371535942308,-0.729403027887184,-0.433477825147361,-1.10882209406099,-0.583895834258715,-0.600430825698776,-0.154313636027956,-0.608139320262957,0.284574492224039,-0.630010180048139,-0.530286397537568,-0.447391532721674,0.257165238117172,-0.622351022303576,-0.578788734987519,-0.392981158011314,-0.529389307382329,-0.151108406624898
"KEN",-0.70683023530032,-0.498753281954167,-0.590297859427821,-0.429506347527451,-0.531511195680671,-1.02171147220849,-0.142688030141064,-0.30808162710383,-1.03504520209646,-0.415790299043948,-1.73407267827896,-1.26414361169432,0.0447170966827221,-0.564077269056485,-0.682935302883318,-0.0646025976102828,-0.252038608693338,-0.803956248147191,-1.47801379856748,-0.762293471005173,0.459993269674613,-0.696698571349109,-0.78944580260606,-1.08882028986161,-0.57169046420625,0.342687307866602,-0.672459975842681,-0.463078019840469,-0.627848492727361,-0.506645700574228,-0.287880004800683,-0.118290711755318,0.139496655700604,-0.152236234284517,-0.189706616006958,-1.37498439825918,-0.616609298036932,-0.231800414624411,1.38964787273519,-0.678975146020955,-1.21926540146777,-0.518409480479741,0.66292997261398,-0.055084079589991,-0.422194265712603,-0.830725798822539,-0.421263612735482,-0.198230063818799,-0.304195418864896,-0.10276686958657,-0.711341043712377,-0.138235562412856,-0.452257405058657,-0.199933302167082,-0.441751958323139,-0.0103634331111126,-0.546915841617339,-0.198356626408896,0.614849308175908,0.221687552841835,-0.590654338211042,-0.583508717388864,-0.128804365332521,-0.347373560697761,-0.545588167867041,0.567596472221775,-0.644660682413447,-0.993767198552563,-0.60279388444044,-0.286403097915945,-0.454215348805341,-0.462663902164364,-0.553687972240715,-0.622351022303576,-0.512667330155541,-0.406904392629983,-0.486183261044797,-0.151014344228197
"ZMB",-0.511114293653419,-0.890477898144335,-0.705961673257308,-0.647979794569849,1.13970733418435,-0.460668685156534,-0.108400176844098,-1.23649477932189,-0.917341731422631,-0.807697936483454,-1.49992582702581,-1.23024462095933,-1.36884655607672,-0.627128473992769,-0.725135697527283,-0.527491136025858,-0.252038608693338,-0.803956248147191,-0.950531227528307,-0.410287775007203,-0.919908518560828,-0.584321179362999,-0.78944580260606,0.859838510768981,-1.23121057307753,2.06482237791316,-0.747528695560839,-0.647247937405419,-1.03983059591642,0.0611555884702492,-0.309905841237225,-0.203114186626011,-0.212478880174394,-0.213158377439097,-0.32523862746923,-0.462954027473127,-0.502018393923727,-0.298586145397749,1.68134764534801,-0.963084106588612,-0.944504761726289,-0.559639399913358,-1.18290469477316,0.152426147719763,0.304549418969427,-0.677378008601646,0.763243305274903,-0.199316372878077,-0.352352818506681,-0.666552921250682,-0.72922765197474,-0.136525029240343,-0.765308682263895,-0.333699906242223,-0.445436805649708,-0.134866563810661,-0.566837288315568,-0.6150029591756,-0.57113518136289,-0.385348934671246,-0.969051562928318,-0.716920483118713,-0.475778549495428,-0.946258228160087,-0.600644391602763,-0.601409644824468,-0.83540158783362,0.0710320174721479,-0.623312085346805,-0.630010180048139,-0.027000189746161,-0.430759350774892,-0.317969223117213,-0.640465518686967,-0.575508172593952,-0.424113926750373,-0.681405493487648,-0.154383574359487
"BOL",-1.09826211859412,-0.868994858805184,-1.43795315719144,-1.39114579077025,-2.23256503331699,-1.04390827532269,2.72552982451272,-0.692733954357833,-1.46453095136909,-1.11986443480414,-0.278003511456968,-0.994867895213197,-1.55635722620805,-0.461471314499547,-0.737605378702939,-0.705509454290855,-0.252038608693338,-0.803956248147191,-0.785341124255503,-0.349224992483889,-0.41520404160487,-0.586181383741782,-1.15040950840291,-1.15529525352186,-0.417605673699846,-0.666110844871575,-0.674010455092373,-0.968302345266389,0.311280938714262,6.79814450182993,-0.293051655216341,-0.216304025083389,-0.364684805894919,-0.212225118206266,-0.392004269621149,-0.207179896814852,0.157628706857278,-0.286803469190029,0.654900916768655,-0.700837991792434,0.125303795371588,-0.527318141228136,-0.778961527616494,-0.524572030646968,-1.51899144052855,-0.881841728896171,-1.34752603279099,-0.197948938107376,-0.369938317930192,-0.0983819725797879,-0.658222562578899,-0.134888168642941,-0.831216417822682,-0.330878113511752,-0.440372868463005,-0.133119721558439,-1.01897853613771,-0.598337105864932,-1.5321465989539,-0.385348934671246,0.332363502795954,-0.699552138684328,-0.461021789254938,-1.19805410901123,-0.547093389841719,-0.566616593845207,-0.61609525543697,0.334648323874211,0.0380653279761328,-0.630010180048139,-0.510055091346024,-0.459702933531246,-0.70970085170483,-0.622351022303576,-0.558049277739152,-0.405364958912097,-0.539832222376024,-0.154191792666414
"JPN",1.34818715199214,1.63408648519682,1.41495040031738,1.57509580012774,0.464756402850397,-0.587231000446765,-0.666969096955594,0.930728006773535,0.517910919865702,2.1704136219395,0.609255897644093,0.443035160640844,-0.484349801588566,-0.158000112435127,1.46829504055016,2.38308822827344,1.54045200364979,1.98850124124877,0.865294917937655,0.849027925377351,1.27311462924294,0.498165021498427,1.55681828507346,0.322944934539816,0.356252016760806,-0.293869681963113,0.518479531736459,0.430645201606674,2.99296178428786,-0.18514291297245,0.514620809368502,-0.107386686348727,-0.016346902334643,0.72593388277199,0.0269324486739073,0.551245086982228,0.864127279306464,1.21124837774686,-1.34681530547729,-0.334039033044798,1.08189433663241,2.55667347317558,2.22111078321171,3.81721743788984,1.06146904685488,1.27525052021107,0.241953682026946,1.70158308397234,0.84537677124292,0.713934724575011,0.384125947094061,-0.130428623649867,2.19535646628428,4.53788471378187,4.75964522175465,-0.0808285366037045,-0.137794456759306,1.87029241577779,-0.391698327933452,-0.298063125706311,0.431019359682108,1.8658662222173,4.51944550350748,2.34964140757697,0.903295618074166,-0.404404177562963,0.125322430897523,0.67148796022317,0.101170902001711,2.88555579495991,0.308566599473343,-0.234661994316817,0.700406656388578,2.18122077530049,0.219575942730411,-0.15746824807575,0.115223543817453,-0.0975803086593444
"LKA",-0.902546176947222,-0.44217543953715,-0.716377219015624,-0.175889656284059,-1.1787683492562,0.473242739985005,-1.60882565815913,-1.65569793250647,-0.315308612225994,-0.770931472658379,-0.0601173770008263,-0.762238072018737,0.374563656108528,-0.648807563054634,-0.725135697527283,-0.718879888933342,-0.252038608693338,-0.657912484048935,-0.52400968677598,-0.107966177029922,-0.657226645430518,-0.615443333105586,-0.428482096809211,1.26164273555983,2.08949639652423,0.019468503607049,-0.00177381948885371,0.00450204768031602,-0.288619932886855,-0.147471745310645,-0.269652465830221,-0.210789839851018,-0.365967297023118,-0.215424923267816,-0.377015028035926,-0.273774295408194,0.0150562169505445,-0.245893378405885,-0.155606759288626,-0.421002236200454,-0.972405149153463,-0.519214805717311,0.529907630721685,-0.429468437518068,-0.409382537969495,-1.09652863520542,-0.713912313126248,-0.194450931772116,-0.342724398154614,-0.495199618175397,-0.202457217685953,-0.12499748695194,-0.148198517535264,-0.262566504825747,-0.413536920618922,-0.137593205726224,-0.820752213193992,-0.394180402809247,-1.00436353249,-0.385348934671246,0.877997960031162,-0.758603404836526,-0.435712314011042,-0.317066316296168,-0.5281031698142,0.452156504248021,-0.22966488399166,-0.00969654642041437,-0.351342857508969,-0.592302469905344,-0.474891555355719,-0.38406909375897,-0.333276738386432,-0.622351022303576,-0.320949593808545,-0.407523180644002,-0.237035502142481,-0.150759081943817
"BDI",-1.39183603106448,-1.48698925454105,-1.23163362127804,-1.42529771364828,-0.0357249882665128,-1.0234137465102,0.134899752779333,-0.0597170290039113,-1.2998010893721,-0.097670889076773,-1.06134112752475,-1.40518360126627,-0.477462077009196,0.214704300561035,-0.753703561460222,-0.618406372419629,-0.252038608693338,-0.803956248147191,-3.42680359200783,-2.5288507720959,-1.80928760853164,-0.561901811065387,-0.78944580260606,-0.410164396493387,-0.804953284601858,1.12670581965077,-0.561477507547626,-1.15037478828773,-0.254938464475333,-0.23571082277476,-0.200514777835129,-0.188422403400705,-0.35461597122167,-0.217040390427602,-0.351268626054032,-0.813937505795916,-1.06742941434904,-0.316141163947794,1.88964379142731,-1.49991146861417,-1.35181512268475,-0.556416482380643,-0.88134165630134,-0.652682653231324,-0.780442934865542,-0.779609868748908,-0.826439384889841,-0.199316372878077,3.14774930906582,-0.394661443649344,-0.00234394023823128,-0.122913744023927,-0.938134816115962,-0.330240143635186,-0.45430329673171,-0.100275332359047,-0.758713850739187,-0.823326125558952,-1.23871179267253,-0.385348934671246,-0.832360647890456,-0.95016388826285,-0.474609451709649,-0.936019551140743,-0.620716831166597,-0.529789123737695,-0.685051662619008,-0.608139320262957,-0.809755887065484,-0.630010180048139,-0.253054362844544,-0.205990277721822,-0.486270758479649,-0.622351022303576,-0.586037483948919,-0.425276463518849,-0.691780597425963,-0.154210768690389
"CHN",0.434846090973272,0.584404293412132,-0.553323308106557,-0.121464674060499,1.18179639256927,1.46111725263001,-0.141922318831805,0.922445296292089,0.869140713700797,3.05588696263401,0.29334897966516,0.757292176575306,1.13991034808648,-0.6654472252308,0.0820864665100481,1.57977944019257,3.12235191720807,2.41026555998081,0.525864689821913,0.758787463865767,1.18979054544408,0.3275313462793,1.19585457927661,2.71685864502041,-0.793584083738348,-0.192403165489051,3.07922381105961,0.959937885578296,2.97076432522483,-0.354583079427916,0.127801800269031,-0.14579042118739,-0.0156783296104811,5.46654378912081,-0.023726895670491,0.300248266646344,1.20124020660048,8.31370904172036,-0.89225595944458,1.31829664020174,0.960236762165982,1.7273314410946,2.27999465812383,3.05289285502921,1.51468792084863,1.54105335659395,2.0830283441116,0.0384765519851252,0.160982648920006,1.38802418991207,-0.332839360588663,-0.11766000313186,1.52602259175653,5.66861601692368,0.991231653890691,11.6551087171109,0.632727710778351,2.05986649718664,2.55620514888968,0.887933530990282,0.442651239546767,1.55363962498015,-0.112286457927655,1.40171123471544,2.67409691739643,-0.0626054512967446,2.15044414391573,0.61839902001208,4.95860483278322,1.19254705008714,5.75763454863421,-0.133328837019164,-0.664084374904021,-0.176352910505503,3.88093482723883,-0.329673935031193,1.06115659666213,-0.0675248874908085
"ZWE",-2.17469979765208,-1.45416393836976,-1.61177193411272,-1.45338535436203,-1.13579662803903,-1.01095845967641,-2.57279364642403,-1.40354076650597,-0.749631330751538,-0.315083777224153,0.345834315813073,-1.25774766850356,1.09490981172084,-0.651783478794766,-0.688099204655292,-0.733170819423956,-0.252038608693338,-0.803956248147191,-1.44727001074663,-1.06104141129941,-1.34099448032642,-0.649046663161805,-0.969927655504485,1.3691233281446,-0.919784557338829,-0.0112279603543964,-0.448649128146576,-1.01121299881302,-1.14401484955919,-0.356174852236136,-0.293051655216341,-0.207220701601399,-0.361095877345059,-0.212225118206266,-0.364436255363379,-8.70589759560186,-0.705851181226648,-0.299144563863817,1.67355172149656,-1.11057002750735,-0.385758963205118,-0.521211028588222,-0.331230439492657,-0.195870327640434,-0.329990214565597,-0.800056240778361,-0.827696383078463,-0.199316372878077,-0.434550289141566,-0.215463605700866,-0.268981807873363,-0.114229658473803,-0.733361753649313,-0.290546382924621,-0.453290813878252,-0.127650290830068,-0.610963392190334,-0.565005399243595,0.0799861542735637,-0.385348934671246,-0.683316908570167,-0.823144887832802,-0.432773833944946,-1.0283958781175,-0.607124795229214,-0.464629661124723,-0.496094634755615,0.288342124629906,-0.696627436405479,-0.630010180048139,-0.491681778132155,-0.230147351924682,-0.700904079948656,-0.622351022303576,-0.539309299705809,-0.404837480144457,-0.663592143900294,-0.153936122558809
"KOR",1.05461323952179,1.38445836572319,1.04109233426192,1.26603612745722,0.279986959870384,1.39789148607683,0.42103721903299,2.67799553253467,0.869140713700797,1.99506909270298,0.502249976024093,1.64727997630527,1.12381222176986,-0.238490911713581,2.99867914025562,3.79424629531903,2.47388811533999,2.10307005618792,0.977033010443709,0.836006289300344,1.55410032054579,1.09374267344111,1.37633643217504,1.17937678436343,-0.563474897680521,-0.236837449299859,1.94873181339649,1.11830854257255,2.56118351629468,0.744726034187511,0.426234350229627,0.0411655244465545,0.638550000075619,0.740801065816366,0.748195675648652,-0.0579366570755215,0.996200021065708,0.439561562798006,-1.41358971972912,0.924052898374952,1.10322859751902,3.94222266267635,2.13547877521765,2.70076278975389,1.09194337240038,1.57683450764549,0.899665483078129,1.6727704646217,0.205090398361177,1.33765622326292,-0.315140820067333,-0.112661762053855,2.49600711729978,8.05304493171939,4.70902684931903,-0.0375599293965648,0.709235202447445,1.12032901679772,0.114778207218691,0.184575914513149,0.119191754346206,2.06408864210578,0.589038176647373,2.17727674766169,2.09652447516807,-0.260610572756934,1.16655947053921,0.772961188985014,1.4533573670438,2.87654634120185,3.90032444396379,0.0976739766331601,0.142015862753852,1.57868695090468,0.679797535292008,-0.242500379469389,1.10613433954059,-0.0441518962393695
"IND",-0.0870630867517988,0.359637638707724,-0.316658097167815,0.124560798385458,-0.420767679789308,1.48782395835302,-0.0917600366111211,-0.0727062611987902,-0.181081937928661,-0.236000640892913,-0.352945609142498,-0.509731912879224,0.627241202953677,-0.689985528663685,-0.659760835829822,-0.216307751731858,0.0919150200670581,1.12734663225561,0.293419598704153,0.168521189407818,0.663052786023058,-0.51834119273429,0.654409020581339,1.35394360464211,-0.318933251132403,-0.61475079889231,-0.457507806246246,1.69114486280631,-0.219451224546935,-0.422483777109761,0.343106499483795,-0.169185285108971,-0.152864293572242,1.0341154270211,-0.236977065887057,-0.684257126353477,1.03732908539839,3.4113360958457,0.200967781855399,-0.943761275269361,-1.09644286829699,-0.306738769726061,0.543026869409065,0.176172544930993,-0.493905599563505,0.0177986403997392,-0.345549141444931,-0.175322336719668,0.164311513963891,0.391561863240104,0.526884617451933,-0.111374569223664,0.307005664941172,0.123337503805306,-0.27700563882317,-0.0696041445202764,-0.576213317800676,0.955753715354872,0.479616670970931,1.03824998389499,0.277974850339052,0.764209642277774,-0.326820074045561,0.438475296209898,0.0796327838907149,2.31214938862426,-0.249909332657011,0.983228672665385,-0.130283982073599,0.496653280329535,-0.122931600133126,0.741732914674592,-0.348922879882842,-0.651131115083177,0.270451573890012,-0.403822118385872,-0.519383554320374,-0.0994062601253226
"BFA",-1.78326791435828,-1.07484855319369,-0.692522626248774,-0.876946749886321,-0.196504955588762,0.124823491098627,0.729210719064,-0.303478593881741,-2.15961428091359,-1.11986443480414,-0.204027920035031,-1.27643324138905,0.366734285454987,-0.504148384991677,-0.749552514547713,-0.5829440374221,-0.252038608693338,-0.803956248147191,-2.55253803536894,-2.90995647898237,-1.69622595418973,-0.713697048261143,-1.33089136130134,-0.747276511055488,-0.519016377000228,-1.06214802691764,-0.769431441994247,-0.968302345266389,-0.629226715114768,0.603422861940928,-0.293051655216341,-0.0434731368481907,-0.327576828531628,-0.212225118206266,0.361625640352335,-0.482604359029327,-0.508641802927942,-0.303238856386923,1.71357461266699,-0.904591881013128,-1.34471063841987,-0.566812310653107,-1.07012132340043,-0.861138153068242,-1.39555725442736,-0.483137474321847,-1.98722550533136,-0.199316372878077,-0.452714921062273,-0.5786271664265,-0.164842229819082,-0.11133745597154,-0.910105850624198,-0.32887745429148,-0.448578475718134,-0.140567234602104,-0.455680315407526,-0.658750824116104,1.45639628682889,-0.385348934671246,-0.979589426173328,-0.984374314388159,-0.462410874413003,-0.69902276328182,-0.602386629809017,-0.465418611730048,-0.828930642807584,-0.608139320262957,-0.914214496009431,-0.630010180048139,-0.500251089832396,-0.38910650072553,-0.486270758479649,-0.640465518686967,-0.589601375768436,-0.42552932192084,-0.692446293641276,-0.15431800479362
"TJK",-1.00040414777067,-1.01542323286456,-1.4391434098141,-1.45348085082586,0.305374651795237,0.465324404313203,0.802189526824823,-1.40354076650597,-0.749631330751538,-0.696689541007339,0.345834315813073,-0.471212458362832,-0.125242151564249,-0.611863778718854,-0.550214386958315,-0.733170819423956,-0.252038608693338,-0.803956248147191,-0.788166560703838,0.029102007370436,-1.1566313573392,-0.393492996100562,-0.969927655504485,-0.626042477713426,-0.187824537829863,2.3955430046723,-0.79771097263717,-0.968302345266389,-1.05232686148987,0.497887710165508,-0.293051655216341,-0.207220701601399,-0.320362206785807,-0.21764407809907,-0.364436255363379,0.350528181986808,-0.490856527586274,-0.30608287837445,1.03021284543874,-0.210665055450298,-0.635316771725559,-0.546022573337639,-0.581093098879826,-0.937876538738512,-0.802277848506767,-0.63648526454274,-1.26007975639812,-0.199316372878077,-0.454976687164114,-0.33890007959746,-0.818913658612669,-0.110796544170064,-0.738324250610893,-0.283861390391132,-0.440372868463005,0.317552266611465,-0.966583512852941,-0.806660272248283,2.16916040940878,-0.385348934671246,-0.878658342536586,-1.06074490556954,-0.47577039537058,-1.16419339316966,-0.507963273912375,-0.613404515699965,-0.903902736173357,-0.608139320262957,-0.691525127868724,-0.630010180048139,-0.577400131370153,-0.443404998831957,-0.317969223117213,-0.622351022303576,-0.562720720316145,-0.419847025089437,-0.675418545882118,-0.114984751746767
"PRY",-0.0218244395361653,-0.673426572507271,-0.254100712568561,-0.705096948378527,-0.091299026277869,-1.04390827532269,-0.554157594233974,-0.692733954357833,-0.0226991846761607,-1.13573018889579,0.0510462672021736,0.179637563706555,-0.750449487697354,0.0430391239624611,-0.709777656725754,-0.705509454290855,-0.252038608693338,-0.803956248147191,-0.395788726529353,-0.148548190206084,-0.0596290644514564,0.289529776147996,-0.608963949707635,-0.220315975373272,0.096629110480372,3.15680141475891,-0.661208991272282,-1.61587333427897,-0.166244644677178,0.761331839233304,-0.293051655216341,-0.197404785085248,-0.393153234308015,-0.21781174698028,-0.380082774477532,0.177027595245775,-0.65453243472953,-0.289537810152736,0.442872928323441,-0.407776631597357,-0.384859411135833,-0.546022573337639,-1.2423946078088,-0.442022520332953,-1.54251760699191,-0.881841728896171,-1.08955652998093,-0.196319112233051,-0.414718912571225,2.03678390434852,-0.981095001299591,-0.106879988212727,-0.910105850624198,-0.333127088340054,-0.437102936789949,-0.132125722450688,-1.06031777859007,-0.717081310703442,0.234574500733074,-0.385348934671246,-0.898646838215678,-1.21593067322756,-0.475778549495428,-0.553405624660301,-0.502769304133683,-0.631800113720782,-0.253660832908928,-0.608139320262957,2.46412158881521,-0.630010180048139,-0.552431935239408,-0.467050431175949,0.257165238117172,-0.622351022303576,-0.558356379492944,-0.387363366795749,-0.5975248520189,-0.150502377772257
"TUR",-0.60897226447687,-0.437361284317945,-0.41641816912465,-0.629509122679222,-0.963678094244626,-0.457780369215737,-0.782507178145376,-1.08046357285338,1.92186097932154,0.814345250613072,0.0402059265737108,2.428309825847,-0.652880519668789,-0.38928124098337,0.309307896868378,0.505820411747517,-0.175070340909073,0.465113701948,0.607634211920944,0.389523274733577,1.17394032220084,-0.131954690558637,0.654409020581339,0.872980687492617,1.01776523803087,-0.170447386191815,-0.400199564229404,0.549844658340842,-0.231716388448444,-0.514573314576882,-0.215581566605134,-0.18694939800982,-0.284193135418443,-0.117476920175747,-0.300155096477216,0.140652408502845,1.19444028365086,0.485763821246812,-0.266314305076819,-0.131730872827934,-0.0342749447824601,0.488505855426973,1.08323523595899,-0.302344236033632,-0.428236308014553,1.21902299713007,-0.0737910797042536,-0.152187536802605,-0.0597782783822812,-0.0781336692462318,-0.349306595386574,-0.10624795506835,1.73110651272283,0.0346349452935271,-0.0192862811380124,-0.00552671716834747,-0.0346277910476489,0.376615312809154,0.811827788243568,-0.269785197486442,0.577113894591392,0.479745396957915,-0.35771899851074,0.563468331676218,-0.323601255841302,-0.447146365447881,-0.486937570363175,0.564521214173486,2.24432444133841,-0.479262680087765,3.77751483469005,-0.404383942301567,-0.379377498738578,-0.587399159160401,0.770305215448526,-0.235918352769689,-0.498544984862637,-0.0581329609511539
"MAR",-0.119682410359616,-0.203674028819627,-0.238220110391749,-0.215544434534954,1.00348946574967,-0.639278713998739,1.19242517474683,0.370910255050215,0.38478521310774,-1.19620371409558,-0.532287380282286,-0.0981568097713741,0.25255525285191,-0.510701759946553,-0.332775814719361,-0.24493394714039,-0.252038608693338,-0.803956248147191,0.47777246037989,0.352608835302882,-0.596033987893903,-0.552049376925004,0.654409020581339,0.669073193598364,0.311205765032572,-0.720697339562894,-0.520095237642868,-0.50587752891801,0.473378344290644,-0.351682512556932,-0.0678205426528658,-0.186456458260195,-0.309485492376758,-0.214481287615643,-0.304166834053533,-0.0303137978891912,0.676056909470819,-0.226833564139521,0.17224049743436,-0.25467810541189,-0.339835418555497,-0.462917342672646,-0.11409432060294,-0.737157918288583,-0.569605160215373,-0.764275089726819,-0.329798686007159,-0.195976862009065,-0.343108086570989,-0.168227701919934,-0.435835220635404,-0.105603597000693,-0.705089277201273,-0.229598223837836,-0.321783756375559,-0.119024834819982,0.150004752187983,-0.375431317834745,0.751746868074587,-0.385348934671246,0.0439907501020343,1.54010221964855,-0.469247432746014,-0.474185575905453,-0.267742962605869,0.114335821720954,-0.412490641225241,0.647695378591737,0.648739773038626,-0.254046238583809,2.69108480990938,-0.27207914631899,-0.565895455975008,-0.648437823113339,-0.554819394059477,-0.393733976767339,-0.530898951615089,-0.145246964473079
"TUN",-0.804688206123771,-0.495346998369448,-0.836436466662408,-0.227902273807751,-1.05914431819648,-1.18446964727684,1.66875223054182,4.43034774096252,0.13875688576584,-0.91117635619741,0.134541913849194,-0.392932394546968,2.24295374310695,-0.371994407040211,-0.0865975309732161,-0.122398579347211,-0.252038608693338,-0.803956248147191,-0.257295878855041,0.228798163904693,-0.432968068892966,-0.464391703515168,0.29344531478449,-1.82152211153905,-0.0547860982288362,-1.0641210601151,-0.116858279580527,-0.71643546575353,0.477395142978348,-0.102321046788495,-0.291241825746856,-0.186724042483294,-0.259081904615897,-0.213158377439097,-0.308319716206129,0.208689069668094,0.256025824557668,-0.278020836809813,-0.114390696256898,-0.387434311827292,-0.339835418555497,-0.497448601951729,-0.426369258063869,-0.938427908845729,-0.879075968669566,-0.462691102292394,-0.982947695929598,-0.196211347861946,-0.39456457243443,-0.0866902384404327,-0.575790419812852,-0.105530616837001,-0.779445134094017,-0.216602618960595,-0.396282525474747,-0.119024834819982,1.33128600936584,-0.362931927851744,-0.180758044381766,-0.385348934671246,0.336039062256401,-0.0179790445319091,-0.345589850459305,0.240075837087079,0.19029350685964,-0.177366023952575,0.0699902777173996,0.082165198137347,-0.163362569863041,-0.630010180048139,0.684162481215579,-0.254611384439373,-0.630949832488586,-0.646215469782357,0.104480918185514,-0.37271656797139,-0.409607461153152,-0.152591486269858
"MWI",-1.03302347137849,-1.11153261800135,-1.00156442039594,-0.245681478779395,-0.457595548662175,0.124823491098627,-0.609959295137029,-0.228162315462978,-1.30482146528935,-0.807697936483454,-6.10963281231817,-1.50980452053943,-0.165928388824497,-0.525416892144079,-0.751248558139302,-0.733170819423956,-0.252038608693338,-0.803956248147191,-2.06062818923302,-2.68586699312763,-1.08366144414197,-0.63410474715986,-0.969927655504485,-1.52016894294591,-0.423810272386559,1.30058629868354,-0.689546113214706,-0.887628518352368,-1.14644682493787,-0.240334483922684,-0.309905841237225,-0.200156379489675,-0.342386240547918,-0.217154902110291,-0.302206957462419,-0.168781859168252,-0.642081636922282,-0.309877003506914,1.69480590986711,-1.11076228339011,-1.36523664955534,-0.521211028588222,-1.23946506471717,-0.794189762152814,-0.0986542670681572,-0.805167833785724,-0.3175513046412,-0.199316372878077,0.886690169473625,-0.445646947518774,3.58151299127604,-0.103681739862728,-0.765308682263895,-0.32437030910454,-0.444506215703835,-0.124477696809926,0.430166302946761,-0.565005399243595,-1.30216233051988,-0.385348934671246,-0.900671254305807,-0.884751741315199,-0.358555106844571,-0.843973593392104,-0.608592184385142,0.632032513160125,-0.832286388308376,0.334648323874211,-0.833693400978663,-0.630010180048139,-0.47193634457454,-0.324666005453435,-0.486270758479649,-0.640465518686967,-0.592300587336293,-0.425161520489161,-0.683865538454053,-0.154097154023152
"DEU",0.891516621482708,1.14262041125588,1.40163594302139,1.59196632864959,0.355456187014425,0.329012626119411,0.159646468374765,0.930728006773535,1.02726471199727,1.208459357956,0.517486837747895,0.81161222613593,1.94559222086828,0.644507170084047,1.61685972520653,2.07068276393806,3.5930531999505,1.94695430835875,0.819102227854012,0.445184935310997,1.18036874091559,0.223857825081522,1.91778199087031,-0.414239490051108,0.800785150772152,0.105368258089999,-0.193909328991904,0.825960889894616,0.479500441686082,-0.514573314576882,-0.0356128643505014,-0.0812264789853706,-0.0283673131480392,0.399379788222736,-0.0469580512209881,0.56549846657203,1.04055341316436,1.08201199466737,-1.15586870265796,1.31829664020174,0.384244205250941,1.8614542891459,1.53993451954451,2.21518664017456,1.45725959959311,1.9090880531241,1.30879616990479,0.486593385769439,0.0148921280241319,0.402042560787159,0.704367182272518,-0.103085850594486,1.63444888721769,1.1311822998672,1.7658441612253,-0.0155821893313148,0.371340948120402,2.7723317262177,-0.604489704951531,0.241307241477926,1.14146404190362,2.05550586622335,2.18741502765052,1.96787984861534,1.25259628474666,-0.124066646539784,0.30484110828199,0.8788312749061,0.321687876053205,2.30012810104583,1.43390590858057,0.0639946843669214,-0.241851044969184,1.74266089394559,0.267953613316839,1.23835518527984,1.22036385166139,-0.112587332141386
"SLV",-0.217540381183067,-0.108484426814668,-0.500929253809612,-0.475951546880813,-1.12597555834667,-0.234418938376495,-0.710680002680519,-0.627446462920848,-0.912702227129908,-1.11986443480414,-0.921886327913835,-0.574012339877606,-0.075453766412879,-0.651709213855992,-0.739763150072986,-0.683789471450207,-0.252038608693338,-0.803956248147191,-1.14665404577977,-0.803313757741899,-0.855477115717544,-0.549736547899798,-0.608963949707635,-0.52655925623567,-0.0633715751791824,0.289302169335366,-0.694122913438077,-0.5768465927705,0.0335982636792289,-0.431993282270345,-0.328191279908341,-0.114105316667286,-0.196111304419452,-0.21781174698028,-0.269861778388213,0.418633069659039,-0.490856527586274,-0.299596794331333,0.239529856501011,-0.807032206665861,-0.841256628632496,-0.518307655874878,0.136240295802973,-0.880266584510033,-1.02618194011571,-0.483137474321847,-1.12515622850577,-0.199316372878077,-0.046599364343129,0.0813787654281584,-0.353307221815386,-0.097864514556885,-0.852149815818329,-0.326395816313244,-0.45430329673171,-0.133891860155344,-1.11587481714665,-0.783744723946115,0.142457280978221,-0.385348934671246,-0.924261184426382,-0.984374314388159,-0.473669911693397,0.00695784170107742,-0.327212334711831,0.0190622382167585,-0.590796267490841,0.0710320174721479,1.1797204514163,-0.630010180048139,-0.267310159279824,-0.399519332992243,0.257165238117172,-0.622351022303576,-0.356622056079427,-0.394520492794209,-0.519385794156342,-0.153503610915342
"USA",0.956755268698342,1.17765677134188,1.33345998967925,1.35128635981326,1.30023317675858,0.786499345280569,0.765853420835526,0.667454062941639,0.651524284744703,1.34344831184676,0.145909980767976,0.907684094650911,-0.375403456057709,-0.138860904515021,1.23757522555056,2.38858663170181,9.50577436795158,2.88364879533377,0.981520030441612,1.05786885621074,1.13002097296646,1.33799446564519,1.37633643217504,-0.414443244728989,-0.296180459055854,-0.237696923765814,-0.740323401093448,1.33992469258556,2.91127826926613,-0.422483777109761,0.91302171027394,0.0279967097832918,0.690498181772054,9.73912364362282,0.615519970823149,0.601051358630919,1.0226269075769,6.47304557621942,-0.643391334914931,1.60760185292682,1.70957115674089,2.53365697538652,1.84762823303246,3.49614091801036,1.91577604091932,2.15955611048489,1.87386039614501,0.248310954897115,0.2446753204976,1.59566427612017,0.00279262520305275,-0.0954275033222761,2.39240175293474,1.00371073454894,0.965686058403455,-0.098680634360577,-0.147930348141328,5.72218776220596,0.521529294342214,2.60836090628987,4.87038266200404,1.37064928921704,3.54277917221799,1.49245669644715,0.752444654462181,-0.203449376177836,-0.733711307300065,1.16833909083873,-0.584465136034853,3.53159920504876,-0.384933869663749,0.495645947231883,-0.422346094135628,4.11611104449303,0.632826259398078,1.0358169559497,1.25213361825918,-0.0553610887967902
"BWA",0.761039327051441,0.310825158340966,0.367238496798879,0.342136302703587,0.780396915550721,0.465324404313203,2.55347278141078,-1.40354076650597,-0.560620814185809,-0.415790299043948,0.477074644289453,-0.94661317257251,-0.706046672688402,-0.251233773541178,-0.727915665507762,-0.751710907516529,-0.252038608693338,-0.803956248147191,0.105838546897207,0.022502389986815,-1.39747623559878,-0.580544686138959,0.112963461886065,0.877921738431343,0.329534849016264,-1.16633772194293,-0.721518051513675,0.648414247599798,-0.66220913959597,0.665020842509654,0.038176364639397,-0.200156379489675,-0.320362206785807,-0.212225118206266,-0.364436255363379,0.695542941176573,0.341860227143318,-0.306717444813164,0.891665559719154,-0.307348645506776,0.481593587733472,-0.527180016191019,-0.913523561988189,-0.745746318303271,-1.97806147270648,-0.396240393196674,-0.8385167407886,-0.199316372878077,0.0566276027078557,-0.745104284495704,0.226386365574223,-0.0901509128533418,-0.738324250610893,-0.31284860754464,-0.45430329673171,-0.109739789753972,-0.442640515808288,-0.637918507477769,0.122996137422376,-0.385348934671246,-0.54039253202832,-0.123001627767062,-0.468577870709328,-1.01326886544334,-0.571454261090005,-0.554904397950806,-0.833206585536005,-0.989632841353745,-0.231927894391499,-0.630010180048139,-0.509208618642045,-0.356176440143822,0.925250283132365,-0.533451173680521,-0.4703372465519,-0.388756592653329,-0.632480715789573,-0.154619966647005
"IDN",0.0760335312872857,0.47561925080594,0.155887406307856,-0.243645343994599,1.38783502735927,1.60834515311458,-1.97796903554306,-1.07837759242353,-0.255678435723702,-0.957791698759842,-0.51625827559566,-0.17975750959821,-0.515277033417702,-0.691184382720079,-0.605771945163228,-0.555589504238373,-0.198459327109799,0.800007161000898,-0.121382297595992,0.369583213514652,0.589641225738555,-0.516164047382404,-0.0675183910123604,0.881283690616459,0.192987794053235,-0.890817499534709,-0.489299416791058,1.44638285462557,-0.531324144835734,-0.611152913595634,-0.0814969675749727,-0.202173220466078,-0.318406870913856,-0.116632543904936,-0.370447921435104,0.486646005532513,1.02114744200814,0.765566868746441,0.0887512094314852,-0.974155981325676,-0.752519638621953,-0.558902733048737,-0.919009389388568,-0.760624959809785,1.49025599725603,-0.16110711485797,1.62727189812159,-0.199141530134061,-0.113192642396343,-0.0113419672446469,0.125556353485096,-0.0900032907385509,-0.682392347227543,-0.288847322726529,-0.448853649771148,-0.00636411648477119,-1.07637763085126,-0.244187723013234,0.148942373949693,-0.137920360827771,1.44506371240612,0.429200517939134,-0.409675569863524,-0.277661318933909,-0.115213968421858,-0.4337208675726,-0.530872979753948,0.879673656484683,-0.286191721878025,0.00319266368843209,-0.276378531939102,-0.45429131244413,-0.702688162883453,-0.533451173680521,0.857775819740206,-0.390181685413487,-0.547378644443381,-0.132162060918749
"COG",-0.739449558908137,-1.63489148266839,-1.50510000850355,-1.17714630171622,-0.37367838768276,-0.609260526518003,-0.598540986974466,-0.913477370374196,-1.46453095136909,-1.05763246720766,-1.21113029388814,-1.26781300495875,-1.15427430551239,-0.651709213855992,-0.712248196711512,-0.460090384479688,-0.252038608693338,-0.803956248147191,-1.48498562140175,-2.53690896577543,-1.99850884947886,-0.601035801151738,-0.78944580260606,0.456302371216095,-1.08708391258857,-0.446216965513482,-0.699612326612544,-0.5768465927705,-1.02184218917649,-0.164488728933126,-0.338787647970601,-0.203243607900569,-0.264202777205996,-0.21764407809907,-0.338555459869996,-1.73951558015426,-3.59525823317494,-0.309800389797432,1.51768353316822,-1.20798391489876,-1.26279274832888,-0.546022573337639,-0.778961527616494,-0.849407802202244,-0.167398985748735,-0.483137474321847,-1.00942110955864,-0.199316372878077,-0.343302426549673,-1.21921151142629,0.805163028392071,-0.0891374994987069,-0.852149815818329,-0.327549374767837,-0.449444644835674,-0.140567234602104,-0.0678642132817437,-0.667083750771438,-1.97836561187896,-0.385348934671246,-0.96972469469463,0.303902231851052,-0.471777659601275,-2.40632545781965,-0.585217779905443,-0.603469983279242,-0.775619408644064,-0.608139320262957,-1.06726032889232,-0.579821572596163,-0.520667303643786,-0.192741250411179,-0.700904079948656,-0.640465518686967,-0.592274085937816,-0.422448364534733,-0.689209514808406,-0.154616001554691
"JOR",-0.152301733967433,0.261645397114726,0.0656864463129546,0.199289252176869,0.884881176525485,0.558758972181985,-0.718669808686784,-0.30808162710383,-0.263227174838463,-1.14275138187194,0.231315080799307,-0.552678902918373,0.0447170966827221,0.386884121043905,-0.534092379463455,-0.169920339748986,-0.252038608693338,0.0571983608459742,0.470940279357914,0.0664224606880009,0.371712924118584,-0.418885024619215,0.473927167682914,-0.869121808431208,-0.0380779772688063,-0.533176206518697,0.0950954459443878,0.0151012648990602,0.483946996778059,-0.247177369153165,-0.0835725622122499,-0.127802030013361,-0.224085802047978,-0.210901052046947,-0.189534603920198,0.490224753454777,0.827359850809073,-0.290267154037525,0.730665572547314,-0.340543499282221,-0.576377788706028,-0.368032217338675,0.0122883810050577,-0.841418158121704,1.0197599179664,0.298936255804711,1.55071018860425,-0.190204160156676,-0.396240132462226,-0.422662048081131,-0.874602144840822,-0.0854153726681684,-0.705089277201273,-0.317605267063029,-0.326518297223307,-0.00636411648477119,2.56253886858528,-0.385847476153913,-0.266675929373207,-0.385348934671246,0.294427405805821,-0.102281679365241,-0.392797245738718,-0.109512515435873,-0.475156169713281,-0.621570829809523,0.23788151537155,-0.0372613595928093,-0.108547891835423,-0.495935935345119,-0.347833406669434,-0.46247597207921,-0.750368471319892,-0.635418518955958,0.989415762116071,-0.381302829081294,-0.577391425004112,-0.0582504649971504
"TZA",-0.348017675614334,-0.665727504980664,-0.803300550729289,-0.480410230569176,0.542237785274636,0.465324404313203,-0.722133970412613,-1.07212496821183,-1.48307908699373,-0.696689541007339,-0.888037209585465,-1.46846898365134,-1.36884655607672,-0.65679320033732,-0.682935302883318,-0.279887050817623,-0.252038608693338,-0.803956248147191,-1.27174641336425,-1.51539196380227,-1.00205487679362,-0.707311479366514,-0.78944580260606,2.07701801778944,-0.831774321730305,-0.687460960749569,-0.711669083621034,-0.887628518352368,-0.964527429442158,-0.557259082510333,-0.355090618239574,-0.216453219113566,-0.360132563521299,-0.212922372330367,-0.401142908439311,-0.879831070581856,-0.334130735083035,-0.256410880499282,1.73834684063305,-1.47781562401321,-1.41437833076704,-0.567961433399616,-1.18290469477316,-0.560191816075003,0.406028659539079,-0.805167833785724,0.260405013114415,-0.199316372878077,-0.440273789288924,-0.115019357507265,-0.845748515575085,-0.0843471203290515,-0.81848164923386,-0.340584005090901,-0.45430329673171,-0.13985309795016,-0.658589206708836,-0.46084381605192,0.399923100905579,-0.385348934671246,-1.06946438805511,-0.908994345338664,0.0680419056612875,-1.15258456782031,-0.582853130137558,-0.586973042153007,-0.826240207850005,0.0710320174721479,-0.788272595315489,-0.630010180048139,-0.487486818438172,-0.404521037702597,-0.553687972240715,-0.640465518686967,-0.556409412665815,-0.422822493899471,-0.681813947597918,-0.154383574359487
"CMR",-0.967784824162856,-1.16307256939474,-1.15373941333829,-1.19610799742727,-0.37367838768276,0.894216795660481,-0.933214063510639,-1.07212496821183,-0.966554502547293,-1.11986443480414,-0.140359456461237,-1.08933361551877,1.21543397140115,-0.513190710415893,-0.746201431305059,-0.5829440374221,-0.252038608693338,-0.803956248147191,-1.30343894408625,-2.31985818596391,-1.39585686294545,-0.676782048542064,-1.69185506709818,-0.721195912286097,-0.413314589315891,0.897196742466593,-0.694361712863793,0.630900612604416,-1.01519740910755,-0.164488728933126,-0.328191279908341,-0.216445604698946,-0.323136461710262,-0.215545201151561,-0.389794201499009,-1.49317855776911,-0.508641802927942,-0.281215092897826,1.63102276565741,0.03504340129312,-1.18529783015469,-0.566812310653107,-0.778961527616494,-0.732084123350782,-0.057325269846603,-0.483137474321847,-0.315128693891598,-0.198120251647963,-0.373379063119692,-0.693188666206238,0.479369332523469,-0.08081665297963,-0.910105850624198,-0.303530048374257,-0.435052605363397,-0.140567234602104,-0.284176822970612,-0.554589240924428,-0.235216661236683,-0.385348934671246,-0.26709801171418,-0.984374314388159,-0.434985113423058,-1.54942787610278,-0.615828260509695,-0.315989401973225,-0.703731915143184,-0.00969654642041437,-0.955558114825833,-0.630010180048139,-0.465619258278382,-0.230147351924682,-0.486270758479649,-0.640465518686967,-0.590681375474842,-0.41742181314027,-0.657907539024291,-0.151781522785814
"ITA",0.304368796542004,0.509471967835847,0.525272033434593,0.342052647031138,0.0469965872166545,-0.464966754569525,-0.187158582074983,0.585244776639274,0.949581052331627,1.10191976773189,0.671639927669213,0.800068529854457,0.0751313143386947,-0.191956288603,0.383466116102149,0.402245000886436,-0.014895096579529,1.29227536584933,0.691549700105924,0.577894616045768,0.388102938246274,-0.0329990365954323,1.19585457927661,-0.196731371407977,0.897301195084057,-0.16676244157364,1.89302668812916,0.303947057589554,0.0746743234104999,-0.611909625630788,-0.232599163266814,-0.166391256547147,-0.21156786439633,0.0112109403815228,-0.221179125907813,0.56549846657203,1.22573436934098,0.518640883087885,-1.27837842915981,0.676789700208379,0.204730561071374,0.29808887659753,1.11029284633204,0.654538879932385,0.567958982259513,1.16279547404908,0.690361120598738,0.060189610183561,-0.123976509151688,0.00189497189077652,0.206939216549675,-0.0800320123582361,0.829997981659726,0.187009800147279,0.311124201994961,-0.0759268811147173,0.71122674176749,1.97862046229713,-0.269644712048052,-0.319845863901229,1.74161357020885,0.765982398069621,0.255423503735885,1.46711646073351,0.442705366977268,-0.356192619549751,3.8881430548199,0.619247666700404,0.0019277612345343,1.2734255612758,3.39541494782552,-0.185047015658532,0.731969946260712,0.617021551027817,0.507654362519033,0.13676991041181,-0.0671948404569167,-0.129747786613948
"JAM",0.206510825718553,0.284878868120764,-0.063321630925411,-0.266161908407346,0.349814416564367,-0.101065841907172,0.947632856156914,1.79790605900454,-0.434243886599463,-0.428949217555594,0.124451238297301,-0.767870210897669,-0.938690342000916,-0.629352185310887,-0.727915665507762,-0.552093479603064,-0.252038608693338,-0.803956248147191,0.234633476063475,-0.108961791521245,-0.567179711525396,-0.48635654414809,-0.969927655504485,-0.00245128604384612,-0.372252587218027,-0.967301858124652,-0.727989330250437,-0.538004471592613,-0.241500354743157,-0.497230372322333,0.164531727101073,-0.190833612328183,-0.287255969006062,-0.217154902110291,-0.309414573832144,-0.772507396293708,-0.407353415648048,-0.311343841671118,-0.366753769585734,-0.25467810541189,-0.260990402925244,-0.520308295594482,-0.11409432060294,-0.719943050687318,-0.370627798356723,-0.667154822586919,-0.620732198587485,-0.199316372878077,-0.152554893145675,-0.825089585432916,-0.453095482043304,-0.0795138116513426,-0.705089277201273,-0.333389322054047,-0.413618506564761,-0.137354230865612,-0.714960893576621,-0.667083750771438,-0.68152012621688,-0.385348934671246,-0.787934371913898,0.692344924638855,-0.409836283690503,-0.543224991235193,-0.611754384069681,-0.325020700806165,-0.592786876887514,0.361978001137506,1.33858605377347,0.662700417359523,0.790558718576632,-0.443010590064368,-0.709688785556318,-0.530671888293706,-0.578731916962579,-0.395621021409865,-0.613981807252149,-0.153162439752187
"EGY",-0.772068882515954,-0.428107761329034,-0.886374002495916,-0.276565054436076,0.0248387668529085,-0.63578962709082,-0.203864157620736,-1.22973638428791,-0.349938245074066,-0.34933574102316,-0.441671757185275,-0.366681890609243,-1.62901822552904,-0.560589978758804,-0.427244549293616,0.144433641355227,-0.252038608693338,0.234717074103337,0.191486209621423,-0.110746374507097,0.0827285133462326,-0.44159747559158,0.112963461886065,-1.66840047110785,0.510898453760135,-0.856411864124733,-0.57164881896031,-0.00482352944890876,-0.680550489577001,-0.400212953621923,-0.35010023267952,-0.201045544368451,-0.33180605879886,-0.1776356521124,-0.354092676028569,-0.24177674616194,0.843859991363984,0.200511885637289,0.757503138598089,-0.33889208975514,-0.78421763509436,-0.54561970864605,-1.10012334395983,-0.602518299643566,0.012747656250955,-0.135549149821154,1.73510633913162,-0.198512871329619,-0.24385143706403,-0.282786964616159,-0.456729915296961,-0.0782234337286192,-0.733361753649313,-0.297120811549939,-0.430189107313856,-0.138997869469372,-0.236064701053396,-0.0296148616383815,0.142687632704559,-0.282973372029574,0.560713253592912,-0.221316538898764,-0.41506473401811,-0.297081267788415,-0.50515156617349,-0.223177027925961,-0.666730461955152,0.409782141070161,-0.431756519783763,-0.452822821455137,-0.319608800306475,-0.411702312678061,-0.701403586105295,-0.643440859585071,-0.0351100513671527,-0.416696134235857,-0.576073691963147,-0.147036008491552
"SVK",0.793658650659257,0.0889110406946743,0.47987402240879,0.571401780736133,-1.0665599823106,-1.40103165201216,0.192737898809849,0.693133214752447,0.401838676503922,0.73759778478984,0.37629907549497,0.0894584518570206,-0.218785422893896,0.913464121272094,0.65110918463337,0.151605535059107,-0.252038608693338,-0.397299905011528,0.748850074934945,0.416227145795182,0.129494032698593,0.100610269447842,0.473927167682914,-0.52620268554936,-0.166567501187412,0.661582251435444,2.33201794746871,0.160818696314189,0.0372552765739365,-0.514573314576882,-0.30623596882503,-0.153671387208578,-0.164649840411853,-0.195060461471033,-0.168491424975202,0.56549846657203,0.159363928873259,-0.261564724323727,-1.00049750441965,0.849392453431195,0.58937507282548,0.0903318141293708,0.838343655436045,0.0417684309532548,-0.520369097251631,-0.626262078528015,-0.382843814609228,-0.172327923084708,-0.161447234422642,0.482395547816037,-0.379070791563585,-0.0769747389733934,0.418883619112902,-0.175661366379932,-0.190883383825796,0.0268289746284834,0.38023477388733,-0.177524309770561,0.385793484230291,-0.385348934671246,0.451500735711399,1.95918377085512,-0.424259842783947,1.46067340876922,0.577777844670012,-0.258126406489514,1.76041798288501,0.464031972392483,0.306261293749493,-0.630010180048139,-0.136623427794378,-0.25562548322098,0.410812125450072,-0.0546501227972827,1.65080540697034,0.0478771261285952,-0.0344839818858927,-0.109555331067151
"BEN",-0.348017675614334,-0.405474061937627,-0.487918592367655,-0.622765326698378,0.811452284509224,0.124823491098627,-0.328832614614749,-1.40354076650597,-1.26933160233448,-0.985399721731327,-0.0490139052073975,-1.27242383049481,-0.165928388824497,-0.373820272278795,-0.746201431305059,-0.733170819423956,-0.252038608693338,-0.803956248147191,-1.55694633296533,-1.54597413312238,-0.800565661199925,-0.72114972510415,-0.248000243910785,2.10039886707684,-0.519016377000228,-1.14299183896021,-0.745154380027836,-1.01121299881302,-0.915489288039117,0.293231082822822,-0.293051655216341,-0.213763859754001,-0.344774183971681,-0.212225118206266,-0.374329010638885,-1.13610199114615,-0.508641802927942,-0.304412280344603,1.6239671635886,-1.38128845712482,-1.31067830768733,-0.566812310653107,-1.07012132340043,-0.966409470301241,-0.427212640512589,-0.401351986204037,-0.275312169582697,-0.199316372878077,-0.454517717373729,-0.591295811824253,0.342162018453794,-0.0749125992816918,-0.910105850624198,-0.283262900975324,-0.45430329673171,-0.140567234602104,-0.496673825731352,-0.69208253073744,1.09993929192388,-0.385348934671246,-0.857701012046558,-0.931399374542174,-0.468003535605882,-0.72139638556892,-0.61846422917378,-0.578401167449713,-0.795885311497627,-0.608139320262957,-0.993675540488524,-0.630010180048139,-0.554052890576631,-0.404521037702597,-0.553687972240715,-0.622351022303576,-0.591791539014976,-0.420603096597924,-0.667178804128859,-0.154439821927471
"KGZ",-1.48969400188793,-1.14594841141154,-0.833836017845119,-1.3424612057578,-0.658585073624946,-1.0234137465102,1.73085227269501,-0.0597170290039113,-0.444075265009333,-0.267084229817782,0.345834315813073,0.081786857564211,-0.77973444909085,1.36265013981519,-0.550214386958315,-0.761929341224522,-0.252038608693338,-0.803956248147191,0.245446475513792,0.318227885352573,-0.373296640212514,-0.412135427756716,-1.33089136130134,-0.462529348710049,-0.804953284601858,1.42857444028395,-0.789533896386491,-0.635777373495075,-0.848430734411498,0.733798338864569,-0.392548929570471,-0.165102665650157,-0.358328316813329,-0.21764407809907,-0.314180124100064,0.00494817176818256,-2.05900201742311,-0.306398880817509,0.668435343080983,-0.363307429353667,-0.145304174767271,-0.546022573337639,-0.965451844272003,-0.780973063541954,-0.857716812985323,-0.810279426793087,-0.688781652194094,-0.199316372878077,-0.393281093511431,0.386146074568009,-0.61778145372541,-0.0737739979422807,-0.440317251169262,-0.139042135962971,-0.434319602306861,-0.0930209691772195,-0.794748945021737,-0.717081310703442,0.407604520503592,-0.385348934671246,-0.859670197309492,-1.1823260237499,-0.433418592305972,-0.0210577404231423,-0.333839953601958,-0.534704428740365,-0.870701659905558,-0.608139320262957,-0.489927571775018,-0.630010180048139,-0.518071097047348,-0.0392126336809131,1.78428246605005,-0.622351022303576,-0.364149808996859,-0.413275068394085,-0.511904664215775,-0.140975583675725
"CIV",0.0760335312872857,-0.560380316344341,-0.294140329848812,-0.574837653846163,0.633695901873976,0.544525331202758,-0.538498759458035,-1.07212496821183,-1.03504520209646,-0.415790299043948,-1.89231470225678,-1.23024462095933,-1.36884655607672,-0.557249106239765,-0.682935302883318,-0.751710907516529,-0.252038608693338,-0.803956248147191,-0.490503866050241,-0.289449012280959,-0.791830863251635,-0.6633840553836,-0.969927655504485,0.176496259809382,-0.12819920560862,-0.535402061790367,-0.707206289454009,-0.00999438683071495,-0.831077360632586,-0.104794368998276,-0.328191279908341,-0.200156379489675,-0.319750309329325,-0.212225118206266,-0.364436255363379,-0.27539656221407,-0.508641802927942,-0.262246795919687,1.56643680725812,-1.37922602920725,-1.23044953824544,-0.527180016191019,-1.18290469477316,-0.862753393994779,0.087307261468629,-0.401351986204037,0.195302641207316,-0.198455073202047,-0.422186720182123,-0.569479217903389,0.349928726202085,-0.0736364850342248,-0.738324250610893,-0.331430091816144,-0.453500781257935,-0.140567234602104,-1.05989741847424,-0.665000519107604,0.422028977925676,-0.385348934671246,-1.02523188336726,-0.984374314388159,-0.475773247638519,-1.16351550789018,-0.548265752401302,-0.553223664265131,-0.684321004757168,0.0710320174721479,-0.965213390330423,-0.535444614337291,-0.37723783580466,-0.430759350774892,-0.317969223117213,-0.640465518686967,-0.576038163491673,-0.418867965103133,-0.684252882532612,-0.154431811769758
"NZL",1.60914174085468,1.52243481219722,1.89024929467496,1.75832039851267,1.07715165303611,0.527675987256961,0.664104497689964,-0.247896455469912,1.69497377576177,1.44419621650655,0.110792206278552,0.813676694080218,0.0205330965413914,0.877984400897052,1.26120596446757,0.544439487768262,-0.204258416411929,1.16763456717927,0.685825412580002,0.45034548653614,1.28567703528093,0.603965517044179,1.01537272637819,0.01716010170266,-0.151135292854505,1.07631085789545,-0.210491980104407,0.789809394819153,1.82094455413168,-0.422483777109761,-0.0615490870618776,-0.00847387604230969,0.476913491375353,-0.125197009390802,0.291404583386856,0.696202891016782,-0.484311162689499,-0.253095765702391,-0.618494732039222,1.58248079621854,0.928408759295854,0.416353477486431,0.972626245043924,1.18844157981503,1.3130078375041,1.42859831043196,1.30071454470289,-0.00644155440435484,0.234545018225339,0.471745907390249,0.979328877982097,-0.071130371139878,0.96836569778118,-0.188255821497478,0.408203766481133,-0.126563966632471,1.49777016077858,0.607854027494675,-0.403929273105859,-0.385348934671246,0.0317436441768623,-0.276608386743392,1.25947681001749,0.155037359993331,-0.343080734138564,-0.232814183588751,-0.316999176203034,0.675454934768721,1.1023000185345,-0.147507081057077,-0.290721145958119,-0.174566188457113,-0.501740518494559,1.77793597301781,-0.381781688480183,0.659709299457064,1.43177984124831,-0.114623531468689
"KAZ",-0.0870630867517988,-0.00224793722249286,-0.09790313128637,-0.55931585243161,-0.388098004855732,0.491426395791993,0.425191769231538,0.370910255050215,-0.0702333281037112,-0.142911527573909,0.683243841342155,0.0906824407573247,0.176589097187187,-0.116983404628992,-0.487653478703795,-0.682004267381113,-0.252038608693338,0.637596423339907,0.596474161495962,0.584348778197879,1.25490895486757,0.171288877518455,-0.608963949707635,0.490482218431447,-0.761109006362809,-0.929288545265153,-0.709043158161949,-0.356190976045791,-0.753075800710851,-0.122118497975613,-0.240207179113707,-0.206854280857611,-0.370223239067937,-0.212339629888955,-0.359084862106377,0.230663334915346,-0.620343388829461,-0.125787300254507,0.315521758772483,-0.0470849713439944,0.791581762880169,-0.520308295594482,0.851035351310818,-0.38452199094178,-1.0405154071128,-0.0895448127548865,-0.970869943462165,-0.197418348946437,-0.271895315813052,0.0692371859018879,-0.416410735290309,-0.070518833373539,-0.345903354086852,-0.203261671912063,-0.432072805180132,0.0605894682265006,-0.940077826751764,-0.590004179209598,0.469015668384489,-0.385348934671246,-1.07237398621477,-0.421712721907068,-0.458596316643279,-0.463169487480364,0.259165302768442,-0.453194511560905,-0.829288844167176,-0.389982973536039,-0.193929641511897,-0.537036136248475,-0.527750447188533,-0.218086735075041,0.257165238117172,-0.421403002162112,-0.369042669528413,-0.372091938997865,-0.523823332199672,-0.138105214431685
"UKR",-1.45707467828011,-0.557964114203546,-0.456215393874271,-1.03472815096624,-0.494057062781227,-0.333186391181688,1.13425920497277,1.00209667908196,-0.192048310274985,0.390035664173597,0.751109879184859,0.798753093228416,0.177326671312132,-0.326853845091302,-0.530097131655005,-0.512958459150887,-0.252038608693338,-0.182011252763237,0.183220646467399,0.452680185059553,1.48225906101603,-0.314366588787636,-0.608963949707635,-1.47320348969321,-1.00201333668695,0.418740522512115,-0.623974087513267,-0.130945110729794,-0.811577412107113,-0.591603126647593,-0.392548929570471,-0.152897284297391,-0.341001716087411,-0.211615664333741,-0.29294203603062,0.519286745306008,0.384982072833379,-0.166544396488105,-1.07962970500712,0.703516258984058,1.85701920350774,-0.260967027988808,0.0923402177495963,0.364965596201331,-0.334776660061506,-0.917622879947712,0.0208846857779144,-0.190840003283783,-0.168084896090158,0.133721266633044,-0.201977101602967,-0.0700057565111555,0.160923689029852,-0.120189557704042,-0.325089081962235,0.594144128566207,-0.614414199040541,-0.175441078106728,-1.79518486337521,-0.385348934671246,0.858730216124356,-0.228205177925258,-0.396821960765457,0.248957082116141,-0.46726492858951,1.53184414145535,-0.534441068689716,0.271296153774108,0.756897419622982,-0.558119806541367,0.643067064473792,-0.196764188485803,-0.694349057592871,-0.404436956010078,-0.539472111201609,-0.311808465126705,-0.0592630258968793,-0.0300245943866454
"THA",0.304368796542004,0.0251899797798916,0.00160103860550561,0.185404496326452,-0.567773120356368,-0.540205923149178,-1.14555401629814,-0.10856255943257,0.63678189639918,-0.480613688057365,-0.540470482326049,-0.138950624166264,1.07162890266471,-0.486401113487037,-0.0234508555404741,0.261085569745108,-0.222113926400775,0.413494785327063,0.739015594948701,0.728025813046023,0.381527303835763,-0.321466589153466,0.834890873479764,-0.0557840729804615,-0.447131523924956,-0.841713353865986,0.242308068085778,0.112406847531101,2.08043155932272,-0.514573314576882,0.417001383982379,-0.196265839961427,-0.357310302435029,-0.182529696540119,-0.355974310104203,0.183978989856144,0.987496114599663,0.0933248815728687,-0.899806452799199,-0.815773378756543,-0.213882285391141,0.344435009692077,2.35020368095197,-0.411519682712167,0.244975628324972,0.155811651598544,-0.235137839746273,-0.186138264878887,0.324399562637947,1.46799786696374,-0.819472560019793,-0.0697113431752775,1.59224520419446,-0.280832071051503,-0.397210249290168,0.144970368574797,-0.535295671165428,0.0391317832681245,-0.789684009948636,-0.15809358666708,0.358854348994163,0.741657489162042,-0.386882371327699,1.06548546119357,1.65475253015402,-0.619836806971053,0.394875473642966,0.685003730570158,-0.499775431322563,0.908040617812616,0.0665890666220028,-0.450512819413329,-0.599464466256909,-0.275941404867497,2.76000961121009,-0.366182622574509,-0.533385417963699,-0.133145470075959
"BLR",-1.39183603106448,-1.25699344681266,-1.69927953310654,-1.42517539089286,-0.494057062781227,-1.85165805266166,0.477961003169321,0.370910255050215,0.11615751256213,1.01654175532067,0.677303286335211,0.701524593313884,2.07032842731007,0.0405003051938055,-0.165773688221382,-0.278743404460859,-0.252038608693338,-0.234889167350537,0.544858029849633,0.50867195347776,-0.526646323293444,-0.0606080866203514,-0.608963949707635,-0.137591576151616,-0.852068680107593,-0.586183808989327,-0.0441414821293069,-1.60890602879269,-0.682298430494021,-0.605582326727483,-0.396429667247031,-0.21797637591137,-0.394594237788894,-0.195060461471033,-0.404265280752626,0.418160414305738,0.84259794422798,-0.250946855942225,-0.942500218662318,1.01505063339892,0.94669873458698,-0.099775109674048,0.741803321915635,-0.750448875528894,-0.334776660061506,0.242708732723717,-0.0677739483538458,-0.195633835066187,-0.279884637311498,-0.628779637116576,-0.565201150548059,-0.0694460111190491,0.160923689029852,-0.155756627962187,-0.427506087087118,-0.01520493176262,-0.901557642764832,-0.465010279379587,0.60735610251743,-0.385348934671246,-0.933583301426176,0.322978911438721,-0.299388026420388,0.677738755650071,-0.34771295947919,0.487064008097102,3.4129672741529,-1.20249997499947,-0.6070090002291,-0.630010180048139,-0.303703723047402,-0.259006683667661,-0.716444466935079,-0.36757951088697,-0.18267002495408,-0.335610812372342,-0.030019036568109,0.0606625808168183
"GHA",-0.380636999222151,-0.266226620009885,-0.363748558880164,-0.185538256706382,-0.144075651306602,0.465324404313203,-0.886075607586899,-1.07212496821183,-0.758625512221989,-1.05763246720766,-0.0411600841922101,-0.898360164731703,-0.938690342000916,-0.629352185310887,-0.727915665507762,-0.527491136025858,-0.252038608693338,-0.803956248147191,-0.51179718886865,-0.275641026665291,-0.367702443773722,-0.621179642036096,-0.969927655504485,-1.76436892439207,0.74674085788671,-0.107404958552758,-0.639140739572027,-0.5768465927705,-1.10629848280658,-0.553007402466824,-0.338787647970601,-0.199486529890586,-0.219249833519047,-0.200622750339003,-0.368281634524103,-0.713284256244597,-0.508641802927942,-0.256542916892218,1.16126864729403,-1.12029509831687,-1.06441914296022,-0.567961433399616,-0.778961527616494,-0.116959105283324,-0.199876603499917,-0.483137474321847,-0.0667557306548998,-0.199316372878077,-0.027273111111167,-0.837680086935049,-0.660603872453877,-0.0677743914683521,-0.852149815818329,-0.337484446989817,-0.451628183145698,-0.138995860311924,-0.316305452630897,-0.448344426068919,0.333941515874401,0.549407611655375,-1.0485388019506,-0.984374314388159,-0.408255631742565,-0.837447523112752,-0.610861010304128,-0.497636336727575,-0.780786164543234,-1.73223193023142,-1.01156474235576,-0.556105588268367,-0.212236255227579,1.05158369332174,-0.317969223117213,-0.640465518686967,-0.574484000214454,-0.421011131840053,-0.608057966879843,-0.154420884741275
"MEX",-0.576352940869053,-0.382741331405707,-0.354408764007643,-0.946519196852427,-0.89160099119127,-0.9659826725733,0.00902864280737274,-0.618770677731112,0.17857248175136,-0.236000640892913,0.066413523891176,-0.131667840541128,0.129971070921815,-0.576495474722922,-0.654581163311492,-0.567202628625346,-0.134925408019734,0.802525156933624,-0.0493640864626475,0.314967708764343,0.394335069366682,-0.299778364053873,-0.248000243910785,-0.073714484634409,0.297148371754316,-0.648327529325276,-0.486470844483582,-0.413639629283396,-0.590675115576446,-0.18514291297245,-0.178558743909113,-0.193322369589992,-0.295489855554527,-0.133939387345369,-0.347788738531175,0.502704981065986,0.644153127390305,0.449971013945507,0.144227421336226,-0.299540469507575,-0.208351600090625,-0.518409480479741,-0.555993240244202,-0.77635503942416,-0.0694580761767916,-0.4064635792114,0.320074525383135,-0.194532451727029,-0.0890453835473586,0.922351824797268,-0.521922991623967,-0.0648108705898074,0.375230846253009,-0.29982138711075,-0.409955751251892,-0.119024834819982,-0.751591542125114,0.364115922826153,-0.793443627370288,-0.0210940158050848,-0.167209586958756,1.41958387699213,-0.264131488150534,1.25690247828352,1.06437054404664,-0.614002326186062,-0.371276709317237,0.673326141181409,0.339698067945324,0.164680392853118,-0.484548104278621,-0.406170280996561,-0.337976290323034,-0.292188941330275,2.87230108817676,-0.345017737203854,-0.560576271095789,-0.143922839727346
"GTM",-0.282779028398701,-1.1530466560724,-0.482009608795826,-1.23603206543773,-0.3078851997501,-1.08324915074657,-0.7058700961423,-1.62469217098563,-1.07827378489347,-1.05763246720766,0.489515360533973,-0.734393527773491,-1.95378476093354,-0.655246359805691,-0.760839446389099,-0.81146183401858,-0.252038608693338,-0.803956248147191,-1.10013278672603,-0.803313757741899,-0.144817880396575,-0.612642687087852,-0.78944580260606,-1.22834130554393,-0.307327809681376,0.0678330424155087,-0.700314176227736,-1.29889006624396,-0.50726087638117,-0.431993282270345,-0.328191279908341,-0.188422403400705,-0.35461597122167,-0.215219083825709,-0.351268626054032,0.379616911149377,-1.06742941434904,-0.257724025507688,0.898356085940636,-1.18218845287908,-1.17333883238755,-0.574556223287312,-0.778961527616494,-0.603782572243408,-0.356400350918346,-0.65182004356483,-0.232999452395304,-0.198575002157287,0.271659541620391,0.089224083522792,-0.286046559181761,-0.0623943547332369,-0.852149815818329,-0.339576362892359,-0.450833311714234,-0.136823964449784,-1.13251019855895,-0.694165762401273,-0.0274873689325486,-0.385348934671246,-1.05119301769308,-1.06074490556954,-0.405082292339322,-0.282114072027126,-0.417638786988595,-0.129978193167673,-0.731670492976271,-0.608139320262957,-0.308609554564298,-0.565717000483621,-0.568664912174641,-0.414348257768482,-0.317969223117213,-0.640465518686967,-0.508713157566089,-0.381013142795518,-0.610804193028602,-0.154433298109671
"CAN",1.15247121034524,1.50791335487353,1.60401731313677,1.5077642469974,0.920854909149203,0.438610760625039,0.200160985038548,0.710290517262254,0.607498956002912,1.66739538286114,0.745963167683181,0.893068479692896,0.455893615152822,1.26886465176626,1.44855768108829,0.84850703841512,0.092238776032179,2.31961770640258,0.926640798211004,0.2897179530162,0.843342941427646,1.72316541540549,1.73730013797189,-0.0348482798276926,-0.921155345123152,0.643911515361704,-0.632235348082304,0.634262883718877,1.30864556348335,-0.422483777109761,0.658801978920078,0.0336129216382004,0.431978275510406,0.538977194062882,0.284424752104535,0.59364464877412,1.06007001839164,0.282110376471757,-0.923865264026274,1.58248079621854,0.883512714953984,0.657224651316405,0.880331157729061,1.17726656864329,1.66016920257193,2.1442213314628,1.46919520534873,0.0788645570044644,0.590866406775917,0.182789967435233,-0.0978204944103144,-0.0615541827159411,1.70675678754656,-0.117241700009074,0.570179987283005,-0.126563966632471,1.12067967992374,2.48484575660867,-0.51838405049943,0.465571432840273,1.86505402222996,0.569344259372629,0.69565363823195,0.597120623088574,0.21309521573232,-0.150678129153122,-0.514764530608458,0.75034808731328,-0.454763435706373,1.6516074459784,-0.491121044242301,0.31275417541735,0.0165477719079693,2.26408348541672,-0.228539617578342,0.881677208941047,1.50150205974398,-0.106619162206189
"MMR",-1.91374520878955,-2.09622712268001,-1.71794627192714,-1.81925425608754,-1.12496773037521,-1.01095845967641,-1.49391281416828,-1.12700149148415,-0.735076864277873,-0.267084229817782,-1.33671440226605,-0.952715524393823,1.6080931391489,-0.696094377149474,-0.751510610415223,-0.794472123734054,-0.252038608693338,-0.803956248147191,-0.63310279907275,-0.458192848836345,-1.75364007553523,-0.672240082993349,-1.15040950840291,1.19272271576495,-0.167888372084877,-0.320391253508,-0.755359933161246,-0.968302345266389,-0.686494239168303,0.036255225700311,-0.293051655216341,-0.218117383020007,-0.356640787773103,-0.211433008814906,-0.399318817849379,0.590599939334886,-0.64667652484333,-0.253133257517669,0.0903320222913833,-1.34872182263052,-0.636494086998083,-0.546022573337639,-1.27649036201463,-0.576464610288065,-1.23993665377333,-0.738717124690003,-1.69482968373623,-0.199316372878077,-0.360852446949199,-0.612438035522516,-0.107572387875,-0.0602318153856036,-0.910105850624198,-0.333127088340054,-0.440372868463005,-0.132125722450688,-1.11400490557998,-0.744163322333278,-2.38753074263943,-0.385348934671246,-0.156550658305801,1.09587641828339,-0.40647821252446,-1.08181590069074,-0.418101843014222,-0.458541453588161,-0.662907105050875,-0.00969654642041437,1.03613398921665,-0.561281256730053,-0.404084002722699,-0.422115253278565,-0.700904079948656,-0.640319047143252,-0.131045737566103,-0.426332888637611,-0.684438047157318,-0.151666523019798
"RWA",0.434846090973272,0.264014424361583,-0.0345558967430441,0.142634563098281,1.75074003577714,0.757516806780103,0.278960590564787,1.60634341479195,-0.431812106369682,-0.296383376904583,-0.998918495623897,-1.31496101347831,0.886922719581913,0.00268447695587627,-0.709808004005974,-0.0778893508120315,-0.252038608693338,-0.803956248147191,-1.37526720128376,-1.20852720815494,0.673995819407713,-0.720376593380999,-0.428482096809211,0.109766602801768,-0.924189522346552,-0.151227415103393,-0.687793256412168,-0.130945110729794,-0.824610266185336,-0.147471745310645,-0.200514777835129,-0.194826759361956,-0.0119987823584463,-0.211021329930693,-0.358816518680621,-1.49376565921646,-1.06742941434904,-0.307118909965583,1.38844347430758,-1.07751056295277,-1.02533069978502,-0.527180016191019,-1.24827433089593,0.221036733274985,0.223083974373565,-0.65182004356483,0.466377721600501,-0.199316372878077,-0.453068072651291,-0.206679880131408,-0.685390214642074,-0.0591108012962659,-0.765308682263895,-0.30723237067212,-0.45430329673171,-0.118069292929017,-0.153671454974474,-0.700415457392774,0.668747726959053,-0.385348934671246,-0.860472875272187,-0.828158439385894,-0.460169281006936,-0.653957397210398,-0.554585977529093,-0.495632328773921,-0.737902436500785,-0.608139320262957,-0.215428712062691,-0.630010180048139,-0.531461984116643,-0.45927621338569,-0.317969223117213,-0.615312373235369,-0.489679882454799,-0.423215096895772,-0.561219364117391,-0.154221417566038
"ARG",-0.902546176947222,-0.580227871756078,-0.689182767365885,-0.520602433140052,-1.84208415048662,-1.40234698208125,0.38024658675828,-0.142898692133321,1.54014278735828,-0.464105148413756,0.0402059265737108,1.78260344391341,-1.20215963572978,-0.310360603855603,-0.256088298071923,-0.25765183483779,-0.231421958044223,0.656481392835371,0.815708213070702,-0.534829779678844,0.555438112424184,-0.240542265151167,-0.428482096809211,-0.828421811523519,-0.21656135089529,-0.370130437800314,-0.350806997628326,-0.975532644281478,-0.973978538696478,-0.400212953621923,-0.362363235071446,-0.18819833216313,-0.325626780835548,-0.189287709229866,-0.339907749642825,-0.464809058636268,0.501356516526569,-0.00395077688988767,-0.192459365999234,-0.207433951364219,0.23559170140863,-0.286947190673204,-0.250977795803723,-0.285285028959769,-0.557374034173833,-0.764275089726819,-0.787630278028015,-0.192711977047713,0.363008321519585,0.29916124070165,0.445551454338565,-0.0590821354634687,-0.525568424991751,-0.299853990444348,-0.404842719409219,-0.126363489684622,-0.611146001866556,0.301618972911148,-1.65570339578499,-0.215765679467762,0.193722275616614,0.569427698235015,-0.230670270406307,-0.404094772754969,-0.505288450501249,-0.00891728547939701,-0.0460908460997692,0.405095108987164,0.4318042360339,-0.331042859768973,-0.305850503428146,0.17354446778595,0.172618018089177,-0.536041510975749,-0.579400219229956,-0.322918622793755,-0.193065625938128,-0.12614198022728
"PHL",0.0434142076794683,0.0057738808232538,0.00806608167833084,-0.528484677892348,0.703287633953011,0.488120575533977,-0.409061299764508,-0.618770677731112,-0.523517719492674,-1.27324385044027,-1.22969162513714,-0.200001055486171,-0.0474771108756987,-0.672932102201486,-0.695091489393808,-0.516965870368489,-0.252038608693338,0.155400202222388,0.395060356047891,-0.0338350346498713,0.599308389759977,-0.581258486998585,0.473927167682914,-0.11884614578613,0.558047213536748,-0.579175253992702,-0.488290576386969,1.52467400512475,-0.260090464594561,-0.60494414815446,0.0750263556447043,-0.18110758976143,-0.333160026292565,-0.192812356515451,-0.340702509479806,0.502644651003086,0.741474097555094,-0.000867831905619408,0.52674269784833,-0.783563334946921,0.0646350886858322,-0.511445272379517,0.426677351323417,0.0756140854805247,1.10126877273022,-0.994296775058159,1.07838197815618,-0.197159745376343,-0.256423192539984,2.24026570748129,-0.123507641665688,-0.0589554241735683,1.21031108564183,-0.256861026312647,-0.442078429808455,0.0666513796212925,-1.05790294944824,-0.240021259685567,-0.284093005451028,-0.315600780647716,0.144147336624615,1.12935984503913,-0.454522172639218,0.763227587133891,3.44536360603044,0.566638608056189,-0.397604825445533,0.558420693720451,-0.229798680614061,0.425589723431384,-0.392030918545456,-0.41498607175959,-0.468900450425636,-0.494813772775721,0.878883540587468,-0.409512720406515,-0.538714350522228,-0.123883674702898
"BEL",0.597942709012356,0.979042452076878,1.09035930885758,1.31650498174889,0.616449026275608,0.527675987256961,1.41591905828281,0.795022432804377,1.65049675097271,1.2840712541698,0.861647797190304,1.04051215467744,-0.60644978514827,0.375200040485793,2.0509164475409,2.27343298231661,-0.0321178266023074,1.29101636788297,0.780973852430204,0.369753077714699,0.192060703395612,0.352214003595168,1.73730013797189,0.179094131952426,0.0831273963249302,0.115110486477222,-0.244177022056821,2.06684527989942,0.218464591765307,-0.422483777109761,0.121929835746221,-0.000195587635503702,0.202960636901814,0.0240013523995152,0.233076265719631,0.56549846657203,0.782974399009806,-0.118048616991632,-0.860874201726608,1.48831645519592,1.59457666124089,2.25482806182026,1.61357343527371,1.38814020849191,1.3724876769033,1.8119677859842,0.902199808526891,0.132803478438794,-0.152968424775646,0.358523231267888,0.871613972177369,-0.0589155412757636,1.6647310377485,0.199549609292607,0.724312197137471,-0.098680634360577,1.15498215700465,1.39114913309608,-0.10330672368037,0.228460449006828,1.45363784785575,0.955365135073621,0.265407886979732,1.09330165558393,0.726332571910221,0.161711006698282,-0.307867449580175,0.514975878943212,-0.391062979774651,0.50108026925069,-0.157868792070167,0.191414115659545,-0.0942328224272913,1.47164874893777,-0.200644165372727,0.574372008811378,1.39193826120775,-0.144106084991743
"FRA",0.336988120149821,1.0976564298271,1.07449162989166,1.19289276735665,0.494901691944236,0.57339357348505,0.797893133500791,0.914900751841514,0.707476311245238,1.13186188252319,0.282440003474711,0.657223228632531,1.13991034808648,0.268059713113113,1.24788304610985,1.21684476770124,0.866778597104168,2.12321402364975,0.818128842280095,0.662311338611925,0.788578702605784,0.463008643481945,1.55681828507346,-0.0244567912555152,0.288704169618328,1.50695640656194,-0.248914159972211,1.17467210185053,1.16204212339127,-0.514573314576882,0.248060490505735,-0.0688529927314805,0.248918351981681,0.867913066768555,0.0942376247007255,0.56549846657203,1.15693498359219,0.69595108809065,-0.762141919628233,1.44309554745462,1.43768145147087,1.07432124717796,1.24939228938942,1.62786500093449,0.972191607891565,1.96531557620509,0.88056508077011,0.202661832580039,0.14715942359082,0.098621316235034,0.817741106898824,-0.0584380543603795,1.61151254457994,0.450536856761527,0.991857936356642,-0.127434348310564,0.200215671499654,2.37026801509783,-0.746126708632134,0.378817110558447,1.7777805049263,1.39810253614893,1.00532317042047,1.22760090039073,0.900001869474796,-0.0944476725780787,-0.111125659280799,1.00636612496062,0.871684398970618,2.93461757579212,1.69244486196296,0.221965849424295,0.143933884459131,1.42065075589648,0.140033306542571,0.371283243874519,0.839024508482878,-0.0549397782217318
"AUT",0.891516621482708,1.29833895426112,1.29857217147034,1.8023125645402,0.624998273837223,0.308740687852751,0.357356392267811,1.04403571440507,0.718083882935947,1.28423988331679,0.756613031973084,1.29622586448273,1.21841477049439,1.41542620490212,2.0132467965424,2.24466615652774,-0.147129607998904,0.912057980007316,0.954398715516092,0.900256488525308,0.760558648513236,0.47717450355187,1.73730013797189,0.156120792020804,0.561992162497181,0.958062294404303,0.176632239004138,0.523069219738601,0.548242042351493,-0.477313885295003,-0.205551088001694,-0.0389859570610833,0.0448672658235512,-0.121371740668183,0.00453304071613597,0.56549846657203,1.20494085900862,-0.163850108893273,-1.10417020035868,1.20418180955568,0.79799608227971,2.0317477611043,1.01845537563088,1.92610369408471,1.0656295425897,1.97553876221982,1.03594877009351,0.274812064214403,-0.16481028713694,0.0921851263394388,1.1466351484353,-0.0577999279955041,1.7182153909338,0.518389045778866,1.44334688816041,-0.098680634360577,1.23410050650683,0.980752495320874,-0.723901873250883,0.0965075777036872,1.59577492190233,1.07169761854795,0.117696338162541,1.72916667439914,0.69481515450824,0.165438054150415,0.060012576446597,0.150245501869402,0.00989076813342612,1.05053849900486,0.495015132568285,0.102936652032929,0.327563647773993,1.96149551646952,-0.201998822802043,0.803579754767823,1.14562775596824,-0.11632681739146
"SAU",0.597942709012356,0.713846091978432,0.388406475299995,0.368122443613445,1.3753728434262,2.0785438012484,0.586978755690972,-0.0710758635634616,0.985193425936284,-0.60897771117982,0.168372348701816,0.730671367723099,0.773721434566444,-0.263493913266742,-0.318016586181342,-0.291360706136698,-0.00884912944328178,1.184001540742,0.818621695735243,1.31191122976062,1.50478306246696,1.07493015159573,0.654409020581339,0.645437650963619,-0.689799169540929,-1.14481021464603,-0.365985729992461,2.0881307623049,-0.178888797662476,-0.422483777109761,1.68356181739823,-0.176506748704023,-0.296349760151776,-0.167255779057549,-0.281792141445198,-0.236287230542471,-0.890657082387682,0.17281405027821,-0.0289719177985918,-0.167693998845104,-0.204259460335276,-0.368032217338675,0.490850992071781,-0.684062944972875,0.848730278779541,1.35703600832888,1.90447413229251,-0.159763870609439,-0.27233729185107,-0.291639033390483,-0.562524891581722,-0.0545951709781544,-0.746067135768273,-0.127863333280771,-0.306353537717033,-0.120664229315041,0.698857375738151,0.316201594557982,-2.00008891132749,-0.354194906487461,0.232420500262138,0.277507631457743,-0.392775543033526,0.377548138812289,-0.439579672959433,-0.537032842675608,-0.506933230346521,0.671900266489287,-0.669118052098614,1.32314882091628,-0.428788795476712,-0.446971862600308,-0.631408662024731,0.399338027274762,-0.326307270505198,-0.386678363329736,-0.590313882790736,-0.136220206376056
"UZB",-0.0870630867517988,-0.47688587892486,-0.790819989920937,-0.974963088151344,0.558198034945774,2.61839259146124,0.82627564097554,-0.637522973918672,-0.432343219889867,-1.29318442796637,0.357673289002011,0.176831019394197,1.47737283434936,-0.623363221361235,-0.54755666507512,-0.700088756518553,-0.252038608693338,-0.320501029063309,0.317397946075085,0.0780818779035818,0.400125553399818,-0.405513829859026,-0.78944580260606,1.41415311195737,-0.907380296057804,-0.998821307677174,0.860053257962878,2.04894148966898,-0.560064407871778,-0.438874228140977,-0.370622881569325,-0.208493151526563,-0.363950444262383,-0.216412495681941,-0.362045788933466,-0.216591428773029,0.766539067198009,-0.219493784476469,0.499779865051566,-0.299540469507575,-0.548696668724318,-0.517499753173116,0.626942352678079,-0.597941303241398,-0.206261755796439,-0.789833054763634,0.459295868330659,-0.199316372878077,-0.305669375212914,0.61113276870901,-0.580553579255027,-0.0513843207403066,-0.452257405058657,-0.163370048969804,-0.450819183422581,0.0199692203773128,-0.853082122436545,-0.671250214099105,2.00357695631849,-0.0629608978316239,-0.913278569382685,0.184922060013175,-0.444249217944348,-0.133421824253707,-0.520084118628976,-0.362401105967804,0.00665650664361818,0.148106569131386,-0.233832216713191,-0.584436481833934,-0.431712782810561,-0.368326455201126,-0.683575116381221,-0.544757862485932,-0.256748340384526,-0.406768243401467,-0.602684349805315,-0.132685034484601
"AUS",1.11985188673743,1.58846665447657,1.92472112845939,1.56179239825423,0.867139439690057,0.287029712494723,0.6485099481655,0.0832908381604232,2.18377958298387,1.49566026863968,0.745963167683181,1.70516111276278,-0.555755109336539,2.18344243169098,1.84918693196834,0.72958842898036,0.0182831937926536,2.51098539728995,0.928152215473454,0.896871192134424,1.17227187764892,0.880405643351787,1.19585457927661,-0.0808968370298846,-0.327540111396577,-0.377326784413083,0.653288994564132,0.789809394819153,1.48654551156159,-0.0875905361241462,0.420139316448123,-0.0304996602709908,0.242112041487119,0.236054580385148,0.129519144870298,0.717597336132556,0.757915856154376,0.122748504776831,-0.677296211905052,1.43409030452276,1.74309677771447,0.441544063359697,0.972626245043924,0.109919615167289,1.42028329109326,2.26689956363951,1.18517291842717,-0.0660179700320594,-0.00295314125926222,0.117852108328572,-0.301622408365998,-0.0506453792726473,1.6647310377485,-0.154747859086624,0.246481465748802,-0.126563966632471,1.71531977927294,2.10153113046331,-0.383872822006127,0.533975397939113,0.0160788422762741,0.107904045861201,-0.136895475579296,-0.808401816293641,-0.353923462953626,-0.338755134716405,0.343039001750416,0.761515963783981,0.291600902408919,0.794617202397388,-0.183565653916717,-0.288397766696054,-0.448934506428225,2.45604338057668,-0.345723482401167,1.0334690960177,0.797384010155285,-0.0981947599363709
"MDG",-0.902546176947222,-1.29150740079602,-1.0309251845077,-1.128003230993,-1.29546411445633,-1.05598547392435,-0.793841975919094,-0.627446462920848,-1.57933521884221,-1.11986443480414,-0.389523952612037,-1.40136122262598,0.191967588749659,-0.664919940371313,-0.749552514547713,-0.804709153317766,-0.252038608693338,-0.803956248147191,-2.72805239174904,-2.44896060854794,-1.36827845594017,-0.719069032358065,-1.33089136130134,-0.444904569072915,-1.13872888408147,-0.33890035247399,-0.764373487775611,-0.887628518352368,-0.946662409363757,-0.147402243742999,-0.309905841237225,-0.180601624206014,-0.356640787773103,-0.212225118206266,-0.302206957462419,-0.435121439960905,-1.31863431734333,-0.305032641809827,1.48214609763967,-1.40978497831365,-1.2173585797283,-0.546022573337639,-1.18290469477316,-0.54378322811787,-1.23993665377333,-0.483137474321847,-1.00942110955864,-0.199316372878077,-0.339435706851267,-0.528478755330521,-0.0491477054284633,-0.0492709426035088,-0.765308682263895,-0.336971323841165,-0.45430329673171,-0.140567234602104,-0.728208722113696,-0.69208253073744,-0.825026801082095,-0.385348934671246,-0.988694087687216,-1.25417272871467,-0.459339694773342,-0.95653812145644,-0.581089875934701,0.338894725386691,-0.766718546550266,-0.608139320262957,0.572521287576737,-0.579821572596163,0.580054103547987,-0.296324329799644,-0.486270758479649,-0.622351022303576,-0.555697645984031,-0.425084432774898,-0.666767331086196,-0.154621193813336
"GRC",0.565323385404539,-0.000937996200003302,0.455097183048712,0.151257097978471,-0.00359258449104984,-0.497156119678022,-0.296635388199643,0.224017030492131,2.25171752065774,0.33152078630356,0.851637334113228,3.66104742712429,0.494212115420862,-0.375743749369807,1.32057213917192,0.571821609793206,-0.252038608693338,0.303961962253371,0.824815220821589,0.435575081737319,0.643963817473143,-0.0256379906512133,1.19585457927661,-0.64438039872315,0.694366350922973,-0.0653451354108372,0.896055454638066,-0.0611664538500069,-0.242363178463909,-0.477313885295003,-0.228771542481678,-0.122556397416602,-0.163077561488019,-0.198911345201515,-0.139056523455136,0.56549846657203,0.613977716327891,-0.21750206089837,-1.15582071940177,0.310214898713841,0.785572507489612,0.269400891117791,0.424259693173217,0.267716953969471,-0.841489187972343,0.3142710348268,-1.30176001875101,-0.144480458042616,-0.320418700491229,-0.337391622975036,-0.479392454371193,-0.0464103140620091,0.32640298302499,-0.126275529041332,-0.202415649783615,-0.13481527857741,1.29263386327362,0.539107382588169,-0.239157188607501,0.0579802022719979,1.67985222332335,-0.339206852372591,-0.415900541040613,0.151651544013993,-0.248907643688532,-0.360420101388919,1.69534604456132,0.460997812719821,0.0300845868727333,-0.459631627572804,0.206892633547839,-0.182865037200672,0.13615059248369,0.375597543718532,-0.0668445321412881,0.0391782762773983,0.0842911980936441,-0.145766107256948
"HND",-0.739449558908137,-1.04067152519376,-0.762866659055053,-1.25727694810932,-1.81952404529873,-0.234418938376495,-0.12683086968182,-0.0597170290039113,-1.31025892242808,-1.05763246720766,0.463851161665226,-0.886477286283149,-1.06455814805354,-0.613746929897523,-0.688099204655292,-0.760804290743479,-0.252038608693338,-0.803956248147191,-0.836975737906395,-0.92865752713553,-1.10196526231451,-0.561901811065387,-0.248000243910785,0.0137472108480774,-0.461086126036546,0.374164371800637,-0.678408672033499,-1.29889006624396,0.341877299132706,0.603422861940928,-0.259856236452644,-0.188422403400705,-0.384170192094779,-0.21764407809907,-0.351268626054032,0.341314372088327,-0.490856527586274,-0.300332658531823,0.78069867592462,-0.945264975191899,-1.39059900424186,-0.571004236470749,-0.331230439492657,-0.949305572687694,-1.11143577814889,-0.483137474321847,-0.766441817153071,-0.199316372878077,-0.0816483624659306,-0.221416217631737,0.0145111896020756,-0.0459369816151459,-0.910105850624198,-0.341765188143142,-0.442679070969725,-0.140567234602104,-0.945481573645569,-0.773328565626947,1.21966559233342,-0.385348934671246,-0.114475056443674,-0.784523203280087,-0.475778549495428,-0.696902095303027,-0.538246540819433,-0.479631387708775,-0.521836042090289,0.0710320174721479,0.0801984971436856,-0.630010180048139,-0.573578779634589,-0.404521037702597,-0.317969223117213,-0.640465518686967,-0.574220044983457,-0.417047619635677,-0.628389242435408,-0.154205420421526
"NOR",1.47866444642341,1.82001456877805,1.55314911335452,1.89643549657212,0.871737366054771,0.934889445031893,-0.179032108315889,0.695896539029689,1.50980939816881,1.05656248977962,0.906323130856292,1.40268335419575,-0.194014834605977,-0.222418876118369,2.18444438454362,0.906342115191367,-0.137499677657823,0.861698061352747,0.935674391332635,0.642386089298633,1.12089359982948,3.62579040458687,1.19585457927661,-0.0314863276425762,0.281133364334992,2.61090963686998,0.120311750401179,0.772523841684138,1.47282950593163,-0.422483777109761,0.0696122396911048,0.000627108132916081,0.354520136041871,-0.0472133216134163,0.287551249722176,0.511680494353038,0.625085262524249,-0.18502180684136,-0.798339027944046,1.58248079621854,1.75926245617432,0.634272060528898,0.725215919188982,0.658198002250946,1.94113613031209,0.769202812482119,1.87899108281866,0.0309869747081561,-0.324059044949537,-0.485279755618038,1.36388814705725,-0.0452336300944857,1.32207361719715,0.0305432073639343,0.487705304432488,-0.098680634360577,1.18874844861381,0.8953399971037,-0.147857054973859,-0.0707360996752832,1.76007175324332,0.0897318510601524,-0.261503176159629,0.104133053296313,-0.155941403307221,-0.162503239371611,-0.262968670703036,0.694231076669352,-0.664985042972054,1.09533479925541,-0.350059210879594,-0.193050356822672,0.813117330979824,2.61379512734843,-0.374437005788782,0.882222298079389,1.85307133122852,-0.0960877223522057
"ETH",-1.58755197271138,-1.01139326170227,-1.26974059606194,-0.79987949913039,-0.926252581155968,-1.04390827532269,-1.29480485290553,-0.692733954357833,-1.14540226588964,-1.11986443480414,-3.3745664568314,-1.27655463607227,-0.750449487697354,-0.655246359805691,-0.727297249908972,-0.561456503027949,-0.252038608693338,-0.803956248147191,-2.64733634391039,-0.973488050191844,-1.67507596589921,-0.710834677983203,-0.78944580260606,-0.306453265449495,-0.956232184336126,1.19963807247699,-0.787340726154968,-1.29889006624396,-0.824610266185336,-0.413140772852733,-0.338787647970601,-0.209138817207947,-0.375645601202593,-0.216618335124048,-0.366328613294471,-1.27058826679906,-1.0287084227453,-0.218041384154172,1.53701747588988,-1.39669027490779,-1.16829131378102,-0.570700913302424,-1.20878965301221,-0.754514740142799,-0.700526401483282,-1.22943005339686,-1.13846017137809,-0.199316372878077,-0.443376708196454,0.305908439894462,0.370873011586982,-0.0417444304657095,-0.910105850624198,-0.326763506922424,-0.45430329673171,-0.0572702466786558,0.134118864206322,-0.435845036085917,2.06317369052797,-0.385348934671246,-1.09976045837886,-0.984374314388159,-0.475041546343273,-0.936019551140743,-0.618215028723657,-0.447284613906576,-0.864502210177431,-0.608139320262957,-0.999196146667067,-0.579821572596163,-0.510727736791994,-0.467097099362382,-0.486270758479649,-0.640465518686967,-0.587587846581854,-0.427057946456328,-0.66608523649333,-0.154097154023152
"PAN",0.206510825718553,-0.395262865605674,-0.0409535126216405,-0.450781939243361,-0.274015100623485,-0.433906610867455,-0.195079708499866,-1.05834569605558,-0.302028392329352,-0.770931472658379,0.258567158264836,0.228182637144709,-1.46869291753843,-0.384553731267078,-0.662138084411855,-0.66974028734395,-0.252038608693338,-0.803956248147191,0.0896524180077548,-0.0193966198838885,-0.161011606929921,-0.280434501979796,0.112963461886065,2.39355090988507,2.49786507363228,-0.175611461818998,-0.645767468424105,-0.994008546588429,0.88444509061862,-0.147471745310645,-0.259856236452644,-0.141005658780402,-0.218138537747278,-0.216010037234296,-0.32261988886784,0.257612539601557,-1.49885874623707,-0.275846777260517,0.108122681503734,-0.215516761933442,-0.224910281531013,-0.573947813062749,-1.20695296856854,-0.0543934064600401,-1.12536189750889,-0.63648526454274,-0.856268638876842,-0.194724568499733,-0.434749230949398,-0.990561909084429,-0.733740635326169,-0.0415735433271988,-0.440317251169262,-0.306260153716407,-0.431988962356678,-0.137593205726224,-0.943087771740836,-0.387930707817747,1.04722695473824,-0.385348934671246,-0.110458447243024,-0.999207545299572,-0.472280786253301,-0.233646999876806,0.695804258941947,-0.332660007167606,-0.505178826445252,-0.608139320262957,-0.0349049313043381,-0.548268069233357,-0.56727910352817,-0.351398107549616,0.257165238117172,-0.421403002162112,1.52268575957176,-0.0674560385769675,-0.579126764557393,-0.109094261645088
"MDA",-0.18492105757525,-0.345913540859199,-0.0552746711799749,-0.242626891535816,-0.982393379070162,-0.855096509341981,1.59625734489906,0.60643112733028,0.281903891043182,-0.097670889076773,0.501070202945449,0.551159349782229,0.0769856093631715,0.0397576558060629,-0.477989514475624,-0.608829496423967,-0.252038608693338,-0.803956248147191,0.0227557756958167,0.372492366404213,0.211296887641284,-0.41030154658699,-0.969927655504485,0.03376610795036,-0.499742208006162,-0.968822249780883,-0.648260998533545,-0.635777373495075,-0.75579979854605,1.3580521680881,-0.392548929570471,-0.165102665650157,-0.342517062062078,-0.21783832557954,-0.32261988886784,0.576574928687341,-0.0951441732047215,-0.308635116234378,-0.596688281202174,-0.480164759014215,-0.131762261112693,-0.527318141228136,-0.581093098879826,-0.757228910913634,-1.01471155714585,-0.810279426793087,-1.34525003974436,-0.187943230988146,-0.183468172309473,-0.197210327421421,-0.225611928322356,-0.0375647581686889,-0.738324250610893,-0.247118889536268,-0.423421724797721,0.198571267224412,-0.722474565535798,-0.652501129124603,-0.0244651049991084,-0.385348934671246,-0.758554141524549,-0.530903888128288,-0.434006693099646,-0.00105056612327411,-0.500804999381836,1.10187799397034,-0.539927738260305,-0.608139320262957,1.44430047962116,-0.630010180048139,0.34171085411984,0.0625672838991105,-0.333276738386432,-0.536041510975749,-0.480789797228832,-0.342620181583822,-0.188586119704918,-0.00327491212534062
"PER",0.0434142076794683,-0.706283787579675,0.145998170160431,-0.65767595871311,-0.775150200706493,-0.765327124298621,-0.000564412287065836,-0.329069560010722,0.29088327820748,-0.318895960868134,0.14130277532011,0.651551475907275,1.00829928188293,-0.576495474722922,-0.654581163311492,-0.666141985392182,-0.238601210286095,-0.238666161249629,-0.611953225178759,0.304276807962322,0.757663406496668,-0.457007541295368,-0.0675183910123604,-0.911451842761988,0.498990441966416,0.162620940021972,0.300000182655777,-0.448230619020222,-0.319935423436332,1.85741133314871,-0.166387446161667,-0.19900131541222,-0.342171846739044,-0.208634506218229,-0.360789050560555,0.71230227521273,0.498926225778183,-0.178190844671368,0.0808765996971935,-0.684040323701965,-0.599837503408247,-0.521211028588222,0.692988071716482,-0.599515819193048,-1.00404782480537,-0.994296775058159,-0.904792753939594,-0.194138600130121,-0.104024835225452,-0.289940702689123,0.192863609147401,-0.0355485945952901,0.467958714319962,-0.296881118675691,-0.409414724435684,0.0023923133769341,-0.821990439171685,-0.262936807987735,-0.429855759009982,-0.385348934671246,-0.0925295843222127,-0.64405422341879,-0.417505649010676,-1.00384998762884,-0.572172111581315,-0.60835089489598,-0.0915368182451246,0.11294261290848,0.459894832837248,-0.525465831910743,-0.522904588467498,-0.390848397438209,-0.585627421244367,-0.36757951088697,-0.49427539046085,-0.35359473784762,-0.46738089758655,-0.147873134251901
"SVN",0.956755268698342,0.981546926460021,0.619479654654838,1.04025322191234,-0.82288318323875,-0.349423279495738,0.947512981652273,0.788238100805147,1.13657205525779,1.24656712903592,-0.169167086058299,0.930352097047556,0.991877086320929,0.425973076972027,1.46628118515775,1.16747999144214,-0.199905376013435,-0.387227921280617,0.85823273863661,0.638120193133085,0.886526212183235,0.430934007155521,0.473927167682914,-0.20381184646452,0.236060628974812,1.06570274655803,1.49463821761884,0.302810925545101,-0.522821722292028,-0.477313885295003,-0.310167654864899,-0.143700867327813,-0.272595592858376,-0.211951002096162,-0.256093598408374,0.56549846657203,1.05303376783089,-0.291732129254387,-1.07987240112641,0.935150255875539,1.07495353105286,1.11110790644852,0.702857895302378,0.354005653538892,0.428527109768616,-0.104879591776976,-0.477358336312407,-0.0521886059717214,-0.220872186145874,-0.0975361634152403,-0.132336138941703,-0.0331284781993347,1.39939385074018,0.00897597488437599,0.245980301632666,-0.0822099976595152,2.26112112775709,-0.0566968732682172,0.129610671571419,-0.385348934671246,-0.724309382546127,0.697242940556338,-0.199295738500734,1.69605317664411,0.460078802894724,-0.215934720042963,2.30420083445993,-1.00560912889704,0.200727770419394,-0.475689510632061,0.024203334033237,-0.0371649904949289,0.640720810130894,0.514210025849825,0.226781956573024,0.190127499849915,0.538300839240204,0.0158563160022743
"BRA",-0.0544437631439821,-0.766791633747947,-0.488610582522031,-0.410751111577261,-1.56453276258373,-1.02171147220849,0.842378278575942,0.27553744014653,0.609169952361744,-0.415790299043948,0.153553503211171,0.309371568570428,-0.984938862377438,-0.675369064368041,-0.472641874962561,0.248291607249932,-0.0974429138197649,0.96241789866189,0.38656787494889,0.18203900571066,1.09434570269451,-0.219084290956219,0.29344531478449,-1.19074856747399,-0.238132771311411,1.18848634054839,-0.494158234388672,-0.463078019840469,0.255212185606597,-0.609380566065231,-0.0462773241955521,-0.158057843612561,-0.178620457029604,0.119585184374985,-0.198163466206337,-0.428834038460534,0.865749237146948,0.775739259844545,-0.403125091324729,-0.0964060712207617,0.229302942674612,-0.509094486373396,0.66292997261398,-0.136137344201889,-0.426949868830337,0.401168115951973,-0.401463565650941,-0.180044828952393,0.318500799735294,0.60804367656904,0.817538317971919,-0.0312460885123225,0.375230846253009,-0.189587421154206,-0.342322591891911,-0.0696041445202764,-0.277069926943349,0.787011950584357,0.394995750040308,0.183734381408811,0.659569901941824,0.798759082725039,-0.254387081228561,-0.130606594911057,-0.314632661256303,-0.304909601076725,-0.228610250353152,0.682328593213309,1.50135526420756,0.0494166472633125,-0.247974855441166,-0.179137457667378,-0.612089783810791,-0.404436956010078,-0.500719788031753,-0.283651231947046,-0.300956145175823,-0.101110758384708
"CZE",0.891516621482708,1.06390916642501,1.23725347141527,1.15156038321559,-0.0525970560663869,-0.319768186366689,0.338209735466176,1.1165520974256,0.934504262921333,1.37596700384613,0.689478243606817,0.638120162956462,0.301366156188863,0.974094260115541,1.02462122649197,0.888387224430993,-0.252038608693338,0.43615674872162,0.787732105433911,0.523969169701862,0.0850348925797696,0.38493682860457,0.473927167682914,0.592970821408008,-0.207504406992178,0.196345532738308,1.83175578351669,0.413660877213499,-0.267243359323308,-0.514573314576882,-0.343782466965911,-0.090591845081306,-0.151403583357754,-0.18017515806845,-0.0763997690368978,0.56549846657203,0.870221602500626,-0.174858264743136,-0.990229881832219,0.982956495933546,0.17488831955479,0.787835375632275,0.410092950817647,0.129234349061012,0.942152684686121,0.528957941136052,0.389476249208611,-0.137026914264491,-0.104957390137972,1.87598421230371,0.0745772818898356,-0.0259609121417774,1.32595683350025,-0.181035082932463,-0.106102646005224,0.0781324104747973,0.904291055166357,0.418279946085825,-0.291310250072408,-0.267395125820444,0.28502738403296,2.02242574261984,-0.0808923389651916,1.79317661761337,2.2653968987264,0.0319809966600829,2.09171735410285,0.596535819542878,-1.10003452113039,-0.326551775508459,-0.127206959307472,-0.000891362021359829,0.57546516049757,0.514210025849825,3.25786754508796,0.48972353820071,1.28448601119666,-0.0646149362903056
"ARM",-0.0870630867517988,-0.36705374092737,-0.117651813531976,-0.209635430391004,-0.083540754595392,0.757516806780103,-1.20918646337436,-0.990169864168877,-0.0226991846761607,-0.267084229817782,0.488801692277456,0.179637563706555,-0.419254261904342,0.0430391239624611,-0.350065238322937,-0.648131879757621,-0.252038608693338,-0.803956248147191,0.228168881576798,0.510984998628877,0.534386267930834,-0.232617948525866,-0.969927655504485,-0.493754753096047,-0.340706451044123,0.291613700999341,-0.775861421634851,-0.00727543834826318,-0.098197452664998,0.761331839233304,-0.419198188420604,-0.128795879485217,-0.270389218494764,-0.217279790212321,-0.171656403760095,0.0532474289924728,-0.0571451558776962,-0.303071889731306,-0.560737433859154,0.17054875736741,1.53624833975559,-0.527318141228136,-0.527802332312814,-0.157957764335865,-1.05548911435375,-1.10675182122015,-0.566149274180935,-0.189500240999453,-0.456096801629983,0.0788444604251702,-0.648887506701852,-0.0232811414632392,-0.738324250610893,-0.288348143497291,-0.374861560280461,0.0348293637562456,0.102764698037246,-0.462927047715753,1.35132319140715,-0.385348934671246,-0.72426991150473,-1.0790884173016,-0.475778549495428,0.111649240791336,0.187343237634837,0.996467730856294,-0.858105936947012,-0.608139320262957,1.36862772816594,-0.630010180048139,-0.232051620054516,-0.239579623772116,0.257165238117172,-0.530671888293706,2.40651743096238,-0.309119965168875,0.0655530569299554,-0.0954926886279159
"LBN",-2.85970559341624,-1.90616551970134,-1.26260653386218,-1.33271979631413,-1.84195248693329,0.475436012979417,-1.20287447705503,-0.30808162710383,-0.888825270253724,-0.807697936483454,0.751347139832022,0.120480571622619,1.14569527202841,0.66499377063312,-0.332775814719361,-0.169920339748986,-0.252038608693338,0.224645090372422,0.185696208301478,-0.41318159132008,-1.15005572292869,-0.608970569172342,-0.428482096809211,-0.869121808431208,0.859411826263981,-0.811886747302978,-0.320402386485042,1.39722329500981,1.02601616488583,-0.102321046788495,-0.226123143190371,-0.0788128344874143,-0.236596010266645,-0.214025671969477,-0.206267851804601,0.00712460495431221,-0.0586671061175307,-0.303681772117725,0.290355039829971,0.0525376149563227,0.168282477101526,-0.337948715341644,-0.250977795803723,-0.959809265250138,-0.626867234884364,0.324494220841527,-0.737002528418385,-0.178706259414408,-0.434311974886984,-0.563924351600679,-0.837278457618129,-0.0216208773598336,-0.705089277201273,-0.219431069090976,-0.326518297223307,-0.119024834819982,3.12383324267358,-0.300434977936739,-2.98639380265431,-0.385348934671246,-0.93724965683646,-0.452722774549769,-0.363643806350209,0.313271344167382,-0.531568484883516,-0.475631153622804,0.583113075865167,0.334648323874211,-0.794065843883416,-0.516308161372233,-0.347833406669434,0.0607459037430051,-0.10578567350625,-0.645424596667083,0.0837057119666841,-0.352911473586499,-0.44354475915794,-0.0893686201353948
"GIN",-1.13088144220194,-1.16492007753209,-1.3290076460284,-1.27768944560893,-0.534496143223806,-0.609260526518003,-1.6776586851243,-1.32690676056792,-1.73501594732533,-1.05763246720766,-0.78547284846998,-1.38527279097758,0.0155519326051218,-0.504148384991677,-0.739763150072986,-0.683789471450207,-0.252038608693338,-0.803956248147191,-1.87100898303344,-2.31985818596391,-0.993663582135432,-0.713697048261143,-0.969927655504485,-1.31371451557809,-0.584389125055827,0.585453335814866,-0.775086042363817,-0.887628518352368,-1.12550618814804,-0.431993282270345,-0.328191279908341,-0.207008101853089,-0.330468483812762,-0.215219083825709,-0.374329010638885,-1.06152765049252,-1.31863431734333,-0.30369434701229,1.61364489523145,-1.20798391489876,-1.18529783015469,-0.570700913302424,-0.778961527616494,-0.71909708531849,-0.167398985748735,-0.483137474321847,-0.713294981457754,-0.199316372878077,-0.456096801629983,-1.07143105850854,0.0222399470445091,-0.0190413678549432,-0.938134816115962,-0.339583977202166,-0.45430329673171,-0.140567234602104,-1.07148757656419,-0.775411797290781,0.819754451051305,-0.385348934671246,-0.96972469469463,-1.06074490556954,-0.475778549495428,-2.3327827328936,-0.623472930232521,-0.630297291192942,-0.88102776904358,0.0710320174721479,-0.958751274038959,-0.579821572596163,-0.229206858759454,-0.412061606725731,-0.486270758479649,-0.640465518686967,-0.593236235291263,-0.425912940048524,-0.694950884991783,-0.154613113229702
"ROU",-0.0870630867517988,-0.266231424556012,0.17477620910296,0.392730913259286,-1.00985576327788,-0.986630529915116,-0.608910477806842,-0.00135392917847818,-0.0317557369266129,0.168419864527547,0.517138189498343,0.144670938667689,0.816959607262148,0.0119039530949095,-0.330718299354197,-0.336266534492114,-0.252038608693338,-0.409889884675174,0.584815096947643,0.452680185059553,-0.140008834335157,-0.251832290313345,0.29344531478449,0.145882119457042,1.12044294948822,0.346641829446114,2.81656569837452,-0.165396251490149,-0.817445231445168,0.744726034187511,-0.348240599347675,-0.188050794889312,-0.299733733448157,-0.187955578616752,-0.326850396283524,0.56549846657203,1.04575372355607,-0.110972910114451,-0.913075229965205,0.0657146227055819,-0.000326918099029169,-0.211356404027458,1.2465954492163,0.0623997306077912,-0.318848940537084,-0.677378008601646,-0.545965793691147,-0.19442781753786,-0.118569525358273,0.374455186817436,0.788441979770242,-0.0175693011755541,0.467958714319962,-0.2050646926962,-0.388114831398999,-0.133257917302184,-0.264900513707446,-0.0254483983107145,0.565413671541452,-0.385348934671246,-0.0554533753351398,0.882274692761074,-0.407515917332628,1.28089599610886,0.327109517949409,1.01044105634952,1.81274712053971,0.498028858506974,0.273326320050478,-0.292160645806175,-0.21285480537787,0.612698630642891,-0.322930985672459,-0.345184258604752,-0.217189826310612,-0.221210416387352,-0.078307025320235,-0.116412454880196
"BIH",-0.478494970045602,-1.23092011946512,-0.321316766108836,-0.457068212179407,-1.51476034043076,-1.93782116000582,-0.845664693177226,1.97083714360279,0.119115703147598,-0.315083777224153,0.87877917126725,-0.160158099707221,0.191407373489447,0.136956042740913,-0.496893898213363,-0.63778327491959,-0.252038608693338,-0.803956248147191,0.175074189565035,0.10603660078732,-0.89812059558869,0.0625973083266886,-0.0675183910123604,0.261156328470943,-0.772770557825934,0.0548580554756034,0.758294926643587,-0.635777373495075,-0.278251259496652,0.479057617305,-0.269652465830221,-0.188050794889312,-0.382242216802196,-0.208208863847312,-0.326850396283524,0.533782474818663,1.03009221513653,-0.301911972141862,-1.16175266503127,-0.0466439625587375,-0.36500269305257,-0.497448601951729,0.45835544737904,-0.359606022748713,-1.3545754384458,-1.2243184603895,-0.90834120633516,-0.189058237487362,-0.394931159280852,-0.387567452700663,-0.737697355688511,-0.0173931517102499,-0.511796290341428,-0.256983094309691,-0.416246547481601,-0.0917116246761276,-0.266808144489894,-0.642084970805436,0.559203523505702,-0.385348934671246,-0.73782891160216,-0.31938282507207,-0.408263938801617,0.776619106990568,-0.242035382727898,0.0335156322073056,1.36158658276978,-1.22557707827477,-0.651992852647839,-0.630010180048139,-0.208290467357964,-0.343417940483904,-0.333276738386432,-0.421403002162112,-0.453726797569024,-0.344228217416717,-0.422495437840358,-0.153925026797396
"MLI",-1.91374520878955,-1.41917987802691,-0.901579344815621,-1.13091439705207,0.111569263128769,-1.05598547392435,-0.0343132061036583,1.08576102913457,-2.26817386105403,-0.267084229817782,-0.051152473988103,-1.45040202097727,0.0769856093631715,-0.610472892029191,-0.751248558139302,-0.654919374395323,-0.252038608693338,-0.803956248147191,-1.46219525621333,-1.54597413312238,-1.71703243919015,-0.41030154658699,-0.78944580260606,-0.947822052764609,-0.499742208006162,-0.20783152805886,-0.739441274013322,-0.968302345266389,-0.711334468353756,0.0683953786049009,-0.259856236452644,-0.180601624206014,-0.284489013273516,-0.212225118206266,-0.302206957462419,-0.359662467219025,-2.86769411487226,-0.303251431281489,2.02636035741072,-1.42902729175241,-1.32346144499469,-0.546022573337639,-1.23946506471717,-0.558430982538486,-0.437998304376377,-0.63648526454274,-0.0917784505118342,-0.199316372878077,-0.456096801629983,-0.299330009597252,0.0786776514305688,-0.0167127882487409,0.339358264695937,-0.322738064498208,-0.441497093177318,-0.140567234602104,-0.890947187872436,-0.669166982435271,-1.00254315579588,-0.385348934671246,-0.991750819711293,-0.95016388826285,-0.47544503741856,-0.937476285603074,-0.596182303999159,-0.0170536624186236,-0.835385102266207,-0.608139320262957,-0.965881808741411,-0.630010180048139,-0.47193634457454,-0.466114250856571,-0.317969223117213,-0.622351022303576,-0.585588512221332,-0.423414185491907,-0.693540952236616,-0.15431800479362
"DOM",0.630562032620173,-0.0229497327227039,0.0155388139283279,-0.216714137861438,1.05552360646185,-0.0988332788056241,0.0209213111647507,-0.648457479726806,-0.0981299444272172,-1.31521230001937,0.605532435191177,0.144615477145411,-1.55635722620805,-0.434594716801987,-0.754673170751064,-0.683789471450207,-0.252038608693338,-0.803956248147191,-0.347808415892768,0.091735571877021,-0.21018164931299,-0.433160844715057,-0.78944580260606,1.09466577703239,1.18875800876129,-0.724721700414979,-0.740822510555494,-1.45153609589267,-0.650997507958249,-0.164488728933126,-0.293051655216341,-0.213763859754001,-0.395646704970707,-0.212225118206266,-0.3906413280906,0.0326094335919556,-0.490856527586274,-0.246422455451301,0.300989686552074,-0.609731397177638,-0.321756902562608,-0.559639399913358,-0.404250983407875,-0.855440853110658,-0.637509594239056,-0.667154822586919,0.261319853994666,-0.198683214786046,-0.197536291546027,-0.487213635998227,-0.711033854729154,-0.00966431695546172,-0.852149815818329,-0.339886428816906,-0.442998782456745,-0.137354230865612,-1.14812798000238,-0.756662712316279,0.646016473034121,-0.385348934671246,-1.0422357699254,-0.784523203280087,-0.475034156615317,-0.0965859226389926,-0.414936561996738,-0.607853370170989,-0.771347768904426,-0.00969654642041437,-1.10003452113039,-0.630010180048139,-0.572714006208833,-0.218086735075041,0.925250283132365,-0.615312373235369,0.472511212715413,-0.383851254869134,-0.55757795885702,-0.153191408905096
"BRB",0.793658650659257,0.255284736519799,0.373353994726635,0.367718188085434,-0.100263854269768,-0.420032032110817,-0.127766124862201,0.203537721473707,-0.434243886599463,-0.428949217555594,0.123114898722465,-1.15260781355978,0.0155519326051218,-0.548443361187605,-0.749552514547713,-0.629024617455596,-0.252038608693338,-0.803956248147191,0.158002978012379,-0.475412110314031,-0.911517223902639,-0.48635654414809,-0.969927655504485,-1.2631833554624,-0.0633715751791824,-0.944133966421416,-0.41886202552626,-0.43604390350066,0.0907757309207743,-0.147402243742999,-0.000701754332239775,-0.154337236782326,0.118863873515113,-0.215545201151561,-0.364391184443159,-1.51191601531648,-0.490856527586274,-0.317716751663147,-0.665833070467879,0.2608403993147,-0.152168418794872,-0.546022573337639,-1.18759196371977,-0.67941698799601,-1.12199006304833,-0.667154822586919,-0.819389982857344,11.1702340887442,-0.30090592524613,-0.586863925441658,-0.109658680481777,-0.00917810565618284,-0.815560372182957,1.90805112177167,5.4886137786931,-0.136989073672449,0.128183333530665,-0.729580700686443,-0.68152012621688,-0.385348934671246,-0.385135633640831,-0.699552138684328,0.160524024110536,-0.326900786245408,-0.488446831583915,-0.555319120533115,-0.550403057935588,-0.389982973536039,-0.200325506972615,-0.537036136248475,-0.487052820681911,-0.21976753683677,0.951118654613453,-0.622351022303576,-0.264739702706725,-0.250418292004055,-0.472717903586872,-0.154375618009458
"MYS",1.08723256312961,0.800850394069389,0.543450051598311,0.537539106892045,0.800619241352648,1.45303835262178,-0.406677256522378,0.293851790675935,-0.724136587490779,-0.281824798202169,0.560389367899942,-0.419656447611435,2.71613866733348,0.316876364236751,-0.480332551448645,0.0672514591804787,-0.252038608693338,1.43328313808213,0.879489097445887,0.849510957559767,0.219148391415028,0.134362175048656,1.01537272637819,-0.235037250850518,-0.362727184900237,-0.794616239700022,0.0981228093642759,2.27409317183236,1.26007757161349,-0.514573314576882,0.380746147954567,-0.173059199578854,-0.244401977679984,-0.134177631147315,-0.275681547577271,0.661876897590403,0.697031663694502,0.000428546576699626,-0.0916481235565954,-0.299540469507575,-0.213882285391141,-0.0518457217946807,0.437994449949681,-0.487837583418285,0.616656796982084,1.06567520690918,0.728823923658397,-0.179693550170985,-0.0262750233634465,3.15869268616829,0.065939727856032,-0.00895570310800809,-0.327087646986396,-0.251891469663982,-0.360012622622353,-0.130357058227966,-0.309759783688035,0.193290926391805,0.119672156079563,-0.262060911936348,0.573470225783991,1.37705194695788,-0.371621495551219,1.0067796374725,6.05775192259408,-0.318042706857511,0.791736402395347,0.553044887823646,-0.631042486008629,1.53746066111285,-0.465501802210495,-0.254420038058283,-0.367342323816368,-0.212328314899528,2.93559645313996,-0.315269979418793,-0.463932203202994,-0.143065538554795
"ISR",-0.152301733967433,1.09847601148027,1.04031048401833,0.765730217617612,1.17694962561367,0.398055200678527,1.48320755894158,0.190185631135047,0.330074808205942,0.886370751772544,0.155932161739608,0.222557563531481,0.682494054679255,-0.361842344379492,2.0132467965424,5.08379889435392,-0.0869091157457327,0.602344480281704,0.370845849729702,1.05100846175114,0.838239463974712,0.475710313231242,1.01537272637819,0.142723921949806,0.815147217597581,-0.807997826625067,-0.1835806056765,0.882876735583088,0.204142468474265,-0.247177369153165,0.0319367623169333,0.354621932263078,1.85894718972003,0.177489553331484,1.08429036261003,0.632422900464129,0.512987273219009,-0.193147284546328,0.282476926075057,1.5573710679574,1.27924280631628,6.21557374770676,0.84152193198952,0.652783867548841,3.39776826939128,0.626078208275951,2.21939676625437,0.504914046182287,-0.0665084273930326,0.00463651122092097,-0.11141017461473,-0.00737298908366735,1.6647310377485,0.030998313170954,2.63017544484153,-0.126563966632471,1.10593252426054,1.03283328691671,0.260383044961569,3.22815344732333,-0.00377778711322894,1.23139092659273,0.107006842013539,1.19577362738359,0.978661671624636,3.95159811030068,1.86909975271016,0.901702651872586,-0.863276228781605,-0.164179833741053,-0.285575061877336,1.39379553973048,0.110701461982497,1.11771261569535,0.0590590880703449,-0.0442336920271121,1.82629598837254,0.599461508642884
"ESP",0.369607443757637,0.664930194782903,0.578884419624118,0.807764706136584,-0.646671894083335,-0.449212347669891,0.0533525816593298,0.431687048861386,1.24228381117711,1.11249245818176,0.577932093042118,1.3608316804399,-0.228410215850186,-0.244347268734919,0.681658716426201,0.572187564540051,0.146697236705737,1.09461268513014,0.940356499156531,0.649090261567662,1.08997830372037,0.177725328611414,1.55681828507346,-0.476435605475757,0.717640512053214,0.577211676255199,1.60805380267493,-0.169249511292625,0.40251356599159,-0.477313885295003,-0.0427686698012806,-0.101884679729892,0.0827528556440499,0.251252275864971,-0.00665843992494685,0.56549846657203,0.922593048303755,0.30143892089235,-1.16159253352,0.607198470248235,1.29437998164896,0.391144325306092,0.937041891295007,0.430996732574748,-0.150980827496297,1.24969255517425,0.641757536736945,-0.126457530471875,0.0411262987686742,-0.187441008666619,0.200754347168192,-0.00179395330638068,0.735167799574929,-0.165522815870686,0.0386422758922754,-0.00300338723310381,0.932038974374749,1.74321528428394,-0.42011338499563,-0.246818622238357,2.25449333238965,0.629665787350716,0.275740909464915,0.79410934596622,0.0779906777532649,0.170526994287424,1.19208180083276,0.581327254427881,0.0300845868727333,0.898849387796228,1.45111242512584,0.0567509247612656,1.09248121966662,0.61085661314694,-0.230702469295436,0.101389662217921,0.438205115452737,-0.0969797409164832
"ISL",1.57652241724686,1.55015157355875,1.21564502747859,1.77491226732622,0.397410140997245,0.527675987256961,1.67685902597928,0.482171276754245,1.60321716457263,0.538096137958598,0.751988608201214,1.08503055316832,-0.89436777558619,0.317820560978771,1.62936686885554,1.64837060207397,-0.224451335125728,-0.519422707748864,0.969229497403885,0.958049869116669,1.10043061811916,7.63778842043342,1.01537272637819,0.0294872597147573,-1.34756205268075,3.22294533787588,0.0361635253733026,0.772523841684138,0.645956994272216,-0.0875905361241462,-0.0615490870618776,0.436035576243081,1.74900169911827,-0.193485463124882,1.50052945965794,0.510621262683307,-0.76260507038495,-0.312166798659894,-0.629695777915626,1.75718867795326,1.59844667576633,1.70715853955924,1.07791838263017,1.92946377304282,1.0461866369262,0.283601476782622,0.504350519222438,0.0544652710273853,-0.212463927750762,-0.401417106580833,1.08367864134077,0.00194368353997105,1.15134994599488,-0.0491430480679878,0.639022522943321,-0.098680634360577,2.44884463671417,-0.106694433200222,-0.0285518851187913,-0.385348934671246,0.177997638448047,-0.487715751401868,0.144155664082443,0.799535357007276,-0.156281463287193,0.168238090027406,-0.421792646771047,0.534622028151383,0.569464990625804,-0.630010180048139,-0.410571011235494,0.0968150899864381,7.57322029900249,1.77793597301781,-0.551190783845163,4.21879756253131,1.84358651171047,-0.147489921222272
"MUS",1.34818715199214,0.618712333582686,0.978519512489669,0.788795886697394,0.553076766406791,0.612782519096075,-0.619577096417081,1.80840404568759,0.0985937597398641,1.04427726966961,0.599209300963971,-0.20115980458042,-0.542061348510122,0.0457063381089169,-0.424325667818257,-0.598982980230369,-0.252038608693338,-0.803956248147191,0.300509501012048,0.521156766312891,-0.456277220721267,-0.325060430624076,-0.969927655504485,-0.281595194747435,1.26867195245098,-0.810106258570154,-0.334504505829736,0.00450204768031602,0.156233789588258,-0.422483777109761,0.0538618826699416,0.756726157852511,-0.12651688351357,-0.208361546090898,1.45526802174424,0.613494328390271,0.202925500453642,-0.309794335218567,-0.796125658815323,0.244040641569238,-0.419895498171966,-0.552871273094657,-1.09269854485317,0.281003969271917,-0.487538442416566,-0.524030218380752,-0.225804547080787,-0.0546006176425024,-0.377616391972929,-0.492915601971511,0.644130292150025,0.00203231220175917,-0.815560372182957,-0.330771863901205,-0.428407798621909,-0.120000539851186,-0.890733504406201,-0.667083750771438,0.347439802049377,-0.385348934671246,-0.329183133159247,-1.0965370297876,-0.458090632062734,0.00999985215900055,-0.561900799173636,-0.103862981399365,0.147397661180164,0.141965021781852,0.476172301251619,-0.0956551395529964,0.146495071754997,-0.0751563474257258,3.02634758845713,-0.355880590961109,-0.343737669760875,-0.247105510685374,-0.461814154980107,-0.141145193646725
"LTU",0.956755268698342,0.99348191181333,1.2734247114491,1.2861643176082,0.200976500972944,1.78118017068574,0.0126228131753163,-0.104508871134377,0.824361111463468,1.10907468258024,0.815299913518685,0.830527853521954,0.138283491170905,0.229490611756417,0.694260606254058,0.156707703146412,-0.252038608693338,-0.0460394723958953,0.865929466761158,1.12142044736134,0.984375577963515,-0.43503424725717,0.654409020581339,-0.376544874642225,0.586964746242198,-0.236131953858154,2.0058350850528,1.6179820861189,-0.567215095325722,-0.422483777109761,-0.232599163266814,0.00747852406540845,0.324551778202737,-0.196515301052483,0.0968340297603734,0.56549846657203,0.90635670298305,-0.28320402205491,-1.0542997083058,1.329102176537,1.94208903418532,-0.0715630708430371,0.514882618825537,1.51042554102614,0.86810745466854,-0.416686765226126,0.106322152670383,-0.142347190919551,-0.229720689827026,-0.253423505774803,0.070315528955677,0.00300584265858941,0.319773322577104,-0.16137752085774,-0.290388759672765,-0.066273756048793,0.556829429376996,-0.306684672928239,0.0192268843446363,2.99533531495373,-0.805667841979774,0.0730312778210489,-0.4552340717261,0.799535357007276,0.396575088706276,0.183336721257203,0.517545758619669,-0.652126680177598,0.265308338623665,-0.59122092010938,0.146187308302423,0.0379749301917941,0.608355076403332,0.514210025849825,0.0164543541475543,0.136706959505073,0.490671605463172,0.17359848179652
"PRT",0.695800679835807,0.92450866890475,0.645281676512997,1.07132448534353,-0.305497877980718,0.453250542876116,0.0692636360375221,1.46819535680563,1.15988663970455,1.11817183248179,0.893850498615929,0.787692790431801,0.749326085105467,0.56799161918703,1.59433255871851,0.752968302002801,-0.187136701319533,0.578423518920784,0.871504871472506,0.465289847036662,0.51254927306011,-0.0305857183797065,0.654409020581339,-0.695981270897726,1.0363162650869,0.672478374275069,0.464623473317432,1.10226593731523,0.464264506626323,-0.514573314576882,-0.212370795689505,-0.0185153210920676,0.0103149567621086,-0.149846979487462,0.0847112139670416,0.56549846657203,1.27865026797573,-0.200793519047306,-1.17918908463209,0.877963734936159,0.801170654236254,0.63949486745318,1.26108042474238,-0.12827214810685,0.375092600150381,0.72319847541585,0.173633302660848,-0.0944771981716864,-0.142803898574301,-0.0713993083366391,-0.167373899626958,0.00329277795112903,0.9360744066247,-0.0476068159923728,-0.0744728206510386,-0.129353135579771,1.74924023408879,0.568272625881838,-0.15194807672406,-0.385348934671246,1.761933900237,0.245041392402047,-0.355220715734618,0.629285752414978,-0.18346129926849,0.0834106548050198,1.22271284266143,0.601101787465404,1.12723934249561,0.429856974081454,0.314499809460777,-0.0324093562351239,0.48329623252639,0.754526441512386,0.0653434774017873,0.759765327658804,0.774406973957433,-0.104580168803638
"BGR",0.304368796542004,-0.112151802576564,0.270715203247181,-0.0856396121626658,-0.859543694522752,-0.511665231912954,-0.234513705517145,1.20153404531268,0.386881864012138,-0.0937954449067522,0.494325821472115,0.92317867247611,-0.373122572888752,0.221419004459883,0.243988108590943,-0.0799416837060459,-0.252038608693338,-0.564746634537978,0.783876553925415,0.683826468957736,0.43874513758692,0.24912873448515,0.29344531478449,-0.743456110845129,-0.391836984977281,0.646302453261304,3.88293579353573,0.843857936701227,-0.327711211114673,-0.514573314576882,-0.272663105695652,-0.017607095898796,0.244516990503887,-0.184384563484624,0.438318664097575,0.56549846657203,1.08053351424712,-0.261246626064907,-1.09096057681093,0.684971541683571,1.03295443723316,0.00842650904202436,0.282044507867349,-0.0381222006047292,0.155068344301542,-0.922734472955075,0.188682096175427,-0.17871414424768,-0.227304258144503,-0.00835143073369726,-0.175843557817457,0.00637428573567931,1.10068352809126,-0.212040319039371,-0.30253366959552,0.0495916111817048,-0.11513871531331,-0.194190163081229,0.839701669803623,-0.385348934671246,-0.197463630224654,0.447417273194585,0.016856426040316,0.663189463117086,0.1106282689196,0.689051200914353,4.07229430930792,0.493042207018034,0.734004081069125,-0.630010180048139,0.437401707184082,0.899378851972067,0.363502226362437,-0.0546501227972827,-0.216069804802945,-0.0913404735311502,0.450460585169455,-0.112728193634589
"FIN",1.18509053395306,1.75241084326393,1.73385213050421,2.03970907229953,1.43883956477844,1.32144227330189,1.53799725439974,0.865738271697557,1.83592030351112,1.45221723108719,0.372235085355859,1.81497733301595,0.972067676490559,0.281217355753388,2.55192620709644,2.06005601593792,0.21300400287494,1.05936074207194,0.999897303650402,1.18722154730415,1.11112829201089,1.54797197541925,2.09826384376874,-0.0731032206007514,-0.66207743018021,2.04565753484265,1.1410080571574,2.57422048778556,0.728868195539737,0.945724162599953,0.0696122396911048,0.145139771054522,1.03971687275494,-0.037614915866882,0.7885314561712,0.56549846657203,1.09234545119932,-0.23507081868507,-0.985165946400337,1.3257274504906,1.5282132423216,1.82848163508772,1.32859861962116,1.57655800212785,1.48878763705767,1.11679113698281,0.883403593328277,0.828286566534333,-0.0803501086998087,-0.231458076385389,1.98430600826295,0.0115601703085648,1.55209655798109,1.20271047880693,2.64103841386172,-0.0520050247527702,2.27259546304952,0.897423228767534,-0.876212807974821,1.26454798745765,1.69428685200548,0.705116663690953,2.13596531030427,1.34216724019319,0.0540730856525982,1.30122952501797,0.487224461690237,0.704612127764934,-0.299358176509847,1.40892166857123,0.0328170883173154,-0.153029432640703,0.799621639040721,1.63080974084352,-0.351140775088031,0.415124489689429,2.4244512802903,0.0822360987662357
"COL",-0.152301733967433,-0.247725700854988,-0.0600866918088365,-0.571689094359864,-0.652738731443019,-0.111822616258013,0.685174497230607,-0.0710758635634616,0.119506015655171,-0.34933574102316,-1.12089836483563,0.274664806629446,0.0701853900894513,-0.677882413057751,-0.726817636715527,-0.690080143507113,-0.107647522352655,0.753424236245418,-0.397870005599319,-0.0193966198838885,0.337607954601385,-0.459197201569302,-0.248000243910785,-1.339744175678,1.05575135823873,0.237461841613025,0.505068309401061,-0.773509107559287,-0.399643868963739,-0.18514291297245,-0.212367446518306,-0.192607754271063,-0.243085970139047,-0.172674606118502,-0.351597338776865,0.390926232334559,0.483341499440163,-0.0561519586516137,-0.26971261750635,-0.174466347893342,0.370087649842899,-0.509094486373396,0.692988071716482,-0.0610700190337956,0.0492621111850443,-0.554699776424931,-0.403550278397388,-0.191651464165126,0.493615063995241,0.97902259587708,0.342756257665156,0.0120016518300977,-0.89487103621761,-0.308344538245531,-0.404842719409219,-0.129025711097559,-0.666016848477859,-0.0629465682597178,0.0360143538858746,0.239520048573802,-0.377179722548795,-0.105236022135272,-0.251777331200324,-0.175583596266629,-0.451294178590478,-0.285384166502634,0.688622742354582,0.148106569131386,-0.232203147392179,-0.297266495862629,-0.451294650995565,-0.205330328032558,-0.4641699805319,-0.421403002162112,-0.502235520373817,-0.102343987050981,-0.41038050683133,-0.143838436238187
"ZAF",-0.60897226447687,-0.447320820987638,-0.410152459953716,0.0145955693722341,-0.661222757673311,-1.13735607713475,1.6594558268429,0.4374922604226,-0.0183852859131101,-0.34933574102316,-1.60580048144686,-0.846913587468007,-0.770765036119337,-0.435898602722946,-0.579169746537543,-0.24493394714039,-0.233846400419016,0.774827201673611,0.310942592590688,0.390559048112868,1.00061837639545,-0.160302063461493,1.19585457927661,-1.37687846572269,-0.878739798178616,-0.878992378572405,-0.258827467433031,-0.25693317221913,0.68149014551653,-0.0875905361241462,1.67447079336344,-0.137777349286497,-0.191919591338041,-0.141777708142328,-0.174078891491615,-0.0873267239820659,0.0884692937461473,-0.0877971465621185,0.225254138051367,-0.167693998845104,-0.204259460335276,-0.327133615867751,0.0122883810050577,-0.36994643253391,0.368858561404921,1.25480414818162,0.0446099845031314,-0.177904580185072,0.0737295505715998,0.0758995284246205,0.807547729338919,0.0152882518773175,-0.518749370490092,-0.283123442717579,-0.29486045215767,-0.120664229315041,0.105229833848881,0.491193054319998,-0.481370109895405,-0.123621875588853,0.431984218772657,-0.280857836462308,-0.342334906309656,-0.307574356803929,-0.361716281061818,-0.415777298636554,-0.0215225095535871,0.607036768932036,-0.399466642889673,1.03333715508491,-0.378774198422605,-0.282810919957962,-0.737014496989143,-0.345947887101447,-0.242972971853772,-0.284827838331875,-0.563243759018125,-0.143048984016768
"VNM",0.369607443757637,-0.0246776281937409,-0.581459379118135,-0.170285376029446,0.888028692763025,0.66935864650876,-0.900940499757616,-0.00135392917847818,0.142057693022726,0.932169690765368,-0.656031007665953,-0.183782289279899,-0.0299586595495331,-0.672932102201486,-0.457965340299421,-0.421457452671945,-0.224165001923563,-0.0963993910504688,0.229990385804775,0.454232380333868,0.121740672722021,-0.290498928055966,0.473927167682914,1.18778166482622,-0.265359554339301,0.050807758118046,-0.0795347761370443,0.0802326238220878,1.45299780400317,-0.576428307177513,-0.0108262747715731,-0.166912651894981,-0.286484341157319,-0.17387519210946,-0.32254890738672,0.600667778836171,1.05384762607919,0.0607847803324641,-0.176182066828556,-1.00759280479492,-0.527928565333716,-0.135146629595589,1.60011996846944,-0.0586431970018828,0.95084908439102,-0.360459242145132,1.14558156205438,-0.192454904169193,-0.2669448663278,3.21379864744931,-0.867873855939925,0.0167529789956522,0.024560544000776,-0.251825940914433,-0.424109441515113,-0.0878850141591739,-0.738955933751211,-0.2421044913494,2.07411119446641,-0.0168732461975663,0.0356168809262724,0.944365794276691,-0.469400441736508,0.117099992248798,4.35888960178768,-0.525999777578334,-0.186723972581523,0.257020048624462,0.538460697571791,0.659771450494079,-0.216114062703435,-0.405833066873136,-0.735129301315858,-0.494813772775721,3.55826941090562,-0.368233531874223,-0.188394031476981,0.358654875509097
"DNK",1.38080647559996,2.05779916174568,1.81402455033064,1.97714066201377,1.3692749562922,0.329012626119411,0.701178751947389,0.518498071537586,1.42644993120504,1.36670331586935,0.655053049313051,0.966624654460267,0.378083547423897,0.353899763318714,2.83928346377826,1.95962642753163,0.268228319364893,1.35144827026845,1.00200425217116,1.06729107375315,1.55037085625326,0.163800966321307,1.91778199087031,-0.203149643761381,1.66767450988808,1.01434084836512,0.134259111350216,1.13623418149615,1.90959533207116,0.744726034187511,0.121929835746221,0.0926160676796569,0.854689652123375,-0.00277004019975146,0.475092591801485,0.56549846657203,0.694916858216967,-0.203544160799265,-0.84400405863462,1.36984232205705,1.43552440961519,1.52681124887318,1.39554005969437,1.87908490674934,1.53984180277283,1.82730256500629,1.31229332840449,0.421020197093325,-0.0899004691052221,-0.55480447290911,1.30025704538074,0.0169418688310885,1.48548905373545,0.712877100505292,2.00217548748158,-0.126563966632471,2.50520695511063,1.2807378549129,0.196631939398134,0.164802270412703,1.81467193784377,1.41652790190126,1.78684551770523,1.12205016855035,0.267747031359291,0.0970989807345057,-0.0967859552914682,1.11740839413386,-0.460394351071254,2.31920293974466,0.213482912236487,-0.0800151613778641,-0.0589218637249631,2.5548394332222,0.0280946096801535,1.26195884638434,1.6503724620357,-0.0595706940288632
"URY",1.11985188673743,0.773160242501789,0.558775935589367,0.69446848441428,1.79603708531136,0.0602415325647017,-0.409922441813304,-0.648956506938122,1.15895658607257,0.109114728742627,0.37629907549497,0.814200270099655,-1.24228722098903,-0.461471314499547,-0.404591151667193,-0.234587497564355,-0.252038608693338,-0.18578824666233,0.722252416805515,0.536794544326398,0.980989616961089,-0.141053428674232,-0.0675183910123604,-1.06105871499966,0.41208304482245,1.56360779216695,0.354190947772257,-0.701639045217329,-0.689277833423201,0.310963283395836,-0.362363235071446,-0.142101476928744,-0.235444277563948,-0.215956880035775,-0.26354654454094,-0.133520668573147,-0.448253395762106,-0.290514227428892,-0.528736285201549,-0.118576818509384,-0.395793101673042,-0.239835108827326,-1.08806645719297,-0.707457439783459,-0.072364825774597,-0.902288100925623,-0.242264767737342,-0.186970790433233,-0.0384820817333581,-0.380126669184436,0.0206573842120771,0.0282722123470129,-0.914950009805272,-0.324227141375827,-0.360005554678782,-0.120000539851186,-0.333552805057835,-0.437928267749751,-0.106610285588364,-0.385348934671246,-0.0357450515949531,-0.382189906534524,-0.152686413389657,0.0196746180875033,-0.494061176906843,0.671710448205429,0.845771878840551,-0.389982973536039,0.196918636704224,-0.630010180048139,-0.397094051997379,0.129319970676409,0.104264543688251,-0.355880590961109,-0.560805339847602,-0.198597153031654,-0.11492574612815,-0.0945555766833365
"MKD",0.369607443757637,-0.22065216966506,0.291674546989835,-0.259193698945383,-0.599628568451438,-0.281482970396179,0.192737898809849,0.693133214752447,0.280428855348171,-0.830307890890321,0.906916766555867,0.0813377300482038,-0.0182032547111751,0.188812345667176,-0.396634415366203,-0.449276882748664,-0.252038608693338,-0.803956248147191,0.568221337179663,0.242830754747474,-0.0939793934615847,-0.209318692653877,0.112963461886065,-0.376544874642225,0.0640121888422109,-0.236901177185657,2.28711819575132,0.237624135678313,-0.170859394109194,-0.0875905361241462,-0.310167654864899,-0.211843038905897,-0.273743508273035,-0.216618335124048,-0.37692260161298,0.53867623093593,0.553898060092883,-0.307729723825673,-0.817312279390983,0.474203945554916,0.492970980608439,-0.462917342672646,-0.11409432060294,-0.537408612794798,-0.469063940947216,-0.764275089726819,-0.65395220205939,-0.199316372878077,0.153988630349307,-0.232608968865254,-0.0876483193738774,0.0476706722136334,0.190060547565068,-0.275181071045392,-0.386606950412632,0.0268289746284834,-0.381317531686771,-0.587920947545764,1.14714565626193,-0.385348934671246,-0.53012025494093,1.61078895828721,-0.329930527413074,0.208928845654591,-0.166928953375591,0.458844917174615,0.955686380361309,-1.20249997499947,-0.102073804903879,-0.630010180048139,-0.421430769596981,0.280935800585588,0.833781555818553,-0.421403002162112,-0.526009617221983,-0.243788712305611,-0.309419836907645,-0.133532221522771
"ARE",0.956755268698342,1.60434251745989,0.954709191157562,0.871306949313614,1.74900367761915,2.97420379170214,-0.228460233697394,0.65771473249201,0.547041129673277,0.147225289794401,0.808526615257476,0.339489821921956,1.98633138266633,6.69613079591807,0.271614420930239,0.573189449887234,-0.153988394615993,0.695510329792662,0.997790355129649,1.09885104404851,1.14322131368607,1.85485125146076,1.73730013797189,0.418353062459865,-0.530094191979503,-0.735627242145862,0.931914293158676,2.20548494854616,0.143520328174125,-0.60494414815446,0.520736299598559,0.237293637863431,0.201140256285968,-0.136557546388756,0.357769905569994,0.332787129368546,0.572488147396174,-0.121322514078559,-0.763778708370198,0.451462137717714,0.0147062658266989,0.333258392105414,1.01845537563088,-0.342153385505488,1.17718366927553,1.31103167126261,1.75976444172361,-0.183294954550515,-0.166876982549283,1.09053631820385,-0.476757208571644,0.0517693323744878,2.32274175998482,-0.295105789299016,-0.335505787304429,-0.14023318687573,-0.293186190419707,-0.198356626408896,-0.546304499950118,0.0848477042756139,0.434180443324145,-0.118235548813272,0.306034122593206,-0.0624069010517297,0.810044333407107,-0.284481962625002,0.446564944660691,0.626431175065977,-0.693463605760583,2.4333647519198,-0.552162945094434,-0.244273516520673,-0.574599419614801,0.383639686933562,2.09719471368728,-0.209814328500083,-0.243596309168467,0.0324154884183021
"POL",0.434846090973272,0.300473718539504,0.672056320588232,0.415681768378183,-0.946387705708873,-0.910519092424231,0.252615115609355,0.168354487488038,0.990147511616028,1.39821701359063,0.667681528187139,0.829390952468721,-0.513654183398681,0.000509546269375074,0.777182567152523,0.635303501822363,-0.252038608693338,0.429861758889801,0.827398594348984,0.964418354260509,0.590868023203203,-0.0448049704721305,1.01537272637819,-0.804225943524582,0.288198938963167,-0.592533536256105,-0.0524237533263479,0.0759972141919785,-0.557058761771632,-0.514573314576882,-0.232599163266814,-0.168107510592224,-0.202051956059089,-0.113394701114341,-0.222971102572736,0.56549846657203,1.07347805756074,0.121074879457552,-1.07904755119299,1.12297010679154,1.35369499323153,0.582244361220126,1.18038809970371,-0.0513819470917878,-0.121597496183341,-0.207111451924238,-0.0578377794412451,-0.156676799555362,-0.0141827911094963,-0.069240835278208,0.397739390919269,0.0548264672770466,1.40648352710272,0.00937072693200318,-0.269399931087255,-0.0909308868187748,0.353539269248568,0.678683904065014,0.58462325804873,-0.385348934671246,0.0989062491907788,0.462909534922874,-0.155393661239807,1.00878070369656,0.359161604171451,0.152736725396739,0.16408103087236,0.596535819542878,-0.275106698303108,0.232880083714238,0.333095092855677,0.141927834754752,-0.445421244009816,-0.163170648064029,1.14228348566208,-0.00689387695278112,0.610141565416025,-0.0925612127737314
"CPV",0.66318135622799,-0.149008187358815,0.0928492043702657,0.352547567215297,0.833495618000213,-0.420032032110817,0.0750015470056253,-0.590139121166413,-0.198962638993076,-0.277553840404251,0.0633713473673825,-0.8291420795546,-1.00583459951911,-0.548443361187605,-0.751248558139302,-0.629024617455596,-0.252038608693338,-0.803956248147191,-0.196689278764408,0.204994478170085,0.0287984968003308,-0.221734101818144,-1.15040950840291,-0.024966177950225,-0.187824537829863,-0.744894540696055,-0.667505554171774,-0.887628518352368,-0.0972677485176956,-0.264671452207159,-0.000701754332239775,-0.208667349662024,-0.320362206785807,-0.212225118206266,-0.364391184443159,-0.966546100550555,-0.505568854641468,-0.31785134960868,0.227024887934566,-0.598880833731682,-0.602140888010036,-0.527318141228136,-1.24143723492097,-0.680867186591558,-0.0303561361171401,-0.677378008601646,0.0133739503157254,-0.199316372878077,-0.389657971830645,-0.204122624177547,0.0381087618275353,0.0612254566581588,-0.765308682263895,-0.316686877796941,-0.445436805649708,-0.133891860155344,-0.34713782054313,-0.860824295507955,-0.0649765865233807,-0.385348934671246,-0.00765801953441721,-0.703080691882378,-0.472216454693479,-0.543648155662681,-0.587055118611983,-0.451727144717726,-0.112850171552654,-0.608139320262957,-0.61546964727036,-0.630010180048139,-0.269739193220932,-0.237268568701376,0.104264543688251,-0.622351022303576,-0.572484660601986,-0.372188916601274,-0.507146358085793,-0.153191408905096
"CRI",0.434846090973272,0.122734716912437,0.416948699778847,0.340930659847705,0.603884714927479,-0.855096509341981,1.34437171843602,0.449379949703503,0.562355392777616,-0.296383376904583,0.264885813832091,0.140003388385963,-1.05824272290157,-0.57782058281133,-0.579137225594948,-0.502396001742079,-0.252038608693338,-0.499278740287036,0.201602026788316,0.321081520915602,0.18838031100167,-0.364826454690685,-0.248000243910785,-1.24311351969065,1.52664485062895,1.19049998855918,-0.419899240267459,-0.946453652103828,-0.197874451158696,-0.477313885295003,-0.400664766512233,-0.165102665650157,-0.279110104093656,-0.213493715201518,-0.314180124100064,0.654061554703169,-0.329821446810502,-0.282265562330867,-0.481591733645216,-0.218420495402405,-0.0303787758916968,-0.45744773162996,0.02318595290998,-0.421535142426905,0.0761923509547549,-0.902288100925623,0.31863306699853,-0.198052959424522,0.89763475506832,-0.103424968114302,-0.168782542341481,0.0626491930204167,-0.345903354086852,-0.325288483732416,-0.360005554678782,-0.136989073672449,-0.732787813592428,-0.446261194405085,1.81027741845816,-0.385348934671246,0.0731660645265745,0.692344924638855,-0.449656227335056,0.169061938434417,0.629830160196301,0.828034162819091,-0.467005564393571,0.141965021781852,1.65469876812163,-0.630010180048139,-0.57143310802199,-0.0214716814672765,-0.363460511844025,-0.404436956010078,-0.469422178411386,-0.291815570754738,-0.283318606174421,-0.149528655993654
"NER",-2.04422250322081,-0.870576531815975,-1.04965964770014,-0.840671635131308,0.542237785274636,0.124823491098627,-0.108147826734626,-0.913477370374196,-2.46216708276651,-1.05763246720766,-2.4159518540523,-1.45034685196201,-1.56970916535785,-0.127677606401684,-0.746201431305059,-0.5829440374221,-0.252038608693338,-0.803956248147191,-2.18378816056211,-2.10726351989241,-1.83976125755348,-0.728244877518496,-0.969927655504485,-0.16362123625154,-0.584389125055827,-1.10352757885292,-0.789021081782764,-0.887628518352368,-1.08357856179752,-0.535839020721866,-0.328191279908341,-0.208000911941531,-0.349221722157995,-0.212225118206266,-0.390123922979067,-0.770538186513808,-1.47982551814977,-0.306273830477109,2.06293484828303,-1.54537775781648,-1.39620117694018,-0.566812310653107,-1.23946506471717,-0.776039995469621,-0.427212640512589,-0.677378008601646,-0.713294981457754,-0.199316372878077,-0.456096801629983,0.217176959445925,-0.163228223591611,0.0638887479448957,-0.910105850624198,-0.316908315346273,-0.45430329673171,-0.140567234602104,-1.00707854171263,-0.735830395677944,0.511889599252688,-0.385348934671246,-1.00827844775511,-0.716920483118713,-0.475243212747483,-0.543648155662681,-0.612353207430119,-0.0701644152950052,-0.896862184691435,-0.608139320262957,-1.07820332831315,-0.630010180048139,-0.571889051541222,-0.123024342147495,-0.317969223117213,-0.640465518686967,-0.595898344726953,-0.419636625391263,-0.696518490833877,-0.154383574359487
"UGA",-0.869926853339405,-0.769816674544268,-0.726729923753375,-0.58961967855467,0.366772196188122,-0.609260526518003,-1.11894717607379,-1.07212496821183,-1.46453095136909,-1.11986443480414,-0.547516940593066,-1.4436804850192,-0.478380136517327,-0.557249106239765,-0.757685772118352,-0.527491136025858,-0.252038608693338,-0.803956248147191,-1.52761949882802,-2.1450506639062,-0.374866940967263,-0.713697048261143,-0.969927655504485,-0.269013343387974,-1.08088058547709,0.817428817368488,-0.466022361715029,-0.5768465927705,-0.999272804309045,-0.497230372322333,-0.293051655216341,-0.216809066555108,-0.17667923226707,-0.208447107649259,-0.39801202738903,-0.335197114178991,-0.508641802927942,-0.279479058842556,1.89523308835603,-1.38895467341221,-1.06968094203002,-0.570700913302424,-1.20878965301221,-0.37119922338941,-0.446233854189128,-0.401351986204037,-0.611955548999829,-0.199316372878077,-0.456096801629983,-0.246094627618826,-0.744939551016842,0.068546876533289,-0.910105850624198,-0.315769028847937,-0.45430329673171,-0.124477696809926,-0.157553442978973,-0.444177962741251,-0.793429662231963,-0.385348934671246,-1.06435722321441,-0.984374314388159,-0.346959477565201,-0.694888994352087,-0.605533794762916,-0.54382604862249,-0.570150351567692,-0.608139320262957,-0.689632903288969,-0.556105588268367,-0.487486818438172,-0.451502384322337,-0.486270758479649,-0.640465518686967,-0.568893687153396,-0.423139920955303,-0.660435251622058,-0.153145973424078
"HRV",0.826277974267074,0.621485862548936,0.525130287737899,0.310016760213093,-0.675368852601112,-1.27400760162541,0.358576695584437,0.693133214752447,0.789730874494201,1.04427726966961,1.12767585772198,0.951860340062912,0.871812440714828,-0.323604222833376,0.246563073378518,0.473650358462355,-0.252038608693338,-0.563487636571614,0.876444700582321,0.925442407257668,0.933193587738424,-0.0279694468211108,0.473927167682914,-0.164385316293612,0.551587888183327,0.51826820268049,2.35431644055727,0.275105742201015,-0.286227688454646,-0.477313885295003,-0.19223463874657,-0.122815513667362,-0.144736660652288,-0.208208863847312,-0.254032964628342,0.56549846657203,1.09788428148633,-0.275617867605744,-1.0987368082269,0.978799034871005,0.874147841024748,0.292876295530162,0.533854928935962,0.560650471104492,-0.720236039697252,-0.769386682734182,-0.355059262525831,-0.180083194679962,-0.0212076101150582,-0.205956676908411,-0.0642821347322972,0.0716246452961701,0.080817464063898,-0.175934768785471,-0.231981905067792,-0.125492219107008,0.928339769885859,-0.110860896527889,0.406169206616368,0.720861088023977,-0.903192406811675,-0.0946575867979889,-0.18786419571074,0.88044881963633,-0.0601153640254743,0.222031110935559,1.85757554702085,0.464031972392483,-0.400600464558615,-0.576341925056144,-0.0879757725360854,0.530938874020484,0.768531377531022,-0.0546501227972827,-0.301169659011614,-0.0727766944296416,0.26654377155677,-0.123402987765621
"LVA",0.989374592306159,0.6037465912551,1.09466899488147,1.04138711406488,-1.34367219890483,0.337233664309857,0.758999441951568,0.458941093201901,0.717195991735269,1.23727358983994,0.704686800338645,1.10870985612089,-0.477947984631864,0.717612806857673,0.106135939913236,-0.0448351817202075,-0.252038608693338,-0.247479147014182,0.790598869698013,1.01750762688662,0.617563136033931,-0.198753167207027,0.834890873479764,-0.123532503377494,0.153861711495585,0.555983468780619,0.890945210078544,0.676367743075706,-0.68781264440853,-0.514573314576882,-0.272663105695652,-0.0782578890341825,0.109802570411612,-0.208361546090898,0.0527984258940506,0.56549846657203,0.276665346516607,-0.30016080163943,-0.99316774893984,1.11848127681919,1.59936017229404,-0.234968403742159,0.397790620829223,0.0575189786718143,0.152617793573382,-0.334901277108316,-0.766721321597932,-0.150329661766243,-0.394045326379283,0.418694089010993,0.118483426325667,0.072675448867497,0.35083827371241,-0.0533674772698783,-0.102561883423945,-0.0909308868187748,0.304442140677791,-0.465010279379587,0.683445710849797,-0.385348934671246,-0.631982316299418,-0.436566196628232,-0.430509868963934,0.638147646029228,0.419778119053731,0.382504555736989,0.893496973706736,-0.652126680177598,-0.0242986324511016,-0.630010180048139,-0.00881957589538337,0.946105406480432,2.21481553888296,-0.0546501227972827,0.787817993274251,0.0927506478706164,0.553670323866116,0.0549148146111576
"CHL",0.467465414581088,0.626889490406972,0.828948438114206,0.594797451709078,-0.785049090595474,0.483590174391758,0.509866711230377,-0.0710758635634616,1.04749089835001,0.292321377072599,-0.169060486260574,1.70786417020872,-0.222590578557337,-0.542676142328473,-0.472641874962561,-0.453077134051161,-0.252038608693338,0.975007878325531,0.84706550076541,0.794880381067785,0.872933296274942,-0.0420897594508194,-0.0675183910123604,-0.126181314190019,0.0211705903565196,0.506035706037674,-0.170899837377768,-0.491049202353695,1.09051847356332,-0.514573314576882,0.352402280762097,-0.140163657965078,-0.125568341872676,-0.162026515986455,-0.177483595986786,0.769630901109273,0.174193900076281,-0.162165305889936,-0.723258081579288,0.45377296572717,0.0339111032242622,-0.388916379808277,0.511115653952511,-0.614928554395992,-0.127711880518108,0.048468198443918,-0.304132503310208,-0.172336263458823,0.252055984105389,-0.234909265405795,0.398194391193506,0.077468459200549,0.528306493476825,-0.257965483392317,-0.257460910118907,-0.120664229315041,0.227301960320639,0.184957999736471,0.150686289259682,-0.140973345606499,1.72107824323909,-0.0424382223961444,-0.417592191132572,-0.31442223354997,-0.377249749100646,-0.525486747780771,-0.187180740999485,0.21676593013908,1.06615947650769,-0.0544931946285947,-0.558773651352464,-0.373848390060427,-0.142673442575868,-0.120384665729514,-0.529093555410622,-0.228582196554786,-0.380117706056274,-0.139013387172826
"SRB",0.141272178502919,-0.155668766099349,-0.0203280037689124,-0.158476529112656,-0.293864964896062,0.0976402958402103,-0.665787594748381,0.458941093201901,0.365183092742052,0.448208552633332,0.971453983296976,0.713539892995218,1.61753465640619,-0.213817903481689,0.235341718743008,0.00165450757912319,-0.252038608693338,-0.589926593865264,0.4032016790601,0.51786840294204,0.837503385495924,0.192666085422699,-0.428482096809211,-0.152618483645706,-0.533343556874902,-0.180026480501525,3.54616169296605,-0.392613556758636,-0.596836281735908,0.479057617305,-0.19223463874657,-0.198479420974987,-0.36261079633349,-0.195060461471033,-0.32799663688985,0.506698512741838,1.04584483334368,-0.274600465488041,-1.07555448747922,0.321012787561073,0.426930060757893,-0.140625589401203,-1.23656243932623,-0.502288590623806,-0.551134678209453,-0.646708450557467,-0.364031921446246,-0.18331233330489,0.171522821644493,-0.415638410881883,0.0992657992954003,0.113514289878969,-0.535380342013921,-0.24177844953245,-0.285142420800042,-0.0917116246761276,1.53768778507719,-0.171274614779061,1.42322096044652,-0.385348934671246,-0.952361545628598,0.0631889002200064,-0.04703764162258,0.703819382671554,-0.198535768557532,1.09528949556469,2.40182831960317,-8.21425744212912,-0.375885612569826,-0.630010180048139,-0.450436165681358,0.765898213068545,-0.349801660260103,-0.355880590961109,-0.344292451743948,-0.293615294743209,0.136765925797772,-0.0906615393504729
"ALB",0.304368796542004,0.112437843614337,0.0163653853890176,-0.254943304083207,1.01147446742497,-0.0988332788056241,-0.88044990453494,-1.17854913495208,0.192238689819818,-0.985399721731327,0.754461635625539,0.446205249821025,-0.0518360460511338,-0.525416892144079,-0.746201431305059,-0.733170819423956,-0.252038608693338,-0.803956248147191,0.428733541592768,0.029102007370436,0.643374954690113,-0.221734101818144,-0.969927655504485,-0.402727350750549,1.33282166876327,2.15022081421569,1.52356252037943,-1.01121299881302,-0.611302540071629,-0.342168676055243,-0.293051655216341,-0.207220701601399,-0.320362206785807,-0.21764407809907,-0.366233690382627,0.611930706500703,0.856381855017674,-0.305656962038154,-0.745288917179532,-0.332474498352719,0.0859534071726932,-0.520308295594482,-0.965451844272003,-0.797297482551215,0.728586769838504,-0.902288100925623,1.74718797573032,-0.192566194491996,-0.301091255348933,-0.879128444150292,-0.274710762894763,0.131423372780695,-0.535380342013921,-0.299650172824699,-0.346362345433048,-0.138146260888032,-0.700773777503959,-0.72749746902261,1.57241392166992,-0.385348934671246,-0.725794203070668,-0.959313204018151,-0.317298104418002,-0.359194953404431,-0.608583473494498,-0.171361764322118,1.20465219790875,-1.20249997499947,-0.147034022884796,-0.630010180048139,0.544738774931646,0.130049455094826,-0.270871514578858,-0.530671888293706,-0.547041279554016,-0.303443361236605,-0.434797674558308,-0.152191729686302
"SWE",1.21770985756088,1.60114737109199,1.68304291646519,1.6488342161508,1.17503481432591,0.127256464281648,1.92348032927129,0.554057910258612,1.50340194868015,1.30555428196597,0.362706607287926,0.971954494720628,0.862321282824611,0.071510318392061,3.36871873303906,2.53270318364906,0.745694269494802,1.59569387574312,0.811483534859866,0.989659681970067,0.982952492904524,1.73880643689712,1.73730013797189,0.197024543606374,0.0691204484405009,2.61560802409016,0.398726022921625,1.13623418149615,1.49499937405961,-0.0875905361241462,0.358953717427403,0.114877644018547,0.940972961040764,0.172764054391239,0.636490737884011,0.56549846657203,1.04610431223712,-0.141393210146925,-0.785808336800552,1.96393377884224,1.78630162029722,2.50201755253036,1.44459185816089,1.83132278664371,1.58175579731382,1.87330690207255,1.27193886701182,0.785796839132066,1.55050984011567,-0.0606732211039503,1.92565047580739,0.13505396282148,2.25951992337204,0.949267782481896,2.8895899494659,-0.098680634360577,2.16121145976137,1.59530583615176,-0.24241957329325,1.24546936629146,2.10373506202573,0.933236068806326,2.50810556432912,1.60772403246477,0.583514487351692,0.892158483866082,-0.333755908943285,0.925721024691654,-0.225800387986613,3.10801559932925,0.115511417996859,1.63073070624958,0.682881093955245,1.8983450843131,0.106258738975784,0.789297001934958,1.99287999052156,0.0639176342634149
"LAO",-0.217540381183067,-0.873180940758555,-1.16918185521412,-0.97506487403282,0.845136116763465,-0.609260526518003,-2.00563886700136,-1.17854913495208,-1.63708824095334,-0.985399721731327,-0.0936255246122655,-1.12579977695476,0.0397743552442221,-0.64011958964925,-0.746201431305059,-0.761929341224522,-0.252038608693338,-0.803956248147191,-0.278010098863653,-0.608988324411104,-1.75099019301159,0.332118343421992,-1.15040950840291,-0.402727350750549,-0.483265622338087,1.78122427150166,-0.69456109996387,-1.01121299881302,-0.711334468353756,-0.264671452207159,-0.309905841237225,-0.203114186626011,-0.320362206785807,-0.212225118206266,-0.364436255363379,0.685951137752697,0.55586047859123,-0.301799729564446,0.686602981471435,-1.11076228339011,-0.922445307981543,-0.546022573337639,-0.965451844272003,-0.23960466189458,0.824831146994114,-0.63648526454274,0.887498030629265,-0.199316372878077,-0.456096801629983,-0.847335012516183,-0.8843779600784,0.137099346156812,-0.765308682263895,-0.339820711752429,-0.45430329673171,-0.134866563810661,-0.953862858638329,-0.700415457392774,-0.855007345676973,-0.385348934671246,-0.219194146644306,-1.03435286313475,-0.475778549495428,-0.896344571188778,-0.183423789478032,-0.590861219096464,-0.736755420111734,0.0710320174721479,-0.65131354194132,-0.630010180048139,-0.565760032997316,-0.451502384322337,-0.317969223117213,-0.640465518686967,0.101407975204504,-0.371308700195388,-0.681528525712061,-0.154431811769758
"GEO",0.271749472934187,0.708163422651663,0.851421170974837,0.112625072094342,0.979030222901822,2.45823236898107,-0.332287415532135,0.458941093201901,0.820275075840269,-0.696689541007339,0.849492344701965,0.873096316322799,-0.413239977324777,0.914267174159083,-0.061106632890111,-0.5814842611781,-0.252038608693338,-0.803956248147191,0.462489896158207,0.594317970179875,-0.57944768617187,-0.121281427346224,-0.608963949707635,0.0203182992098952,0.123827809986361,0.583082445111664,-0.710760448088093,0.857884258237691,0.131835898273459,0.310963283395836,-0.392548929570471,-0.151393321914971,-0.312670823662417,-0.21781174698028,-0.322265769021682,0.769736159362646,0.617511198024568,-0.295399341099108,-0.486347365454969,-0.122559938646797,0.708192438424575,-0.520308295594482,-1.19999608882552,-0.499805644869276,0.247100979172944,-1.05563589114652,0.735573810706783,-0.188316818106814,-0.185916872106033,-0.391953369359484,-0.380171462054604,0.151526430508532,-0.345903354086852,-0.200756617395733,-0.401825233556955,-0.0400884553437984,-0.393551378368529,-0.412929487783749,3.00854264386789,-0.385348934671246,-0.885803200435854,-0.654409666746518,-0.406237979630787,-0.145701212869507,-0.520593560963188,0.531860118526758,-0.624718388449925,-0.389982973536039,-0.124114594764307,-0.386545802717652,-0.0791402497941304,-0.0431248894645107,-0.321784372917613,-0.530671888293706,-0.458020128088329,-0.318898198366377,0.184254963840335,-0.132644840459789
"BHR",0.0434142076794683,0.604449615440514,0.993079866911184,0.426480441763498,1.62575434283329,1.69163024384211,-1.50190442040969,-0.149143016516145,0.515593226214767,-0.60897771117982,0.391934329466807,0.204212070969931,-0.728239837553331,0.372380097558582,-0.502693672510912,-0.291360706136698,-0.252038608693338,-0.146759309705039,1.00200425217116,1.02737488475049,1.07834826375551,3.07841732997098,0.834890873479764,0.636013997111394,-1.18876740692744,-1.16705032255108,0.135481521803682,0.742668816293785,0.231007651564598,-0.351682512556932,0.067560426578815,-0.1086499400907,-0.113832306600112,-0.212550079549346,-0.120638729819358,0.128148096327342,-1.15288010802704,-0.294607355609909,-0.615566846131543,-0.251790594387295,-0.576377788706028,-0.499347821212078,0.0122883810050577,-0.885235330221256,-0.0785071088570958,0.447172453018242,0.90703020350414,-0.199316372878077,-0.31145882282689,-0.86040438696089,-0.105000281493747,0.161315743167613,-0.705089277201273,-0.324061113132014,-0.422095939673729,-0.126363489684622,-0.641739078291681,-0.669166982435271,0.142604345809991,-0.385348934671246,0.9708471353536,-0.733882355487478,-0.267261727497241,0.255365116220278,-0.414541410109903,0.147339213122739,0.102383800783301,-0.551236585170096,-0.970787588672512,-0.4921404654504,-0.550225565782677,-0.446971862600308,-0.653756421996991,-0.234765344816683,-0.0881827529922422,-0.360646616879071,-0.420144889240716,-0.147926321537527
"NIC",-0.967784824162856,-1.36003780417099,-1.11556246527077,-1.45450987656583,-2.18798753403777,-1.01095845967641,-0.915368212190544,-1.69761103086435,-0.69148711065378,-0.315083777224153,-2.40484689305022,-0.637616118917062,-0.497494533397106,-0.520030534042142,-0.749552514547713,-0.716685575598414,-0.252038608693338,-0.803956248147191,-0.986533145648759,-0.565666975588917,-1.14843635027535,-0.63410474715986,-0.969927655504485,-0.215680556451359,-0.423810272386559,0.236511359404065,-0.750241278225508,-0.887628518352368,-0.664713734315686,0.647530906987257,-0.309905841237225,-0.207220701601399,-0.338102944378526,-0.21795283726223,-0.363265368922269,0.468307027497025,0.309364056456538,-0.305149774624019,0.558859124864726,-1.14409069641287,-0.944504761726289,-0.546022573337639,-0.404250983407875,-0.430404740880105,-1.96851675901625,-0.805167833785724,-1.78809519965692,-0.199316372878077,-0.449780733938738,-0.489101421238104,-0.796251645863905,0.167034230604932,-0.765308682263895,-0.333699906242223,-0.451051829004617,-0.136725873502607,-1.107205591212,-0.72749746902261,0.581301929132939,-0.385348934671246,-0.895540311879752,-0.507038765460058,-0.475778549495428,-0.907380042979282,-0.592010189225491,0.00900963666455281,-0.798576863333265,0.0710320174721479,0.0801984971436856,-0.630010180048139,-0.540765168127222,-0.414348257768482,-0.333276738386432,-0.640465518686967,-0.41325770395224,-0.397435491303517,-0.628794034549033,-0.15460920022298
"OMN",0.434846090973272,0.138626545772117,0.299434320701101,0.581573501866624,1.41251190683113,0.473242739985005,-0.0246739911639547,-0.267622295647961,-0.310369733336787,-0.281824798202169,0.450802508833884,-0.212491880866906,1.55545564300389,-0.418148144099,-0.502693672510912,-0.475060064434073,-0.252038608693338,-0.404853892809714,0.949330539152329,0.559252111136484,0.610643998333319,0.734683126656517,0.473927167682914,0.00814395720621194,-0.93636658432919,-1.1183137820819,0.182415885121552,0.319110050644372,-0.0392713823239917,-0.351682512556932,-0.270945727808109,-0.176397916356097,-0.362569940150841,-0.216537383783971,-0.315459397865822,0.441799842435607,-0.560999981550965,-0.267498677348058,-0.0766826190272032,-0.33889208975514,-0.78421763509436,-0.499347821212078,0.149852577041303,-0.515987421445352,1.01271267256303,0.242708732723717,1.65685510763333,-0.198430729857,-0.212848149355588,-0.618360665273515,-0.406920758344955,0.221319562914807,-0.989633965670683,-0.140401630222687,-0.444873613010307,-0.109739789753972,-0.479995013387868,-0.465010279379587,-0.231463983014549,-0.385348934671246,-0.927733490943,0.229755572826311,-0.45907373242186,-0.552659695248053,-0.380995307598324,-0.552725406786881,-0.142746383131141,-0.0231777731920163,-0.0961021902903684,-0.261595205304451,-0.565427083186609,-0.446971862600308,-0.750368471319892,-0.355880590961109,-0.423949664848482,-0.40435022347559,-0.598182849098913,-0.122565154071138
"KHM",0.336988120149821,-0.501254536880758,-0.90703102824086,-0.960229678074122,-0.332365172761061,-0.281482970396179,-0.85834255259704,-0.627446462920848,-1.00105839529774,-1.56046103117865,0.688290633988385,-1.04531332534633,0.0488821877143324,-0.673879514519234,-0.7505662224161,-0.706634504771898,-0.252038608693338,-0.803956248147191,-0.254831611579306,0.188027796407658,-1.14318565712666,-0.60515594371687,-1.15040950840291,1.32108816283302,-0.0503778936626531,0.0434188320761743,-0.654054705449684,-0.994008546588429,1.54609403339723,6.27030341637795,-0.259856236452644,-0.205708445313471,-0.373950846039634,-0.217040390427602,-0.367689339080564,0.380263437624828,-0.0951441732047215,-0.286653734797334,0.574433062519868,-1.29964112275582,-1.19659543190298,-0.559639399913358,-0.404250983407875,-0.5474262258944,-0.99889019824541,-0.779609868748908,-0.321337914750325,-0.199316372878077,-0.397110750307132,-0.914466892099636,-0.648163922281524,0.222080800030197,-0.81848164923386,-0.340711506933028,-0.452899128574433,-0.140567234602104,-0.995810809974069,-0.658750824116104,1.01381996783672,-0.385348934671246,-0.991798661425291,-0.784523203280087,-0.43313777341194,-0.313720662223961,0.511287869077426,-0.468400002715786,-0.695147019281536,-0.00969654642041437,-0.618120580369897,-0.630010180048139,-0.550067256742493,-0.399519332992243,-0.317969223117213,-0.622351022303576,-0.313278667399411,-0.410488040988777,-0.587546637557566,-0.120981401265759
"SYC",0.956755268698342,0.524581731566651,0.0585388424515681,0.387895698822735,0.779242724202904,-0.234418938376495,0.145689905925325,-0.619566164455182,-0.157069923229452,-1.05763246720766,0.534868128855269,-1.15260781355978,0.640387644572714,-0.701318407961287,-0.739763150072986,-0.629024617455596,-0.252038608693338,-0.803956248147191,0.478164689587941,0.191915681913234,-1.07713488163004,-0.561901811065387,-0.969927655504485,-0.0259340126701925,-0.0633715751791824,-1.0613487418561,-0.307856605466877,-0.5768465927705,-0.785077532996786,0.0611555884702492,0.128528401755881,11.311770912507,10.0011238239383,-0.213082036317305,9.74417609583648,0.535288664265703,-0.508641802927942,-0.318245828708563,-0.489459689173281,0.506262468505973,-0.809087590309565,-0.566812310653107,-1.18759196371977,0.114354641040249,-0.168633537808493,-0.483137474321847,0.336314916317586,-0.0437458553863696,-0.390299664877489,-0.983077579608995,-0.921472793980308,0.224546061650751,-0.81848164923386,-0.306948784859342,0.115225433689304,-0.137354230865612,0.209269749490432,-0.794160882265282,0.142457280978221,-0.385348934671246,-0.665520039237514,-0.908994345338664,-0.408186357732059,-0.313720662223961,-0.609579077870609,-0.556203420341612,-0.441940046566473,-0.0231777731920163,-0.534333961739612,-0.630010180048139,-0.577400131370153,-0.237268568701376,0.925250283132365,-0.615312373235369,-0.578198723283952,2.57806875107963,2.02390064571849,1.20103475509536
"MNE",0.173891502110736,0.108257592819512,0.234390940830451,-0.123646652739151,-1.34091200901108,0.0976402958402103,-0.330680542427737,0.60643112733028,0.525891400063924,-0.277553840404251,0.959212616169389,0.14486054248355,-0.278247169237286,0.136956042740913,-0.463618475210613,-0.481838261133915,-0.252038608693338,-0.803956248147191,0.647872616199596,0.695091071480659,-0.794382601978102,0.336056024878235,-0.428482096809211,0.498530528207927,-0.0201469487378191,1.03902988966509,0.811807344918285,0.00450204768031602,-0.376569018166254,-0.0853797781417933,-0.19223463874657,-0.198479420974987,-0.36261079633349,-0.215424923267816,-0.32799663688985,0.633255774423918,0.602947015844609,-0.314509454943733,-0.646367471478689,0.709166487454251,0.562927128598037,-0.520469441471118,-0.747557543479552,-0.600116801979822,-0.5740103467078,-0.835837391829903,-1.11090763798306,-0.189148633165877,-0.369733482889139,-0.489527031979598,0.548315488078628,0.292115030092995,-0.470392662336341,-0.284340754578157,-0.259759802796297,-0.0917116246761276,0.610150641641835,-0.752496248988612,1.77717230264553,-0.385348934671246,0.369204528855331,-0.883082473299459,-0.455327314524261,0.111649240791336,-0.578294087927999,0.374242968740348,0.432917811680476,-4.34919115946095,-0.287763030748985,-0.630010180048139,-0.419845149648861,-0.0931351758831643,-0.321784372917613,-0.36757951088697,-0.517993741890806,8.83588726997801,0.270039479460672,0.0525825654785339
"NAM",0.206510825718553,-0.13002630336485,-0.236121000232778,0.401389708557531,0.618767955980451,0.612782519096075,3.44438102617103,-0.990169864168877,-0.431812106369682,-0.696689541007339,-1.18160844681002,-0.771779285762453,-1.8754848013613,-0.368224904916268,-0.673429835647891,-0.21548023526233,-0.252038608693338,-0.803956248147191,-0.209226238529708,-0.349224992483889,-0.901555628489702,-0.62532931705736,-0.248000243910785,-0.0604704305718401,0.0227878284438656,0.0929502779021154,-0.58679033972621,-0.00999438683071495,0.0209576423336164,0.0611555884702492,-0.293051655216341,-0.208667349662024,-0.274571304029827,-0.211433008814906,-0.375881793486661,0.352526210223521,-0.973084142237644,-0.31104204420155,1.14147739357693,-0.538639814733347,-0.619387078558565,-0.527180016191019,-1.18290469477316,0.341357292824415,0.634666557384691,-0.63648526454274,0.141233890395186,-0.176694567930588,-0.400314120456376,-0.333699666320538,-0.18178933626698,0.30498945107601,-0.738324250610893,-0.270913688756763,-0.443108628056421,-0.123257473003773,-0.450671553706375,-0.685832835745939,-1.24444123754214,-0.385348934671246,-0.534970955570305,-1.11327428160578,-0.396276076550482,-0.670387674953681,-0.480021551850679,-0.584206045599914,-0.669449856213807,-0.608139320262957,-0.7295884248004,-0.630010180048139,-0.250463556627795,-0.187807190269301,0.925250283132365,-0.622351022303576,-0.55173024207263,-0.338764479032373,-0.636849368125643,-0.12337132488725
"MRT",-0.348017675614334,-1.00581170959245,-1.2438993788842,-0.766429167208426,-0.217766673689124,-0.609260526518003,0.370419717868746,-1.32690676056792,-1.94111042578363,-0.985399721731327,-1.51593037568615,-1.40687149329423,1.73966669925599,-0.547673128041097,-0.688099204655292,-0.807089425409892,-0.252038608693338,-0.803956248147191,-1.53776817289192,-0.672132150929931,-2.52480496181261,-0.663329140394599,-1.33089136130134,2.39329621653771,-0.940272484877852,-0.744380362437062,-0.710964991071786,-1.01121299881302,-0.824655515318811,0.293231082822822,-0.293051655216341,-0.188422403400705,-0.330468483812762,-0.215219083825709,-0.351268626054032,-1.18818126957848,-1.31863431734333,-0.310526473524371,1.7249975421016,-1.20798391489876,-1.35876264661899,-0.571004236470749,-1.27649036201463,-0.713334149455796,0.115456593620937,-0.483137474321847,-1.42143729626606,-0.199316372878077,-0.4542073384431,-1.04925654266903,-0.676687015345868,0.311622198552587,-0.910105850624198,-0.333947040886993,-0.45430329673171,-0.140567234602104,-1.06064275601977,-0.842075210533453,-0.323624605419868,-0.385348934671246,-0.492897543938838,-0.984374314388159,-0.475778549495428,-1.52314754716652,-0.614506392386115,-0.6087520289152,-0.833873855573121,-0.608139320262957,-1.04166935211867,-0.556105588268367,-0.569599916396295,-0.363539918463416,-0.317969223117213,-0.640465518686967,-0.595763908960406,-0.423982550875729,-0.681434889933319,-0.154472711165616
"SEN",0.108652854895102,-0.0872800757895781,-0.541003415981154,-0.372882752559567,0.233726500453339,0.544525331202758,1.28715435541805,1.74675395425661,-1.55921288847834,-0.696689541007339,-0.845307340927495,-1.08836947530283,-0.419254261904342,0.249916707627845,-0.535515888688086,-0.279887050817623,-0.252038608693338,-0.803956248147191,-0.438659789680912,-0.446172842131917,-1.00799257652251,-0.664414907224087,-0.969927655504485,3.06802983235664,-0.146866472280021,-0.90538507123601,-0.681035106733042,-0.00999438683071495,-0.635503321746462,1.11646629963357,-0.293051655216341,-0.137061843852692,0.0477827761434131,-0.207274448631708,-0.127199118841891,-0.823896217351715,0.108945484097705,-0.297237604389825,1.43542832110675,-1.348034670629,-1.21275492885951,-0.546022573337639,-1.18290469477316,-0.896884038906751,-0.282476887974491,-0.401351986204037,-0.828622791646958,-0.199316372878077,-0.405919836529911,-0.663706690028667,-0.285050871925734,0.329650514700875,-0.738324250610893,-0.308820750774246,-0.451528645010964,-0.140567234602104,-0.662052594350307,-0.619169422503267,0.204944919491681,1.20695286144328,-0.0773841892430055,-0.00600533208982845,-0.403535114653811,-0.802754014821395,-0.59560117041956,-0.279941445583539,-0.706979320039744,0.0710320174721479,-0.957774183149042,-0.318687135386685,-0.496010539686892,0.0165705337465067,0.257165238117172,-0.640465518686967,-0.58264478140268,-0.415352428846165,-0.662226408614425,-0.152459676836587
"EST",1.21770985756088,1.22865979622655,1.37217224300479,1.45757097188296,-0.125315112141999,1.59786803732669,1.01002498720344,0.0513385719353608,0.546686779239473,1.84378158489715,0.782145088193747,0.537304589835234,0.693451044446737,0.476672961481768,1.13501746141721,0.893119415483535,-0.252038608693338,-0.149277305637768,0.904565070532551,1.2473305946242,1.53128188770334,-0.0824958361045332,1.01537272637819,0.492621642549248,-0.0405257854287366,-0.414267149971778,2.75380569788515,1.18857029833449,-0.0479671621404992,1.17085574921228,-0.232599163266814,0.999110343880975,3.40963545160345,-0.166837045157655,2.30830324581817,0.56549846657203,0.921136808254125,-0.303947474982522,-0.97054796713263,1.23976362687146,1.67650136246852,0.644551143926463,0.943081730287024,-0.140142193926779,0.397027651328217,0.217150767686901,0.158536126075197,-0.0809307503619159,-0.340841404874288,-0.152214325873037,2.39289680525306,0.365971509677693,0.961021565413792,-0.139035480968768,0.0243436217997043,-0.066273756048793,1.72247322810439,-0.112944128191722,-0.89979049543843,7.35151458021416,-0.558008614130424,0.242212219487727,0.147258431791916,0.927885687215253,0.331407207492026,1.3982177685003,1.66742478280394,0.355384718611368,0.961944648792958,-0.373946708998171,0.261155650831554,1.39205522354444,4.49023977589725,0.375597543718532,0.0327473169101387,0.372080988024159,1.50299598671873,0.399023798743139
"MNG",0.0434142076794683,-0.683865956035106,-0.358231801586236,-0.276890531799197,-1.13572882839528,0.491426395791993,-0.330680542427737,0.60643112733028,-0.101098182678373,-0.267084229817782,0.640149259749137,0.510747784301578,-0.750449487697354,-0.433357659208085,-0.550214386958315,-0.738786773891316,-0.252038608693338,-0.803956248147191,0.290061007762932,0.55437569532609,0.681552891789941,-0.374694939859189,-0.969927655504485,1.9721352973477,-0.924178114718624,-1.04633207099153,-0.244759697667882,-0.00999438683071495,-0.473920873381774,1.66778448774178,-0.259856236452644,-0.21190871429861,-0.358328316813329,-0.21764407809907,-0.385670344235401,-0.16746136165065,-1.0287084227453,-0.303445876410416,0.537266446982159,-0.0470849713439944,0.796876004004049,-0.567961433399616,-0.913523561988189,-0.226886982007138,-0.728698285867888,-0.810279426793087,-1.00365742047737,-0.199316372878077,-0.331667764606116,-0.531970696368547,-0.357887262085639,0.389830206948807,-0.738324250610893,-0.178578920637824,-0.45430329673171,0.0316630015391604,-0.284186288546546,-0.667083750771438,0.554073163462319,-0.385348934671246,-0.685098416230232,-1.06922380601834,-0.462530385768088,-1.71873390485681,-0.563098364458607,-0.561269407045475,0.108905408471483,-0.389982973536039,2.89484322382171,-0.630010180048139,1.72367573081885,-0.371653308367037,0.257165238117172,-0.544757862485932,-0.587437229798329,-0.384556767224436,-0.486589838078873,-0.151402409235113
"CYP",0.695800679835807,0.649138826108224,0.669970037258229,0.597970077844527,0.331220359281977,-0.671467673641737,0.582367963492337,2.15546891196252,0.746641489724093,-0.299637148706843,0.926999173936435,1.50509275431732,-1.88902125171095,1.44693153691205,-0.0979507893146165,-0.184304249618199,-0.252038608693338,-0.424997860271545,0.946658862714221,0.512328987125807,0.678903009266303,0.179275564110409,0.29344531478449,-0.510615452691094,0.826976396382381,-0.694433785900348,1.16060467363604,-0.618025136898166,0.0576522615796179,-0.477313885295003,-0.283443316752495,0.731629465038949,0.987776741591369,-0.203328902025342,1.69782870872864,0.56549846657203,0.0406543130075282,-0.306368607923185,-0.927166111088891,0.983085660589312,1.75569187393744,-0.255729786998147,0.323318315590188,1.26592381629283,0.0816191555740085,0.452284046025605,-0.261290656245718,-0.0578594619939833,0.0753735956922039,-0.983613620389935,8.0718670639955,0.632016334222258,0.447526436019263,-0.197903286239628,0.0200506032225632,-0.066273756048793,2.18515904960105,-0.287935587953738,0.765336505897795,-0.385348934671246,-0.459393946269732,-0.493614175105618,1.68973987921228,0.0973923175700913,-0.536575412459403,5.13083660337534,1.78024014969444,0.0974194481155795,1.76237736038631,-0.438675410836503,4.17742124481248,2.03947262225421,0.275848773892408,0.375597543718532,-0.538440588998155,0.403101172156245,0.587127900224975,11.5387329900923
"MOZ",-1.06564279498631,-0.954036212245354,-0.93280632017616,-1.18332250984348,-0.630368439431504,-1.60542292409708,1.16243283496969,-0.0597170290039113,-1.14540226588964,-0.315083777224153,-2.42199546460307,-1.36438429311931,-1.98439749786644,-0.66318213511271,-0.745002965671569,-0.530057366875181,-0.252038608693338,-0.803956248147191,-1.92027790009963,-3.12619716451535,-1.4102840011297,-0.639685472188219,-0.969927655504485,2.67946966162836,-1.31283456575598,2.13620007122547,-0.567584003087558,-1.9547978152513,-0.918140004350835,-0.0311216800114084,-0.259856236452644,-0.205708445313471,-0.345176743126959,-0.215219083825709,-0.366328613294471,-0.0262432382263923,-1.0287084227453,-0.30516933557112,1.87994976598272,-1.39400111021113,-1.325199022348,-0.576317998145155,-1.25532766573309,-0.0177299189477138,-1.11363293189954,-0.779609868748908,-1.39486105946027,-0.199316372878077,-0.456096801629983,-0.523697192658738,-0.30437469693824,0.690085694943641,-0.990550335848247,-0.298263348133083,-0.45430329673171,-0.116949558941371,-0.468143922185918,-0.658750824116104,-0.593053423649353,-0.385348934671246,-1.0129201014831,-1.06074490556954,-0.475778549495428,-1.73772885744929,-0.60343367919634,-0.621866306662969,-0.706409239211537,0.0710320174721479,-0.240385603874273,-0.630010180048139,-0.398969436295981,-0.404521037702597,-0.486270758479649,-0.640465518686967,-0.592750426976555,-0.424048740902016,-0.688451796950982,-0.154473773970499
"SGP",1.87009632971722,2.39050384631924,2.31969005065677,1.80942961820494,2.44489127759528,0.934889445031893,-1.36615737055529,-0.171031221486705,0.917853202729927,2.68369426825704,0.151424769968208,1.49618811216323,1.94771376370335,0.754723118177246,2.65788777419435,0.900257231315365,-0.0482924630010293,1.82860849952051,0.994200739131331,0.940823967158444,1.47097252434128,0.842534639622935,2.27874569666716,-0.411641617908064,0.630608574254326,-1.14145953257392,-0.00842969355508284,1.65029994475519,1.5227386379722,-0.422483777109761,0.694172792803831,1.00098040942962,1.4382537652427,0.147533713378235,2.45156484754135,0.833337417898366,-0.624609312194353,-0.114289887858686,-0.992142035070843,2.13011817419808,1.95240196191352,0.785535591462205,1.37887706398887,0.98590230313103,1.65711138386369,2.29245752867633,1.45468113702562,0.180956441966728,0.523656364258261,2.01563444845213,0.953324459757937,1.17269700876664,1.31398316882551,-0.0778586675828384,0.504156220813905,-0.098680634360577,0.467620108457561,0.847425668835529,0.574593110251971,5.41776952224048,-0.131705129950487,3.40638340278692,1.18291047770135,2.03468067694329,2.94509747798887,0.0647247797949689,0.0609877950890392,0.364451046420297,-0.625280264900012,2.09584809159272,-0.420816317912245,2.77714096707365,-0.33405995842523,1.31630779230891,0.84007315732977,0.00289076209715155,6.70610330150764,0.510591808755688
"HKG",1.47866444642341,1.54983711806796,1.56048853332699,1.31464331412602,1.30039798896587,1.69055102984687,-0.289205312501266,0.918928503174472,0.967779101730921,1.93093617652991,0.60740027760908,1.57310397992664,1.13991034808648,1.67867214182706,1.32972593459318,0.209361141430673,0.268228319364893,2.29317874910893,0.947379660892375,1.00070658273292,0.788578702605784,0.0389678958978699,1.73730013797189,-1.33103366319838,3.88206367032221,-1.14803833179632,0.0574753263438128,1.86535177628913,4.16455963223134,-0.514573314576882,10.4754582166803,0.565727667115263,0.119424273579275,-0.14534398022432,0.853885945863617,0.834438893179264,-0.420370863095838,-0.186514027663113,-1.58277570308205,0.905834544810902,0.366728223155179,-0.131739545346719,0.932507155985632,0.0658643488029758,1.10199344290653,2.32312708672051,1.26643060847417,-0.103259990522731,-0.33039465394371,7.3572235846004,-0.771116763001674,1.26867894135536,0.517471149572414,-0.224156409555695,0.991857936356642,-0.0330500023197285,2.47481492516196,0.826593352197194,0.229877519828108,0.566874733596252,0.599324194285,-0.71366638230888,-0.371400130494641,1.56549769041457,-0.615070968392014,-0.524970925215136,0.0486303844276958,0.249456405991897,0.310636298084695,0.794617202397388,-0.225130722271312,-0.401582008887585,0.672675318979951,1.74748810380478,4.8212708940758,0.515729593218679,1.14562775596824,0.564328253706042
"MLT",0.826277974267074,0.273904857696041,0.571979489407334,0.67795696612003,0.00616463388075404,-0.319768186366689,0.366827827471886,2.00488252292314,0.734428645464553,0.761668627991567,1.05096409119321,0.944364973986868,-1.11056192583881,2.43434460495044,0.166207653921651,-0.249389814637262,-0.224352801539551,-0.803956248147191,0.972020280093654,0.858753492619331,0.94030901303338,-0.036090946702533,0.473927167682914,-0.468336357029795,3.40545329709528,-1.0591002534324,0.0629301972464806,0.302810925545101,0.108795701690392,-0.422483777109761,-0.235099162950828,0.539216312805987,0.342175713313265,-0.210998146007421,0.772308797901856,0.56549846657203,-0.6716811611628,-0.309820649349787,-1.26235494034781,1.16908329158433,0.675022015514668,-0.186667268439981,1.33811563155824,-0.267021490824767,0.0506717772376917,-0.309343312071501,-0.0922829971983941,0.0563594941725754,3.06849855942615,-0.530153118064383,1.16961412772448,9.1541234496512,0.999700289939226,-0.145383961748934,-0.116718263244885,-0.0909308868187748,0.0498205389694357,-0.552506009260594,0.0118278823556376,0.962950713227832,0.233999206733086,2.65872805422951,3.47381819982678,0.79410934596622,-0.0173788255176019,-0.367455983319482,0.486341872076786,0.86325497161482,2.28083216422459,-0.226824246067732,1.61412205896269,9.53042934582869,0.584217137546196,0.0907238095503771,-0.539378371011892,0.639361843381866,0.250731066192068,-0.0724823288962468
"VEN",-2.89232491702405,-1.92691012083302,-2.35332553391237,-2.39486291414505,-1.99242519257059,-1.82174134418423,-1.11894717607379,-0.332606583961222,-1.07827378489347,-1.05763246720766,0.737714667243786,-0.767870210897669,-1.24228722098903,-0.434594716801987,-0.69122442303775,-0.175006311758333,-0.252038608693338,-0.36456595788606,-1.10013278672603,-2.6575131929165,-1.59847473220662,-0.275221134754134,-1.33089136130134,-1.96898955965891,-1.27671208098755,0.117887613590719,-0.783029178725262,-2.18925991789608,-0.50726087638117,-0.326923937840141,-0.334770088217404,-0.212435809679504,-0.372222082517794,-0.21795283726223,-0.386810080161221,-0.915566159336378,-0.58774291541178,-0.267429282559531,0.292195089112557,-0.433942478520957,0.589484468799776,-0.566812310653107,-1.07012132340043,-0.646233561010657,-0.978308185303953,-0.748940310704729,-1.75803382724596,-0.198403784748883,0.0294154558010137,-0.0983819725797879,-0.313155353446821,-0.122913744023927,-0.968351535304373,-0.335943159250957,-0.45430329673171,-0.109234396837465,-1.03836540812066,-0.360848696187911,-2.0015103354354,-0.385348934671246,-0.927846416438014,-0.729403027887184,-0.453165971720923,-1.16507906386631,-0.583895834258715,-0.615683331617682,-0.821756633480956,0.288342124629906,0.0135389953963746,-0.630010180048139,-0.558037881186844,-0.460120732687608,-0.612390333215373,-0.640465518686967,-0.555697645984031,-0.400006946724885,-0.60891161347162,-0.153122818130087
