"uCode","GovEff","PolStab","RegQua","RuleOL","EntreprenPCplus","PolicyDB","ExpEdu","GovFundPup","PISA","PupTeachR","SchLifeExp","SciEngGrad","TertEnrol","TertMob","QSRank","RDCompExp","RDExp","ResPPop","GovOLServ","ICTAccWIPO5G20","ICTUseWIPO2","ElecOut","GroCap","LogPerf","GDPEner","ISOEnv","LowCarbonEner","DomCred2Priv","FinanceSSGEMplus","MicroLoanIMFFAS","JointVenPB","LateVCInt","MarkCap","VenCapInvPB","VenCapRecPB","AppTariffWTO","DomMarkSc","HHI","Demogdividend","FemEmpDeg","GERDFinBus","GERDPerf","KnowIntsEmp","PatFam","PublicPrivCopubs","StatClustDev","THEunirank","UniResColl","FDINetInfl","HiTechImp","ICTSevImp","IntelPropPay","ResTalBus","CitDoc","PatOrig","PCTInventors","SciTechArt","UtilModOrig","CompSoftSpend","GrowPPP","HiTechManuf","UnicornVal","EcComplexity","HTExpHKG","ICTServExp","IntelPropRec","ISOQual","BrandVal","CorpIAs","IndustDes","TradmkOrig","CreaGoodExp","CultServExp","EntMedia","FilmsOmdia","AppCrea","GHRecSentNoBot","TLDsMix"
"LUX",1.91421329975128,1.2,1.92906320095062,1.75243473052979,4.92090916666667,6.15814516831683,4.70302816111153,20.8647594451904,476.725426725701,8.08547894559535,14.3579502105713,22.8809634089856,21.032600402832,50.484748840332,10.7,688.500043647843,1.034723756,5224.20245486971,0.75554,99.4405263157895,88.6258001646032,1865.67164179104,17.322,3.6,23.3870967741935,0.80400578069979,9.07489733328538,96.50279,4.49605464285714,NA,1.30647871158617,0.0262903249531826,67.9378,4.27816329299432,0.331732678742935,1.34026671910679,101.876,NA,26.5229192905315,29.7118251076515,44.18126152,0.479091932,68.0148193887002,2.97865111274704,4.46082639063778,4.70454964356436,87,5.08970475247525,-161.339056666667,1.30493016077765,4.70151647292483,4.57865625019358,32.3996292219454,300,4.49836145657351,0.87485767010876,14.556912324787,NA,0.154897680538315,-1.02468973399703,NA,2.06200447454971,NA,0.724614597705798,3.46095051927005,1.40592939911171,1.36375664068066,8.23700679430474,71.5684293109341,3.38903702497507,43.9455311526797,0.0603678200260717,6.27478045943309,NA,10.1962575656231,425655.087492528,2967326.95672554,480.419611503756
"NLD",1.62553191184998,1.55,1.79096639156342,1.64250445365906,6.05666111111111,4.66165502620087,5.05201090398091,23.7045001983643,480.078461017219,13.672264281964,18.5848503112793,20.1064886877308,89.3898620605469,13.7241697311401,69.9333333333333,5349.87592333333,2.227458062,6583.03965989819,0.92118,97.2726315789474,88.6831077606362,6785.79418344519,20.787,4.1,16.4053653719552,1.93857784010824,17.0372650807758,84.07735,6.24877571428572,NA,0.433765514306574,0.46189981887526,108.2252,0.861161195705375,0.413099734004177,1.34026671910679,1460.53,0.110961421,26.8609695379924,23.7767818773405,58.34,1.558916691,54.9574668707986,3.82903766427057,5.51247768878468,4.91218319213974,96.7,5.41351049781659,-12.0783066666667,11.2698923327077,3.01731390044821,4.44419805498177,71.6115039257363,1471,6.24676374605477,2.5698887390194,26.5718608998103,NA,0.538626751378737,0.120205035849057,41.46150436,1.9215057817999,1.0714959,12.0285218612206,4.60987583955367,4.37896525408383,6.44993347602244,8.66134206887883,85.6922086843353,2.72586054373299,35.8509919338795,3.14920237508546,2.10280789887343,1.57939482158572,3.84339378259678,607831.30317875,5753050.95480268,726.837182637195
"CHE",2.13492703437805,1.2,1.72938001155853,1.76172566413879,5.56100833333333,5.89097830952381,5.12050407980857,23.0549392700195,497.948520542467,9.49681244225439,16.694299697876,25.1901296152431,74.0060882568359,19.7187690734863,78.5666666666667,8781.3202189488,3.298743019,5996.86376725618,0.8408,100,88.7948694925988,7860.51743532058,25.0156666666667,4.1,27.7513416815742,2.93924742587269,55.6877251510733,170.38555,5.9460375,NA,0.51483409278194,0.370998465359877,259.862946666667,1.37844061142409,0.625810892234927,0.800654135097198,851.136,0.150235106,24.93616325613,21.8279319188622,65.91011503,2.252126983,51.9546312248749,8.29869686282833,8.28646085871373,5.03480592857143,95.1,5.67474445238095,-9.05485333333333,7.60423543144272,3.23397541181554,5.52498201691461,48.6940369959021,1369,13.0784929011872,3.53808051827205,38.1889615760584,NA,0.652420517283897,0.759768340995908,71.49464865,0.880348618052749,2.0829551,14.289578191056,3.08975412075058,5.36032739528423,8.81164678316376,18.8363662010156,81.5460132867736,4.05959930657655,48.8322251724415,2.88253974580684,0.681108774690186,3.03810758562142,17.3828341164114,912610.586236779,6146128.52690487,581.692615514122
"IRL",1.59114551544189,1.45,1.74936389923096,1.63358354568481,5.4557776675485,5.38156681188119,3.00598001480102,10.6223096847534,503.834597219401,14.0942342119884,19.1848793029785,25.8441284886783,76.6049499511719,10.9852695465088,52.0666666666667,1747.07522594028,1.582903065,5320.98239650036,0.87678,98.7603859649123,84.212797740262,5862.2641509434,22.669,3.6,41.2099616858237,1.82727319728494,20.6857208494558,25.95343,5.108125,NA,0.358966754086282,0.271298125201062,36.3658133333333,0.515671791310796,0.507241889406339,1.34026671910679,691.904,NA,31.6403229817409,31.0430669653971,55.52,1.363158903,49.1912671357075,1.51741749673217,3.82751763650716,4.64844299009901,83.2,4.93167356435644,-5.74724,7.42597917851915,1.84580092279383,23.2467113474197,47.424150593604,753,1.69432688543721,0.763413710572565,14.2086185366756,0.166921480431041,0.683306085152488,-0.397901653252004,NA,1.88173187449444,1.4747884,14.5495820221794,36.9786824505852,2.6448118085396,4.28825714771074,4.63379794797565,87.7933630528198,0.632233571898104,NA,0.973173261534688,0.899301898208648,1.6474193744766,8.50144483426159,655205.047931574,4038412.83184788,223.295834442288
"HUN",0.372758895158768,1.6,0.318309366703033,0.427084535360336,4.34831458333333,3.15045934177215,5.07200651822015,17.6828308105469,477.21366885483,9.88952075494973,15.624400138855,24.129407610432,56.5924415588379,14.3900995254517,21.8,221.101888392,1.386324126,4610.41935592158,0.71437,97.0810526315789,84.9664109126366,3703.85818561001,27.7293333333333,3.2,13.7558528428094,7.04546770923834,25.4856798620305,33.00525,4.672534375,NA,0.185847632985033,0.0516836524417487,16.2010733333333,0.252085945413741,0.181682741309153,1.34026671910679,448.456,0.097918056,24.8740641629619,19.4192704810857,44.90389437,1.008113065,40.9769651720188,0.261146700491382,5.25856980604722,3.25199543037975,56.5,3.97665525316456,-5.58142333333333,15.6682230956077,1.63018210913943,0.93754495089875,62.7442112879884,630,1.13524471474081,0.606070160729258,19.4957810799722,0.437880104257168,0.233144608979069,0.790374246490959,56.09418521,0,1.5066137,14.5914738596997,2.12851540107034,0.909426741498697,16.189979727773,2.47003285576442,57.91737858875,1.50362004054445,22.7767158992181,5.73204140667162,0.900140514226726,0.497936547837995,3.18433676850899,218659.399938956,1761877.89933392,162.675351380222
"AGO",-1.00890958309174,2.525,-0.761388182640076,-1.09906601905823,3.72852821869489,2.88269174834437,2.51273663315785,NA,NA,27.9654561960962,NA,11.1722488038278,10.0493602752685,NA,0,0,0.03229,18.93579,0.39624,58.988947368421,58.7870975844055,442.821017139646,33.4393333333333,2.1,12.7261273209549,0.0727146620725916,26.2267834001727,9.53398,3.20518518518519,0.00459717577891087,NA,NA,NA,NA,NA,7.34623717647198,374.937,0.550213282,63.44353386933,1.29379992670131,NA,NA,8.42259347377597,0,0.333119321000251,2.58721908609272,NA,2.30132042384106,-5.12264666666667,4.67242399846609,0.250195799499986,0.561607102547309,NA,67,0.00720585692050499,0,0.546758522098379,0.0288234276820199,0.161630552531688,-2.9101328535973,3.564327941,0,-0.46885175,0.365921015111446,0.114165277647503,0,0.343996285958799,NA,NA,0.134624952442272,10.0458102371057,0.00808891372790647,NA,NA,NA,389.433165989726,25633.4406080331,0.636305275572717
"TTO",-0.0436432547867298,2,-0.130735039710999,-0.283585637807846,NA,3.67186358558559,2.92899990081787,13.3242702484131,423.035701162366,12.0288435136608,NA,24.3587608337402,NA,NA,0,0,0.0478,492.71552,0.59989,85.2382807017544,77.5114421016454,6202.61437908497,NA,2.5,2.16180371352785,0.416449765747007,0.00991663436600264,41.64482,NA,NA,NA,NA,NA,NA,NA,6.45232304984986,49.967,NA,29.9857195418607,14.6241722749786,4.6,0.00973833261557792,30.6575808374117,0,1.21051603186368,3.61828396396396,NA,3.0202125045045,-4.17941666666667,5.11030359020906,0.666956905024302,0.229920395834385,1.4,140,0.0208224882873503,0,3.98262853483299,0.0237208530018739,0.161862862556526,-0.603648634966967,NA,0,-0.22798508,0.926354899225941,0.62406667302333,0.024048192407633,1.66579906298803,0,NA,0.240006982021295,18.4487246225924,0.284948742871236,0.0192069397026116,NA,NA,272.928464280439,299854.025467105,14.2260912416167
"AZE",-0.0326422192156315,1.85,-0.108809567987919,-0.566586077213287,7.18947678571429,5.17819499969482,3.58290021909589,15.0948801040649,380.746612809969,9.17082254582362,12.909779548645,26.4758892059326,41.3907585144043,2.53143000602722,3.83333333333333,0,0.18178,1663.3395,0.73863,87.3223157894737,82.1703722171857,2865.10263929619,14.825,NA,7.4954260953298,0.5884513296496,2.32168562717796,23.15091,5.8298625,NA,0.00634886542714795,0.00240798396777831,2.71077666666667,0.00985451947692125,0.012496289729007,5.77577841599269,253.121,0.156625078,35.2006027478732,NA,30.77966,0.00449,NA,0.0245237487983363,1.33795828786251,4.62030029296875,26.7,4.58872127532959,-2.81434666666667,5.08542399427889,0.397509255640893,0.545363237179557,NA,167,0.980752216082667,0.0276547580011141,7.09542076714299,0.246231407442031,0.0614336921490867,1.14786605683338,14.5002803,0,-1.2644222,0.19087698884254,0.459726511114141,0.017834773493863,1.39392017094302,NA,NA,0.129375824249203,28.7089127422667,0.0642564377001648,0.103551764083989,0.144864890563214,0,57599.8702920006,302045.378394872,8.53267280142764
"TGO",-0.578052043914795,2.6,-0.493230193853378,-0.527499735355377,4.09332341269841,NA,4.14281885166484,NA,NA,17.7752874456184,12.3168201446533,NA,14.9029903411865,NA,0,0,NA,41.39064,0.44721,70.5261052631579,45.7982188151818,92.6553672316384,27.4953333333333,2.5,5.03359173126615,0.493879422866617,5.89091357298769,27.87605,3.061875,6.1243463520648,NA,NA,NA,NA,NA,10.2085617563546,30.563,NA,58.8084520191417,1.52879373519425,NA,NA,6.72590609181794,0,0.758620689655172,NA,NA,NA,-1.12932333333333,5.83852143794071,0.943300338362533,0,NA,79,0.670264931033266,0,6.74017602984,0,0.072304750720918,2.09086326337675,NA,0,-1.1044855,0.205651627097264,1.74729803449226,1.6367364849349e-05,0.952481744099905,1.53504159097428,NA,0.176385508166649,5.18573394009948,0.0669407631970822,1.52589276450645,NA,NA,35792.1121052895,57650.0217810647,2.44889324629498
"LSO",-0.953606307506561,2.4,-0.590149462223053,-0.480017185211182,NA,2.78727483505155,6.62253066096596,34.8225212097168,NA,25.3429261047159,11.0269403457642,15.3596200942993,10.9827044025157,0.35207998752594,0,0,0.05101,23.73201,0.28637,49.8520315789474,56.4323880479786,NA,28.1413333333333,NA,NA,0.149186931224825,12.9532318509204,24.86673,NA,NA,NA,NA,NA,NA,NA,2.34349796279979,7.055,NA,53.9535188770059,3.67609892382204,0.78134,NA,12.1553911892935,0,1.73760423652366,3.15462760824742,NA,2.39650388659794,-0.685333333333333,2.8449751815581,0.63873207886823,0.16452068068122,NA,59,0.177179305457123,0.141743444365698,11.4812189936215,NA,0.082082900551354,-1.6257722701207,NA,0,NA,0.0516875533321631,0.00101665759582167,0.0110401449481187,0.447560793674474,NA,NA,NA,11.7342536669543,0.0695132591805875,0.00329763057780718,NA,NA,NA,73764.9131099925,2.16234592523416
"GBR",1.16114270687103,1.925,1.53656673431396,1.39836597442627,4.75749757936508,4.88148748387097,4.91903984598017,25.2646408081055,494.34997501739,16.3366605813372,17.8094100952148,23.2781946547322,79.7250671386719,21.5722694396973,97.3666666666667,6427.47592652763,2.798336228,4763.47722313909,0.95349,98.9733333333333,91.7584817361151,4151.86539868325,17.8596666666667,3.7,20.6647850924918,4.93250912156479,24.4726996589069,119.37218,4.9173925,NA,0.524202651880752,2.81001140567643,110.147025,1.08589111777578,0.821896396787762,0.77455874397073,4282.173,0.073436799,28.8386273079967,21.8301631657242,61.94591215,1.839064961,55.186766221966,1.71594058291187,5.42386920750559,4.82479898156682,93.6,5.17113688018433,-0.347953333333333,11.2824787962468,1.75582967336947,1.82681150153073,41.7776351544679,2048,4.2069410902566,1.50320239280384,28.4178149738462,NA,0.558411230990803,0.490447340602949,39.81257501,5.10286009477621,1.6361722,8.43739349151143,4.55592748698169,2.74507550681864,10.8883543672331,13.7850598121686,84.3125089023116,8.60167910267392,46.5499505975664,1.71806574931711,3.50427513393937,2.35941020999916,3.63034432860603,735483.403951405,3421627.13517133,396.890845055207
"QAT",1.19741261005402,1.4,0.977040886878967,0.932885050773621,5.902755,5.46903244970414,3.2336699962616,NA,421.937668076905,12.5541163174824,13.1411600112915,20.1206398010254,35.0854911804199,40.5375595092773,34.6666666666667,0,0.68058,947.77921,0.76549,99.91,96.1408155539387,20304.8327137546,NA,3.5,5.6864425896684,3.06356085651204,0.626224965510541,118.07578,4.91425,NA,0.0332518787823302,0.00354628789492686,96.1093233333333,0.0996395093785185,0.0204749929470393,3.56254175583113,355.999,0.265755102,24.7966471206131,NA,9.25402,0.06185,NA,0.0341699270472058,1.66357721998435,4.99967144378698,82.1,5.19000315976331,-0.266223333333333,5.44557050431097,1.70256225264702,0,16.08344,340,0.181068420499282,0.0273865937825668,8.42137197014598,NA,0.309375916215772,-0.24169419729922,38.44914106,0,-0.32663545,0.374760522942136,1.36340073545749,0,4.77494947606976,10.3461189919414,37.7179813328874,NA,3.69730032825952,0.00419333145760621,0.124337783843853,0.838001130297013,0.399115082040101,75525.2406232382,278769.225252111,19.7642432626593
"BRN",1.4017870426178,0.7,0.97689163684845,0.886853814125061,NA,4.08823537826538,4.42540979385376,24.0167007446289,439.060044240351,8.11984126984127,13.6165949729013,35.8646392822266,36.4182725443167,4.65849018096924,17.5333333333333,0,0.27764,506.18125,0.5802,98.3325789473684,89.5870450211422,12444.4444444444,28.8836666666667,NA,6.01152073732719,0.511077607134643,0.0149409857773369,37.00245,NA,NA,NA,NA,NA,NA,NA,0.0521309177800708,41.016,NA,35.0236096874772,14.0676322616346,0,NA,37.9964384809707,0,1.97886123906578,3.90322589874268,49.2,4.05882358551025,-0.209393333333333,3.60349087641123,0.568049024493843,0.0807758074693244,NA,147,0,0,9.92295689487029,NA,0.156936096016504,-0.787659484902226,NA,0,NA,0.252365318328005,0.333095641677488,0,2.40206475353282,NA,NA,0,5.05966831063297,0.025472387741106,0.00921486973072258,NA,NA,2371.62238489964,187114.363610274,22.3131008753049
"RUS",-0.712461888790131,3.975,-1.12207186222076,-1.18764269351959,3.8029188712522,3.52523159980774,4.05402755323777,NA,481.335384420144,8.08533834107932,14.9131803512573,31.3627395629883,93.7277679443359,4.79095983505249,44.2,100.609834229477,0.92527,2683.9498,0.7766,89.3996842105263,90.9546001525248,8004.59738088604,24.5,2.6,4.76933455463683,0.062192215715159,12.4852930855485,54.22116,3.66065972222222,0.317994270030406,0.00745888862399726,0.0544753230579477,38.5309333333333,0.0178426984070657,0.0101413989087261,4.03062083643924,6909.381,0.104016714,27.8814307717164,20.2899553409325,29.22673267,0.621472272,45.8349437852959,0.0798961141181667,1.50640575934483,3.94347643852234,73.4,3.79277348518372,-0.0196766666666667,9.61871413837335,0.859599017156078,1.08017801714741,46.5433158688477,806,3.2496584418869,0.102899651936982,5.11695620779922,1.47142175551273,0.269083379804452,1.49496296968004,25.19444383,0,-0.36029798,2.3678600282532,0.684694969810887,0.20336449451292,0.274259993252528,1.89481615952577,45.7042409064209,1.15723589538133,77.6249453130795,0.378896372921332,0.419651347849863,NA,1.24338791414131,412399.82538245,790083.615720836,65.3257744507257
"NPL",-0.807803750038147,2.7,-0.661413729190826,-0.462669461965561,NA,3.04111207650273,3.95641148036706,9.38825988769531,NA,33.0077105095054,13.5081426420221,NA,19.0357612047581,NA,0,0,NA,NA,0.44806,62.811350877193,NA,349.918166939444,34.167,NA,7.11521035598706,0.355889661717511,38.4009587533309,91.87341,NA,9.49386512330361,0.0189199807432772,0.00502295521231094,NA,0.0210597026317853,0.0230306663936456,12.1605948091974,169.122,0.132131044,47.5057009862307,2.92898027374392,NA,NA,13.2333314002366,0,1.790786262504,3.29358589071038,34.3,3.31148477595628,0.291666666666667,10.7060651412812,0.192845080666369,0.000203040140247471,NA,224,0.198074713782039,NA,8.23074466952851,NA,0.0187886114693538,1.11253935513394,8.965598573,0,-0.14819995,0.0319735636556423,1.39175430104746,0.0909037805040304,3.17178856407887,0,NA,0.148556035336529,39.6644614348532,0.22687575639956,NA,NA,2.68814949724078,297819.238291205,406648.354277519,7.753334702829
"BGD",-0.697334110736847,3.15,-0.914152979850769,-0.502657234668732,NA,3.60486082993197,1.9631509166756,6.51515007019043,NA,28.6449335532982,11.096868248129,11.1458501815796,24.2003442708621,0.0598299987614155,17.2666666666667,0,NA,NA,0.73744,64.0474385964912,77.7364918817224,613.761202659728,31.0006666666667,2.6,22.1925293065766,0.201460717710182,0.839035318057861,37.64138,NA,3.34943891553782,0.0102529750841568,0.0291268247781896,19.8166033333333,0.0151652597992757,0.0255423664156829,7.01222223530619,1692.743,0.225881483,46.5732204311231,1.8597877192323,NA,NA,9.2497429135588,0.000801564011699628,1.13994218299356,3.74556113605442,37.2,2.9222893877551,0.367146666666667,8.49611830401834,0.208144465011275,0.0797456523944652,NA,343,0.0427147724258931,NA,3.56108399207677,NA,0.157444906297534,3.46485210715481,6.488472824,0,-0.6551144,0.23854854840844,0.980374796462593,0.00387693299883388,0.67769855356305,0.326315330721211,55.717534678154,0.63689638288757,5.61922394271375,0.0610379217720345,0.154153814406651,NA,NA,121754.725134763,207062.026607616,1.45292439550786
"IRN",-1.02239692211151,3.8,-1.68747353553772,-1.06095492839813,3.19012507936508,2.24580176470588,2.82443290958712,16.0352592468262,NA,19.008858613321,13.9399795532227,35.0184516906738,58.6677703857422,0.765919983386993,31.3,0,0.72665,2239.74005,0.37729,80.0907719298246,88.3165964965146,4152.11744776962,39.829,2.3,4.62130642954856,0.246853246057691,2.29131374276692,60.29749,3.539365,NA,0.00865570518381912,0.0107809705466401,463.191416666667,0.00891609890328926,0.00848108500632395,11.689352256533,1698.463,0.150717959,35.4018873877812,8.22047213400875,NA,0.20857,20.6433219757724,0.0189024911214999,1.11674520769168,3.50026541176471,61.4,3.05353482352941,0.36784,11.8730283427301,0.585660678941815,0.199371580472061,19.24916,541,5.31390671197101,0.189971756817782,23.0249348970216,NA,0.655299067453996,3.53571011502497,30.11914823,0,-0.15773574,0.201572299931971,0.209788899919456,0.0209493318030511,1.22551700131426,0.221773941394769,NA,4.86269647487315,199.568038066645,0.127620466870639,0.138661464831988,0.0635381385183621,1.74044124857362,25565.5138304348,137223.889326765,29.8051856918542
"NGA",-0.847906708717346,3.6,-0.936865150928497,-0.887689292430878,NA,3.19474482352941,0.348516707890877,NA,NA,15.2892972830764,NA,NA,11.3433500718487,NA,0,0,0.28444,22.12011,0.53719,63.3557719298246,56.597774441996,189.71448996917,22.6656666666667,2.6,14.3603336921421,0.13855830087935,3.63865495265794,12.95747,NA,0.495821710367029,0.0586337150002651,0.0666570607023434,21.9610166666667,0.131785672819454,0.102758395476989,10.675350266321,1489.832,NA,61.4254045448882,2.81859655286142,NA,NA,38.1412568417574,0.000833265977666805,0.925090297560165,3.36345282352941,37.2,2.74506968382353,0.409033333333333,20.3208957492904,0.842994925818234,0.394367563734449,NA,340,0.357868257347428,0.00309873864972695,3.83667420219192,NA,0.227706331808401,-1.38505850081727,NA,5.77056243748557,-1.7110643,0.104591560262509,0.304945045852309,0,0.69844694524897,1.13911928393732,49.6578341919368,0.88681499869509,10.0957138838543,0.000119757575267997,NA,0.0634294986316351,0.432700803829056,62239.41610978,166272.506626605,3.08076284917209
"DZA",-0.670135140419006,2.6,-0.948087155818939,-0.678364396095276,NA,4.506626,5.61015717726636,NA,361.736857197974,NA,15.253680229187,31.1485595703125,55.5320205688477,0.220640003681183,0,0,0.47865,821.66519,0.332,89.9926666666667,83.8111496005924,2031.84855233853,36.9666666666667,2.5,8.71874541990327,0.162171345610305,0.270369485546555,18.86936,NA,NA,0.0170982845154325,0.00221562205807751,0.202006666666667,0.0177418216011876,0.0135602239752488,12.7025065947775,826.136,0.481077696,44.3165652626044,NA,6.74413,0.0364,NA,0.00308159287535727,0.562657960007722,4.73056652173913,32,4.26074991304348,0.457096666666667,10.3843203312453,0.580157989188502,0.324985214862421,0.45618,263,1.79675554342846,0.0193671502028722,6.98432219392449,NA,0.00787491993005112,0.859216123220123,4.054367799,0,-0.71833086,0.0195608893909628,0.156456733568934,0.00087454161571878,0.639675863240647,0,NA,1.38360473437363,18.0035935110869,0.0125284852338322,0.00679408482978269,0.0820859202366601,0.198252909452312,11675.1054210694,92622.5043478464,1.95483258264061
"KWT",0.0075402706861496,2.05,0.320921540260315,0.341668486595154,4.22420634920635,3.44119014049587,5.0262608311279,NA,NA,7.58835795397447,14.7127103805542,NA,51.8967208862305,NA,16.4333333333333,0,0.0976,159.38516,0.63655,99.9933333333333,98.1102666666667,19564.4028103045,19.509,3.2,4.50262529832936,2.00999804195022,0.101798292680843,91.95706,4.55625,NA,0.0330409858789424,0.00901105810418375,90.1589833333333,0.097207318066387,0.0386666272914645,3.73727100623132,249.255,0.396269624,28.8166611122994,NA,NA,NA,22.6505039826039,0.0180956172415041,1.06971598975614,4.02856985123967,50.8,2.87993094214876,0.50575,5.42821858501495,0.331795433896527,0.592693378052932,NA,240,0.0675365372666613,0.00601793344165614,9.1913903432228,NA,0.434572197356115,-3.60961326602989,20.86602219,0,-1.0036715,0.403344812449954,6.63953112584491,0.631977324684232,3.92808762472577,8.99734485952454,44.5483489998673,0.0558476476173,19.3153078402119,0.164380555872761,NA,0.396921261103088,0.258747208117624,172220.327173653,136055.069915269,18.9079171595869
"PAK",-0.577790379524231,3.475,-0.901008188724518,-0.859885513782501,3.51690476190476,3.24835085714286,1.8773426772058,15.3828802108765,NA,11.6600265926187,7.46059761562907,NA,11.2244997024536,NA,30,0,0.16375,473.71632,0.70417,56.2918947368421,74.6583168126942,732.762276312442,14.2763333333333,NA,11.1667538354254,0.70522514941379,18.1117115798568,11.97679,3.58,0.640780751739067,0.0111432072810623,0.0212116047906635,12.2535866666667,0.0245449741046198,0.0369894561960991,6.55384063212871,1584.474,0.125388546,56.2006549372729,1.9978159574303,NA,NA,11.4416838230504,0.0054460171331699,0.556711594042445,3.82625285714286,48.1,3.49392657142857,0.537363333333333,9.96818023383049,0.724108217628311,0.301105853578862,NA,481,0.303656982721322,NA,14.4287631100289,NA,0.356024559794629,0.13140592648796,21.48054839,0,-0.52038205,0.984189174485168,5.85536317647655,0.0233362574126332,2.16727728844238,0.284538353909906,48.8175352873456,0.389660049723004,28.7918421460014,0.0717291743093128,0.184271159935592,0.0160041864010229,0.120131486314401,1108993.89756936,159798.249625183,2.36699584113513
"ECU",-0.494244992733002,2.7,-0.718200981616974,-0.957790791988373,3.73949910714286,2.80419105050505,3.89365005493164,6.00277996063232,NA,19.6618316022061,14.8516702651978,19.6662998199463,59.8797798156738,0.699289977550507,8.9,0,NA,NA,0.88507,70.1352280701754,74.697420995916,1833.88888888889,21.7536666666667,NA,12.2684438933664,0.761780766420704,28.9123838918151,55.55038,2.92945625,0.669888035739983,0.0175897065194469,0.00953377344142158,NA,0.032969242116996,0.0316756337771089,6.52098005841294,296.728,0.24289092,41.0639217924519,8.49599028798224,NA,NA,13.0313664356619,0.00417684773301589,0.51717751019676,3.23433139393939,47.1,3.33349317171717,0.568326666666667,7.5380975219599,0.541166503267862,0.751036999909283,NA,243,0.14196823374204,0.0219052465557682,8.98128926154593,0.0554022375578694,0.257431526797518,0.721972039270524,9.895222518,1.19371627751516,-0.96216965,0.307683896823901,0.22900173897016,0.0430944855412001,4.53259556020319,0,NA,0.173131992368342,46.2400925217367,0.0372724525324066,0.038197535396005,NA,NA,29663.7130472834,327673.714173335,9.46311242698748
"KEN",-0.303605198860168,2.775,-0.390806585550308,-0.326221644878387,NA,3.50713659615385,4.02242346098974,NA,NA,30.6507400234659,NA,NA,10.4975595474243,1.29358994960785,0,0,0.80874,200.85225,0.77704,57.6256140350877,66.8682866754542,230.49001814882,17.355,NA,8.35892323030907,0.355264213433571,28.4521552166216,31.63983,NA,0.249361471705889,0.0967015614806595,0.077448609603021,18.7404866666667,0.25840120978799,0.289609284669713,11.0106782505367,375.356,0.245612813,57.7734285444624,1.92629846681669,NA,NA,15.8389575560147,0.00703905620334425,1.90579945157351,3.71811209615385,35.4,3.60561913461538,0.582926666666667,8.68205466604867,0.488394874916981,0.349358823639358,NA,371,1.04000733448699,0.0159845586589797,7.41163055872292,0.976976586942321,0.111759324704845,1.93748316035826,12.35578879,1.71435428845725,-0.24720798,0.585010369124608,5.60477828292826,0.353485057124359,1.59295889249246,1.74395261524747,-16.4643417970462,0.452675368729873,16.6057369440402,0.177659465081932,0.0102307172939209,0.0768652608642972,1.36660903537723,30458.0214522489,411718.754642702,5.64754463498837
"ZMB",-0.658970057964325,2.625,-0.49810004234314,-0.529127418994904,NA,5.15876953488372,4.07374933049157,NA,NA,NA,NA,NA,NA,NA,0,0,NA,NA,0.49584,66.638350877193,72.3827469476483,945.55177442878,30.1066666666667,NA,4.15861214374226,0.165592288130581,60.8538009538455,12.97509,NA,1.57794584292247,0.0359619334585769,0.00755430533087195,15.6933733333333,0.0433790009933245,0.103794313381504,6.46556776566214,88.56,0.234807712,61.7133619681594,4.43549469027076,NA,NA,11.3087811539987,0,2.28981667545687,4.47328445197169,38.4,4.19747445298281,0.6241,5.16694581179082,0.456775999112784,0.238601355984156,NA,171,0.0591401029037791,0.0112917795844625,7.19286359530262,NA,0.0319910279563947,-0.205698299350114,10.10574566,0,-0.8095304,0.186433537251992,0.224496781846262,0,0.449464782068721,0,NA,2.02259151930924,15.9205157016973,0.0442376456508147,NA,NA,NA,NA,31969.5802331221,0.931388806009958
"BOL",-0.639481067657471,3.075,-1.17711877822876,-1.21933794021606,NA,1.826018,8.31589071412357,NA,NA,18.1774014319272,NA,NA,NA,NA,0,0,NA,63.0569,0.59869,69.4608421052632,NA,933.715220949263,16.92,2.4,9.3402489626556,0.351346704442667,9.47180870727107,74.18684,NA,17.3416616921972,0.00604043944982041,NA,NA,0.00994358464102683,0.0234417410149435,5.1909153853772,139.158,0.172607718,47.8493409668744,14.2053059478602,NA,NA,15.4903499380185,0.00886069219727445,1.0369677706055,3.12758133333333,NA,2.71239466666667,0.6635,8.7093937430763,0.582294547411131,0.198156369375907,4.03,179,0.0798313960914549,NA,2.22768364017879,0.0558819772640184,0.306336758777126,-1.94233302848561,10.39866978,0,-1.045954,0.574113388452416,0.384629740793399,0.0150336666953035,1.76420898400999,NA,NA,0.24747732788351,38.0077276791417,0.081305855216385,0.0156528537527811,NA,0.491933883102243,3626.10892021118,307360.001448807,6.06941597974085
"JPN",1.63126504421234,1.2,1.46932590007782,1.53553938865662,4.1127275,4.49172858823529,3.23762129257915,NA,532.689457570431,10.5767411882926,15.5119800567627,19.6262397468377,64.6288299560547,5.12114000320435,73.9333333333333,6639.35850415159,3.44124934,5623.00566134843,0.94274,97.6641403508772,92.1109686181322,7833.45396059509,26.5933333333333,3.9,14.268746203217,3.36434429592351,16.475455807406,195.67968,4.690025,NA,0.19378988815565,1.08494910426743,129.760603333333,0.286042232880388,0.207336332972138,1.41129854775376,6572.198,0.105989966,20.8125401557498,22.9411764705882,77.96210796,2.723354212,21.3390355404808,12.3174321335146,9.0718581950889,4.14094066666667,76.6,4.8139048627451,0.770843333333333,13.7740483335937,2.42489587174321,2.99326621087937,74.8747196924626,1364,35.7808940691046,6.64014173036175,11.9043887600465,0.448245816255163,0.327133977028257,0.118560357361264,53.66548307,0.246507094711124,2.2851527,11.074133486687,1.13120279104772,5.0889580271934,6.20901727418718,17.8429979910355,65.3707322095805,3.25572126862318,40.115187296576,1.73233674093784,0.427748634708654,2.15631164886006,8.39760169464596,481680.88045228,1581584.16788451,74.0038242918304
"LKA",-0.25227889418602,2.925,-0.507761836051941,-0.0906768143177032,NA,2.8674648742515,1.82774571561927,6.30553007125854,NA,16.3108915219586,12.9488373292296,25.3900699615479,26.4119938925782,0.494949996471405,3.86666666666667,0,0.10506,94.4866,0.54937,73.9260350877193,77.1188647446784,747.520288548242,32.736,2.8,25.3073263558516,2.04984932194877,22.3708545257623,47.00849,NA,NA,0.0127579739156394,0.00495395945339283,21.2621333333333,0.0239216996637247,0.0227646881295172,5.52278909153421,314.837,0.186051282,36.9019677328897,4.18070001942184,40.26491,0.05109,19.952389198907,0.0315270438982559,1.21296592880797,3.53153639520958,30.2,3.61605292215569,0.901573333333333,6.23530412088413,1.3879692524557,0.2607458127789,20.01779,277,0.58073832245103,0.0519173739944659,4.40450199063642,NA,0.421359619564325,-0.988581193810838,9.402746407,0,-0.21875101,0.711592155094043,5.07347265918693,0.0408180671225579,4.08086388749372,0.191382725031325,31.8955111783916,0.376695128076344,25.0031391260673,0.584708896758489,NA,NA,NA,32613.5797312868,896364.660824773,5.477969986494
"BDI",-1.20011341571808,3.3,-0.985730171203613,-1.25105631351471,NA,3.9971125125885,4.43794770504428,NA,NA,24.8878211972382,9.92035007476807,19.6724605560303,6.02545976638794,8.63412952423096,0,0,0.21312,22.4816,0.3146,24.3279649122807,39.1937059337964,NA,21.796,NA,NA,0.635677393722686,43.2033152807211,48.53442,NA,0.883315376367861,NA,NA,NA,NA,NA,8.2146966745687,13.174,NA,64.5267784498184,0.715814824725716,8.80793,0.01877,2.74895733659557,0,0.799886995008946,3.45979571342468,NA,3.31386375427246,0.95173,6.86214230963378,1.74171753013808,8.28850544275187,1.5273,71,0.0845094228006423,NA,5.08577501138606,0.302327925022675,0.0608062537596604,-1.41206973920777,NA,0,NA,0.0411200953473915,0.554125993432137,0.00119103557686049,1.35081446166071,0,NA,1.19189511323004,9.69408025427096,0.0218821229712253,0.480252385727491,NA,NA,3465.86618916071,11787.7745766268,0.612803507959637
"CHN",0.679014027118683,1.9,-0.356507807970047,-0.0401299707591534,5.91695734126984,5.20036533695652,4.02356966277714,NA,579.027493995812,13.282940894424,NA,NA,74.5932998657227,0.338109999895096,85.1,12498.6921996685,2.577284878,2129.08155809516,0.92576,91.8645263157895,90.6972771761819,6747.70518740969,42.2586666666667,3.7,6.94574080020213,9.83443329559448,18.3845291304955,194.67403,5.23509583333333,0.605169085741427,0.171086545247042,6.52372085576636,76.2470233333333,0.188691164634692,0.207689285972793,2.66214316468858,37072.086,0.074202633,26.9521869043444,NA,79.27463927,2.002840061,NA,1.54084857212041,7.65740355224465,5.31470222826087,81.8,5.18300335869565,1.07819,17.9768799594813,1.15748750191608,1.419224413971,59.207239497093,1455,44.0721809014605,1.84093818999017,20.3658623364221,88.5081625883207,0.329586043756494,5.44568911179723,48.39965583,3.59592429833507,1.3950942,23.8937626560926,2.7043112095649,0.370312918415165,18.3496472383073,9.25025592665104,62.7618002821142,23.2797761215246,202.332963008877,9.50602571463628,0.613310278465884,0.407667975966516,0.747679427502467,NA,NA,26.8120264990068
"ZWE",-1.17033493518829,3.9,-1.33835864067078,-1.27714252471924,NA,2.90993299492386,0.384771297211919,NA,NA,NA,NA,30.2240295410156,10.7003622860638,0.466899991035461,0,0,NA,NA,0.41003,58.1509122807018,62.1881531807908,533.700980392157,NA,2.5,6.14200298953662,0.920754534110321,21.7933063601371,8.25505,NA,0.601444535416634,NA,NA,NA,NA,0.0253364086479928,47.5443414971126,86.162,0.254027683,61.608063905443,9.53812820007499,NA,NA,8.95708750364462,0,1.6452612369602,3.4589943248731,36,3.68070951269036,1.16076,7.97940994152588,1.27037106255813,0.0495549422886108,NA,195,0.375570928387105,0.00128943153594392,6.7082936793482,0.0969215299063496,0.0922255254931739,0.9709369660059,8.314228317,0,-0.8866535,0.139518972986108,0.854018565596626,0.0438116869404946,2.48361420385021,0,46.5419253172139,0.314994972195636,13.4720926569826,0.121094022724774,NA,NA,0.541252360536857,5785.11105594734,66620.3713577815,6.2139679500188
"KOR",1.40480732917786,1.425,1.122523188591,1.24850225448608,5.86126670634921,4.30912452261306,4.86627006530762,38.1745796203613,523.513437458543,11.4934016890977,16.5924301147461,30.417982241169,102.813056945801,4.36246013641357,76.9666666666667,10096.7919453964,4.958960136,9480.32265774564,1,99.5733333333333,91.9069739224724,11623.1379377056,32.1976666666667,3.8,8.41124602486268,6.97808254735438,17.5485064818271,176.11808,5.3981875,NA,0.517029096662845,1.1020058156956,117.532983333333,0.662612805298286,0.553069592005565,4.44716053305661,3258.366,0.093536453,19.9106308254749,23.1360073127978,76.05335634,3.927088931,41.3995727649914,12.1307323676951,7.00575369447141,4.56025925628141,82.5,4.83872295477387,1.1985,17.6628443691775,1.1887739228211,1.52066806891111,81.9122211543954,1004,61.5564267244975,6.57567750215906,21.2060278065754,0.772909272367109,0.261398936356704,1.03380935892074,57.00858397,1.60954593240421,2.123311,19.7124552837356,1.7930043510486,1.08479771247431,12.451246332304,17.7972711674036,70.3573969508096,16.4545943176354,85.2725036560219,2.70946562461305,1.03632346543251,1.70940431948262,5.26702328260053,932856.254861521,3509118.50596027,50.7013467629687
"IND",0.47511014342308,2.3,-0.136969581246376,0.188364565372467,5.94048119047619,3.61658227027027,4.09865814174589,17.9465103149414,NA,18.8193889009923,13.3617442652954,27.0856895446777,34.4184659748952,0.106820002198219,51.1333333333333,1273.99911297666,0.64558,259.26325,0.81842,87.8928947368421,81.450267944453,1365.38501921421,33.34,3.4,9.96866781580891,0.898371808827245,10.4381382616786,50.14216,5.9881,0.446289901288334,0.0755169755575548,1.43851733922189,106.032853333333,0.129386646368524,0.135266053797495,7.5684334895189,16019.97,0.089658277,41.7181523329287,3.04795052250107,40.55734,0.235684515601655,11.6168877138471,0.155476351432069,2.3337616204965,3.76638321621622,52,3.54721789189189,1.22948333333333,11.7641091094749,2.67725610694308,1.42688048894949,30.6730142239807,925,3.41044757028525,0.225794630077335,7.08990091741745,NA,0.294871320117601,1.69310552864245,35.08560141,4.02043857542343,0.49066436,5.11126678961902,13.6339798815437,0.151753639339439,3.95949816488372,5.71829799326861,80.6905011585881,1.67006594215974,32.385571823164,1.84035437740847,2.21572651974031,0.0555186843193812,2.5146100142318,466261.662493114,347137.053041442,6.49222093715787
"BFA",-0.826227486133575,3.6,-0.485633552074432,-0.741778969764709,4.73992063492063,3.83821678161621,5.32757840997187,16.2494602203369,NA,17.5436934870436,7.27540016174316,25.3375301361084,10.1078796386719,1.85845994949341,0,0,0.25126,NA,0.33764,39.2659473684211,33.2233699306427,NA,19.59,2.3,NA,0.110251846718433,2.020444006198,31.57739,3.249375,2.8467837946076,0.343785005506434,NA,NA,0.448059087370992,0.043031789315267,6.56349534663773,68.58,NA,62.1486454945986,0.78069509689207,NA,NA,12.2414518429978,0,0.414120455265829,2.71974635124207,NA,2.8129186630249,1.23037666666667,5.71514773765883,1.45446277723656,0.00777800567260982,NA,150,0.0945015829015136,0.00729075532225139,8.4135316418781,0,0.0297695861816815,3.45823482113591,NA,0,-0.5773888,0.173820689194169,0.850387467106031,0.0136185157449993,0.488258178324487,0,NA,0.283504748704541,6.20560394386606,0.0143153731893192,0.14492929656948,NA,NA,2560.31263003642,10492.8524511629,0.543509381918077
"TJK",-0.772318005561829,3,-1.17822289466858,-1.27723121643066,NA,4.33421468734741,5.43682120015444,NA,NA,NA,11.6127775340439,22.0360698699951,35.6398418742497,0.843169987201691,0,0,0.08969,NA,0.4476,69.4125657894737,NA,2159.79899497487,20.3833333333333,2.5,10.803664921466,0.0387995421654024,67.0762470166579,12.40895,NA,2.59984467000866,NA,0.00240798396777831,NA,NA,0.046840533378181,2.41157281340128,56.367,0.233755228,52.9186079012787,7.25909175853035,NA,NA,23.3062592450931,0,0.272108843537415,3.18333196640015,NA,3.29608154296875,1.24339666666667,7.20980480310222,0.298234443124995,0.00257615740564096,NA,79,0.424589815909987,0.0177408767541292,2.80305852715241,3.43747280480376,0.0510464352301747,4.74626418925402,4.307008379,0,-1.0141605,0.857393943849584,0.169291098199055,8.30713470725034e-06,0.0387995421654024,0,NA,0,13.6424882101954,0.0713875863993929,0.0454976906580871,NA,NA,334709.3390816,43615.479278452,2.10070419822945
"PRY",-0.462065368890762,2.25,-0.0789393484592438,-0.582174599170685,3.71047619047619,3.94218976605505,3.40649008750915,13.3869600296021,359.674409806403,15.3586141131596,NA,NA,NA,NA,0,0,0.11944,133.19638,0.67115,76.1168596491228,76.4831139543648,6505.89970501475,23.0383333333333,2.7,12.6152758132956,0.383691445348992,81.3991800705918,52.55267,2.5825,NA,0.0113831416843544,0.00221562205807751,NA,0.0578519771601462,0.0084126845350676,3.2762143441969,127.416,0.249188693,44.9855191991991,9.54634317823625,0.76,NA,20.1632742120218,0.0194216240362019,1.18973341591704,3.29204760550459,34.4,2.69323511009174,1.33767,22.0217849545059,0.0115399699773943,0.0951652340690209,NA,122,0.0633403912626455,NA,1.77371758648835,0.0633403912626455,0.0468327461470262,1.25029211857441,1.689737942,0,-0.44066167,0.894995433359119,0.0846264465008915,0,3.93700787401575,0,NA,0.0917523021486721,119.027759241959,0.0806538258489942,0.00219808951950368,NA,NA,34781.3140035637,195135.444838363,11.0026299178113
"TUR",-0.247911587357521,2.7,-0.229510217905045,-0.511972904205322,4.22675044091711,3.08003441176471,3.06467105197125,10.5356798171997,461.724536665477,15.451477310999,19.8307991027832,18.4952964180627,127.577972412109,2.94115996360779,33.6,285.089316364831,1.422234108,2701.79077889506,0.92253,93.2616666666667,84.9124483394202,3823.97749912106,30.1926666666667,3.4,18.4817509013853,1.04316933088269,18.7976229667731,49.58649,4.81277777777778,NA,0.0472032950048078,0.117327017531729,28.7424466666667,0.0843557301151955,0.0659349143013907,3.45749037178365,3456.771,0.074843817,35.4066619395413,12.747985232219,52.59867383,0.926575588,24.5648811861744,0.305385031175191,1.44822123923453,3.93964026737968,75.5,3.60069853475936,1.35288333333333,8.83563842423043,1.12837770959121,0.91149514604766,64.0077559394967,647,2.76002040572239,0.55400904485718,13.0373114099835,1.01326860130489,0.357931539623167,2.29344112622231,30.28799741,0.326367841980249,0.6080265,2.1920737328801,0.934484399723939,0.120274905248585,2.53851091925827,0.765107910950363,60.1141013965227,16.0032976233192,111.687462929198,2.90162885620574,0.116953190358486,0.102789521348338,2.34386835189844,814793.37744724,387672.546609106,52.5051064329937
"MAR",-0.0359151102602482,2.325,-0.0642079934477806,-0.127505928277969,4.06688273809524,5.02414805102041,6.02096928801329,NA,356.509747151194,20.3557105854321,15.1024599075317,24.5713195800781,47.4687004089355,1.79668998718262,0,0,NA,1083.42555,0.56184,91.0428070175439,84.3341531242426,1150.89852008457,28.8583333333333,NA,13.9818584070796,0.740235654949364,8.44477413037394,81.53062,3.72558464285714,0.611956051334519,0.0454054064803277,0.00603656676134055,49.1841033333333,0.0856053015802717,0.0525825698825172,4.30950179829124,396.685,0.123723654,41.3301383586678,NA,NA,NA,NA,0.0216393341267756,0.643557559131669,3.77642478571429,36.7,3.48556866326531,1.36839333333333,8.27391765970928,0.975417583494658,0.259863365684947,6.98233,286,0.822484061054849,0.168768166177193,15.0648499439102,NA,0.245546135039748,2.18486945827541,48.17134204,0,-0.36627805,2.59645710756377,3.51867295165779,0.00665367131800412,2.98482118931195,1.90817748833016,64.2015013752809,12.0109204657913,58.4016746836753,0.0881634487872453,0.359230210775185,0.0575163346964047,1.29816864295025,79160.5675792391,324737.131880073,9.25680756483629
"TUN",-0.300515085458755,2.85,-0.6191326379776,-0.138983190059662,3.58666666666667,2.98568698969072,6.73398856321206,51.0610008239746,371.425620374612,14.6433531246855,14.3456296920776,37.9281005859375,38.1219482421875,3.10409998893738,0,0,0.74658,1703.91532,0.59507,78.4831929824561,82.3945565879896,1708.66773675762,12.5603333333333,NA,11.6509519492294,1.75907186896974,1.98332175963104,81.7126,3.50875,1.19543085598163,0.0435442630172688,0.00755430533087195,18.2754033333333,0.0849269922941092,0.0791916385762385,3.11842913882108,176.873,0.163329575,37.4586652677467,9.95751572556216,18.94934,NA,20.4876367270248,0.0201199146915617,0.271088481212864,3.36001516494845,42.6,3.23353765463918,1.37015,8.78228969017107,0.728013156896077,0.141518311527883,5.24184,292,0.917776627288558,0.0738914362282542,28.0370661435041,NA,0.307111587709808,0.499748567494944,21.89367436,0,0.3043773,5.91238966694178,2.17613246258464,0.132631653351257,5.87730032475173,0,36.4098419850825,4.63594860450887,31.2808867134184,1.48797038640815,0.391217239439659,0.0591646836386042,0.933445891350399,17139.8706984972,560675.133353914,15.0164855613254
"MWI",-0.859506547451019,3.025,-0.772310614585876,-0.155495509505272,NA,3.580186,3.32295989990234,16.8033199310303,NA,68.1337417400881,9.90490643773586,NA,2.70813684546823,NA,0,0,NA,NA,0.46247,47.6708771929825,36.7339170076123,NA,14.5323333333333,NA,NA,0.312093628088427,46.4748436179766,8.14487,NA,0.87249658455203,NA,0.00296920216582444,NA,NA,0.0352136025718012,4.99955846449336,40.074,0.248014672,61.8951401907777,0.593245432805679,NA,NA,NA,0,0.538014759445949,3.784233,NA,3.869108,1.41465333333333,6.5442564812043,8.07704536621549,3.08828312213912,NA,195,0.127551020408163,0.0124769177022508,18.1414383390727,NA,0.0464059876697662,-1.52673061169173,7.275203935,0,-0.7134903,0.128895881149996,5.90134134962935,0.119423107577068,0.46814044213264,0,NA,NA,8.89466840052016,0.00858448696248504,0.262932964333387,NA,1.74457886655376,NA,27184.2643737908,0.644302863820941
"DEU",1.18541669845581,1.55,1.45697498321533,1.55120778083801,4.91977488095238,4.38370929963899,4.47499133925052,25.3255500793457,482.349069356082,11.3628759285885,17.0788497924805,35.9326244279939,76.3156814575195,12.6853103637695,72.8333333333333,14242.1627333333,3.105254984,5997.46138347707,0.92384,96.8748771929825,85.7844342743873,6088.02650260293,21.7693333333333,4.1,17.0998614732725,1.56439130237235,23.9870421652114,81.80798,5.097125,NA,0.160675338835831,0.710302546154258,53.6398,0.352356723985242,0.200990516111284,1.34026671910679,6017.222,0.089354246,23.3916196519406,16.5700271072673,62.77857639,2.119363047,47.68587113551,4.44455222048126,6.10714928656876,4.82109706137184,89,5.13623410830325,1.42899666666667,11.8294544521589,2.99099916499846,1.08323002342636,61.7452357071214,1797,10.8006474024008,2.82743370611887,17.4954488965174,0.93781795576787,0.476899774801078,-0.265972946432877,56.863832,1.76976297976883,1.9266979,13.602878533961,2.42143969419931,2.7131676554607,7.28523398736677,14.8717025465284,75.5601349641298,7.39108097856394,47.4795227764176,1.83505078134566,0.974649823752264,1.83102596793594,3.11490066862619,354954.310606697,3731319.44269929,456.519746884127
"SLV",0.0504390224814415,2.4,-0.307905405759811,-0.369357317686081,4.42349206349206,2.91963896808511,3.17218995094299,13.8670701980591,360.504686515173,23.6931891197259,11.1111402511597,22.3701801300049,32.3802604675293,0.467599987983704,0,0,0.1428,57.61826,0.50897,63.2873333333333,NA,1165.61514195584,21.0343333333333,2.7,11.5962732919255,0.300529683567287,27.4477239287349,61.6065,3.6525,NA,0.0607794594284637,0.00221562205807751,NA,0.269010924821226,0.112435086131239,2.07217157310763,84.22,NA,42.2390029507487,5.37838747826754,31.49,0.0518781118685258,13.7970611192181,0,0.378721490912353,3.26935131914894,NA,3.1137355106383,1.55467666666667,9.83017095981403,1.12130564157607,0.941805402753372,NA,90,0.112698631337733,0,1.16361909285205,0.0500882805945479,0.0414330956314083,1.08382795378988,NA,0,0.08549129,2.16593150447798,3.08018191949398,0.0021482057972228,1.91587673274146,NA,NA,1.13950838352596,76.1341865037128,0.508970179149259,0.125861280501413,NA,NA,9437.44871374446,347132.696079384,9.04126819469664
"USA",1.21720099449158,1.5,1.39373278617859,1.3276778459549,5.32273916666667,5.31741411928429,5.38242927838381,23.3894901275635,489.413226767651,14.545969187823,15.9230003356934,20.357335799095,79.361930847168,5.3015398979187,97.6333333333333,36142.7937877571,3.447162913,5041.47879892556,0.91358,99.65,95.382634472924,13177.3216789475,21.768,3.8,10.1135743979191,0.183797501688718,17.5323356322518,191.97903,5.62641,NA,0.457569542630387,11.4255345628103,184.876453333333,0.629230682950447,0.580494082933326,1.1630886035083,29167.779,0.091044587,30.3135541189209,28.6733086567984,69.63712015,2.703357984,52.2989028577364,2.90053175148615,8.47767584843186,5.18134897415507,93.9,5.50964690854871,1.61333666666667,19.2714801067794,1.75079764316822,1.61170964851821,79.4870712313192,3213,9.86593965345423,1.80840500060015,11.7930816741309,NA,1.26297712317813,1.76884543766268,45.31345016,8.45464714201018,1.4802996,9.9820553330888,2.05608537693006,4.09396482693498,1.05909928401945,21.1219440697848,89.7873201600379,0.707268659098923,17.217839721003,2.60973759985095,1.76509117585412,3.59144542530875,2.1029679669363,838200.407535074,3793118.46264557,401.015522065249
"BWA",0.430828422307968,1.65,0.497434794902802,0.390436381101608,5.03984126984127,4.80367,8.05833660991541,NA,NA,11.7090648210668,12.1942100524902,18.1385192871094,20.5658232475186,4.24235010147095,0,0,NA,NA,0.39852,84.6878245614035,79.162762720659,969.58174904943,30.225,3.1,14.0985915492958,0.231311924129689,0.0601345935410432,30.08313,4.91428571428571,2.99091540519241,NA,NA,63.848,NA,NA,0.692189062969433,53.642,0.155236006,51.0472760285123,17.4590507429328,NA,NA,21.7646193149025,0,0.62766391584479,3.4520958974359,43.9,2.33853102564103,1.74034666666667,4.67719160158715,2.14605327820486,1.17921767063616,NA,160,0.212035930452215,0,8.55672793706424,0.231311924129689,0.122354800593158,1.04865990359908,20.12242622,0,-0.87245,0.397754055665514,0.438534429561765,0.007335797497959,0.462623848259378,0,-16.2611684721944,0.250587917807163,28.991094490921,0.267533447541735,0.205230942482061,NA,NA,10.4005872163791,127138.781540432,10.6208258432009
"IDN",0.58032637834549,2.175,0.301378756761551,-0.153604462742805,6.04663888888889,5.40398933333333,1.27517088245674,10.5510196685791,368.986175455869,20.2183981179812,13.1322711631193,19.4186992645264,44.8813032250905,0.0955199971795082,42.4666666666667,198.456860180147,0.28068,395.34168,0.80346,80.8054561403509,84.6000707936389,1379.23828054625,30.247,3,13.2289590679135,0.818045728894663,5.24399548528334,36.01284,5.73604166666667,0.0048275958964493,0.0157010691136793,0.11829574727327,47.29207,0.0457642914146182,0.0478727945494078,1.73322857532215,4658.321,0.09118409,40.2024644034337,6.18876017366026,7.96831,0.01661,11.1322378110513,0.00113294452565454,0.600129588112796,5.02413856521739,48.5,5.16310615942029,1.7439,9.25207317355374,1.96781201620494,0.788647157189943,7.51361,349,0.388029587140672,0.00694031175610268,1.59735664416428,1.0069852246546,0.540900319803673,1.09554710454062,29.43553768,0.69877222437355,-0.18175171,3.70068328120043,0.99627445950883,0.0673433834498279,2.27511759118984,3.21377472333846,75.6015318386339,1.10618422731244,27.1789118607634,3.08734385808168,0.0255626338395382,0.142803457728228,0.531250025998675,189655.826428194,292680.589611509,10.230288860582
"COG",-1.33428740501404,2.8,-1.23940634727478,-1.02058732509613,NA,NA,3.34005209256916,NA,NA,26.1709820744599,NA,15.1306400299072,10.3812103271484,NA,0,0,0.38339,126.96941,0.27604,57.5064912280702,39.067467667153,839.195979899498,27.466,2.6,5.07651715039578,0.286659891069241,13.6090704718504,13.79005,NA,NA,0.0299939009788101,0.00240798396777831,NA,0.0430509261489152,0.076488226843561,12.8273222461386,40.403,0.52647806,59.5027818910444,NA,NA,NA,NA,0,0.435828574586686,NA,NA,NA,1.76474,1.72121476191142,3.16918003044176,0.259416402101711,NA,146,0.104239960388815,0.00618765933222781,12.6723263124025,0,NA,-2.74869122617356,27.32233165,0,-2.1804597,0.298113736140345,0.215014195987604,0.00407596546756024,0.807859693013317,NA,NA,0.20847992077763,1.09451958408256,0.00864075394849393,0.504514052407094,NA,NA,43.8837458661621,16789.0825175229,1.38782480810433
"JOR",0.386213511228561,2.35,0.217705458402634,0.257768124341965,5.12214047619048,4.90692977358491,3.16022992134094,16.2156105041504,359.306981131901,13.8143509691225,13.1090497970581,23.1765995025635,33.0567016601562,10.2570400238037,22.8,0,0.69547,576.00927,0.75905,90.9260701754386,79.8508069420657,1998.22852081488,18.7926666666667,NA,11.7573616018846,2.29460346383891,11.972948793803,82.00943,4.26209375,0.856485084496182,0.0967786499120369,0.0101440728543135,47.0049266666667,0.234290612297012,0.0976667856562517,1.7153938570658,124.284,0.109456871,48.8726797818602,7.79734015446499,NA,NA,21.2353204749735,0.0590452384935591,0.450614163612355,4.97532729559748,57.5,4.77993722012579,1.85433333333333,6.68756336736973,0.199791669406023,0.137664681826873,NA,281,0.177156885075798,0.162738566508963,41.5580444787744,NA,0.298339612803215,0.3444871624806,20.47187649,0,-0.023868486,1.09489936589519,0.131706120588591,0.0845384245789376,6.88381039151672,0.680484023310106,30.5409028386101,0.843604214646656,33.1114654248813,3.36683789317214,0.010574855544841,0.0671729252739746,0.263933755794501,813801.116409604,234299.28489505,12.6634790767031
"TZA",-0.455080926418304,2.5,-0.588394701480865,-0.373498290777206,NA,4.56830193939394,3.15504437906936,NA,NA,23.4032224591061,9.35655188158193,13.6907300949097,4.01880516037168,0.419679999351502,0,0,NA,NA,0.4791,61.1499649122807,55.0703761109536,162.959667852906,38.0716666666667,NA,6.7025171624714,0.256196759110997,9.07011031371316,16.38668,NA,0.130932455230978,0.00194489392921253,0.00782506752053289,9.44239,0.00956538709658057,0.0258449614087934,8.543077769966,269.672,0.218977109,62.4832392725391,0.144468923089442,NA,NA,3.101280169335,0,0.971050002152686,4.15270415656566,35.9,4.28011848484848,1.88004666666667,8.60566251578245,0.250797388705718,0.0363914328973049,NA,245,0.00866123318638108,0,6.18529176184402,0.0053584824777623,0.0108234307626033,1.54909202481623,6.86634266,0,-1.0032604,0.315232502176608,0.290940391643607,0.554025093020212,0.504387369499776,NA,NA,NA,10.4115314542921,0.0847875682745861,NA,NA,NA,2006.61147946737,31175.0492556889,1.28529719916615
"CMR",-0.906262576580048,2.975,-0.913473010063171,-1.03819787502289,5.41761904761905,3.66311970658683,2.83907623667935,NA,NA,16.9982810012533,10.9454803466797,31.0328197479248,16.0404396057129,1.77322995662689,0,0,NA,NA,0.39885,60.6084561403509,42.4677475942319,357.219634539592,19.7606666666667,2.1,9.36757775683318,0.299926322446877,38.8851453869986,14.09109,4.89625,1.04996621459078,0.00703089708557703,0.00481596793555662,NA,0.00958468916187211,0.0453759483528266,11.5996997687308,163.156,NA,61.0336333768049,NA,NA,NA,27.2241316356393,0.00775061617398583,0.652947094634704,3.78577751497006,NA,3.90276606586826,1.96502666666667,5.00087653310492,2.59326142942138,0.190242980636679,NA,200,0.280365910113385,0.0245164137389983,10.2968937703793,0,0.179966846803148,0.401336911192249,NA,0,-1.3758762,0.0765106628909691,1.53812656551841,0.0415589134250125,1.23882611445449,0,NA,0.410768659003332,4.82490170892802,0.0120223497316064,0.436015864168403,NA,NA,23979.5943889345,77678.1488531729,2.76531704541981
"ITA",0.611036896705627,2,0.644031763076782,0.390358686447144,4.22042051587302,4.07886464516129,3.95585499648232,22.7849407196045,476.773706230324,10.0423317337566,16.839879989624,23.3806973486402,75.9496536254883,4.80108022689819,55.5,878.376033333333,1.310837998,2888.7057890079,0.76239,94.6954736842105,87.8634411497524,4453.63620952704,23.1926666666667,3.7,17.7145469172822,6.83733553050945,18.8669545030481,63.46744,4.55955,0.00305698388338293,0.0825969339194326,0.264967071150647,NA,0.136469334194205,0.104275256951128,1.34026671910679,3597.954,0.071893009,21.73690404538,14.9306548942107,53.20179244,0.761145497,37.4569096994438,1.68154466196696,3.21902358733093,4.42681903225806,74.4,4.41199348387097,1.98391333333333,9.33460320745731,2.11167577181944,0.76384528287286,42.9149940136629,1416,3.87733592013387,0.974798093583186,21.2278978552811,0.48502510069356,0.603414724013675,0.339122303123034,35.11549965,0.184989654809304,1.4565064,7.73971295042159,1.35309363484607,0.744922854071951,28.7671739137286,9.66074889504256,62.8035050407985,14.5991695843137,36.8008855933794,2.34397632779903,0.518603762885189,0.996124337160279,8.57455904246261,210043.127193058,1226741.2283356,154.637791286605
"JAM",0.407290458679199,2.075,0.0980334356427193,-0.174516573548317,4.54095238095238,4.37813364705882,5.65453693979426,31.7025909423828,396.661229047105,14.7297943567671,12.5829696655273,NA,26.2334098815918,NA,0,0,NA,NA,0.56772,86.8884561403509,77.1032676204806,1568.90459363958,24.464,2.5,9.62909090909091,0.214961306964746,3.8049567393834,49.14323,3.6925,NA,0.0430535948406234,0.00296920216582444,81.32834,0.0745094895144714,0.0643179827901443,8.00822939988168,33.775,NA,34.0500451697293,10.6775519565294,NA,NA,22.6044620194147,0,0.675415293333315,3.59094258823529,38.6,3.64761452941176,1.99638666666667,4.1784970370356,0.944905926181028,0.698117700727718,NA,146,0.0614175162756418,0.0518134715025907,5.56624722427831,NA,0.0701715665422118,-0.405173899013311,NA,0,-0.43110257,0.106003291602589,1.4965605468868,0.0671796538730945,1.9039430045449,6.56105809320856,50.1605884222557,5.02692998204668,81.439626581501,0.0373930868837257,0.0462199334182836,NA,0.492001531108765,12318.4631459898,163123.132076027,8.73967580937238
"EGY",-0.239516973495483,2.825,-0.665456295013428,-0.184178426861763,4.06995600198413,4.0569665,3.93084823437948,9.43795967102051,NA,19.5794566997467,12.8423099517822,11.9448204040527,38.9542999267578,1.32646000385284,27.5,0,1.03356,845.3181,0.70016,86.1512280701754,77.0753106524832,1853.70830376153,13.5623333333333,3.1,15.2536489151874,0.609978111441823,5.89133101041611,29.25218,4.241575,0.498400857341037,0.0230307878383167,0.0483085540161214,10.1327733333333,0.0486228798618179,0.0407990935151929,5.3633290546452,2231.822,0.107901026,49.235169689024,5.89928460279808,3.93125,0.02815,21.2616525429755,0.00520652249998698,0.892720856994546,5.0928875,49,3.959833,2.02744666666667,7.55966040298548,0.938481192549005,0.488144278464795,6.32054,452,0.327362770233257,0.0307102448134305,10.8252360627326,0.0117756392170236,0.354474190804055,1.08424422023641,18.46430567,0.28912262847164,-0.19998606,0.877749164143949,1.96529002674968,0.0618530931458611,1.46065028847961,0.899301479729613,52.5098111876654,0.947323065519213,22.3176624696718,1.1915949654051,NA,0.0612226488235062,0.538451914669048,64053.0139704136,236862.55869915,2.96418441574335
"SVK",0.229512304067612,1.625,0.601919114589691,0.603365182876587,3.39591412698413,2.97835823232323,4.52452627004452,23.5783290863037,457.708236339503,12.5723533378287,15.1549196243286,21.4083377872795,53.417610168457,15.2204103469849,10.7666666666667,0,1.041273424,3563.29732286667,0.70969,95.6745263157895,85.3307865588218,5303.79746835443,21.0366666666667,3.3,10.9390454284071,7.94651013296343,34.4521032861016,61.77218,4.412155,NA,0.106209299156677,0.0283175480512418,NA,0.168713408195276,0.129044226356636,1.34026671910679,247.54,0.172444099,25.4901889155906,18.44334345533,47.14,0.580650722,40.2090964590965,0.174879527436655,2.08503414620585,3.74260631313131,39.4,3.52566619191919,2.05750333333333,12.3304414761152,1.07576234459141,0.677666156236347,33.2918053803685,381,1.21798558717055,0.335474266785166,17.5931162640381,1.25604763676963,0.331451568105046,1.52355852690089,55.23932109,0,1.4504567,8.71756352895714,1.8044375793434,0.0524854407506319,16.0114355313462,0,NA,1.61975166627195,46.9643400886423,4.77108084003973,0.389360218086871,NA,6.77401048014688,380557.995199166,1290370.87430951,130.277328079487
"BEN",-0.218984127044678,2.5,-0.295836299657822,-0.505709648132324,NA,4.83436142028985,3.74378155919374,8.15983963012695,NA,16.2157742250768,10.0140800476074,21.7630405426025,10.2350101470947,3.08688998222351,0,0,NA,NA,0.52016,56.276947368421,54.5912811426885,74.9063670411985,38.2246666666667,2.9,8.69439071566731,0.171591338069254,0.499382967832755,18.60834,NA,2.12097362515605,NA,NA,NA,NA,0.0339529591648058,9.8202059066325,63.541,NA,60.9383346997912,1.09148850540126,NA,NA,4.64042589961247,0,0.219305965770733,3.81116220289855,NA,3.60153220289855,2.10714,5.63616091725479,2.35071454969096,0.00363174454471893,NA,134,0.428978345173136,0,7.96336223855463,0,0.0554643602264085,2.81408472524313,NA,0,-0.5983965,0.0574276970106848,0.330391937895782,0.00792090983806007,0.686365352277017,0,NA,0.0857956690346271,3.55194069803356,0.00966528331359959,0.116702140764799,NA,NA,1531.62979096952,59643.5468248277,1.89350794137963
"KGZ",-0.890727877616882,3.375,-0.616720378398895,-1.1741224527359,NA,3.38155194117647,6.82694680798777,NA,NA,12.8333280712279,12.5527264641832,17.6440296173096,53.1743590503791,19.4542903900146,0,0,0.05876,NA,0.60723,87.0732105263158,83.7955471165081,2041.17647058824,21.4533333333333,2.3,6.87333333333333,0.0594601022713759,48.8829163033496,21.64641,NA,3.15184618945026,NA,NA,NA,NA,NA,4.1337734967557,55.01,0.381620109,48.0321478923679,11.7340331434736,6.9331,0.0278,20.8723448806073,0,0.562473505288242,3.54755823529412,NA,3.25093241176471,2.13454666666667,11.7303426006053,0.653783919765369,0.144470191744788,NA,122,1.4865025567844,0.0254499181966915,4.69005635339029,0.356760613628255,0.0550492447230541,1.56297304620556,2.256493882,0,0.059186075,2.11795118252989,0.531503592922495,0.0431548298701962,0.237840409085504,0,NA,0.218020374995045,20.3749950449915,0.492987476634472,0.785656210058012,NA,14.4742746085696,115230.174427037,361685.100705801,3.90170425202272
"CIV",-0.359512031078339,2.175,-0.116081379354,-0.461197137832642,NA,4.65868822651934,3.42992997169495,10.5970001220703,NA,32.0063118530609,10.7347898483276,NA,11.5724296569824,1.35794997215271,0,0,0.06975,NA,0.52194,74.4985263157895,74.2757860773299,442.471590909091,25.635,NA,11.1834030683403,0.267472650921443,11.9310697477111,22.4326,NA,1.18964358973849,0.0183952397162544,0.0086250080574459,13.1637166666667,0.0508768572720629,0.0471635663640531,5.53087367084739,244.611,0.235432252,60.1612831040585,1.82416158945496,NA,NA,4.67331174124293,0.00558104231546284,0.411131299769481,4.11119869060773,NA,4.02055385635359,2.13785666666667,5.77218361989992,2.36444407091145,0.0779899823720508,NA,147,0.0757839177610756,0.00102203089803811,1.77833376258631,0,0.0201478954504811,1.58903934807211,5.59502914,0,-1.013524,0.565626127192952,0.446269906926188,5.40134476200271e-06,1.35519476466865,0.479960612599778,35.8627278333176,0.735549790033969,4.50245629051096,0.0431123846404274,0.0686544470685444,NA,NA,1599.27143970178,26430.7969423166,2.36900893146781
"NZL",1.5299768447876,1,1.91022837162018,1.70570802688599,NA,5.09694696551724,5.23012018203735,16.6581993103027,494.685503030926,14.8468037235504,19.1328506469727,23.0143101945104,76.3811416625977,14.8859901428223,52.2,176.977119862789,1.463769206,5101.03982734942,0.9453,94.5976666666667,85.865278576162,8506.66666666667,24.5923333333333,3.6,11.0373291272345,1.52249284753064,42.2551436035178,142.58175,NA,NA,0.312314942947907,0.108469970870779,50.0517133333333,0.536780026664428,0.467738425029424,0.688900197779959,283.908,0.233138047,30.6498278051425,21.5395003376097,50.13318113,0.863891186,NA,1.24978860836245,4.20706082911331,4.81594468965517,79.6,5.0187564137931,2.19818,12.2640428037024,3.47705999777504,1.5884109107416,46.1538461538462,758,1.12563452234493,1.09843223861251,29.8653084802119,NA,0.242964375143177,0.0964579309303693,17.5317864,0,0.22453047,2.05105300498705,1.92093558789818,1.76781693820421,3.55729371484647,2.44890919048851,65.5656799050173,1.05347846322025,73.5486710657811,0.455551991218106,0.537796291523353,1.85718996196159,1.657848753353,337759.65794425,4142568.95305473,297.945775721008
"KAZ",0.146814674139023,2.3,0.0659545287489891,-0.446781367063522,5.06283247354497,3.64886907792208,4.87248905777363,21.2087707519531,411.629974336497,9.94292742829665,13.7027358013636,24.0615406036377,53.4564204414133,5.50775003433228,38.1666666666667,0,0.14472,693.05803,0.93903,93.0709824561404,87.9645509362779,5753.52822580645,27.6896666666667,2.7,7.15256607467487,0.262831537743119,4.52017003362195,25.96644,3.87973333333333,1.14910728337863,0.020793504394269,0.00849363194396469,25.3356733333333,0.0338980958075287,0.0205178906442988,3.00892021612301,830.605,0.245964911,43.2654111409501,NA,47.4229,0.05014,NA,0.0122987993297154,1.29614356232231,3.36771523376623,49.9,3.10206242857143,2.2129,9.75447030427015,1.00975502638367,0.423646007865148,NA,183,1.01560147593943,0.0283112911672817,3.09413018221658,1.50936752014616,0.0102100708480529,1.67394855618793,15.08454338,0,-0.3559345,6.41098365606961,0.906648165017175,0.0175046526182314,0.486110756699652,0.471882959537421,13.2072232348177,0.182451018918767,30.2600756342406,0.48259909976027,0.458101309318127,NA,5.9126000950806,139468.961613768,338500.731434377,15.1876608850633
"UKR",-0.357320100069046,3.35,-0.266427397727966,-0.888317406177521,4.33649553571429,3.54415179104478,5.9339,25.8503799438477,439.519833069715,9.3615566471779,13.3280096054077,24.0664901733398,75.9079437255859,3.52958011627197,16.4666666666667,0,0.32653,586.07925,0.98536,86.01,NA,2663.28343060137,14.8396666666667,2.7,5.61830939947781,0.477770789061784,29.8830820707239,23.31604,4.11169375,0.0505716649940921,0.0504358789803579,0.00932421777332825,4.26030666666667,0.170675710707071,0.0359445209074669,1.5705631934109,655.583,0.151169925,24.4213653124982,30.0198482574164,30.51146,0.27545,37.8830702317648,0.0549251076063236,2.68314094689029,4,33.7,3.67681146268657,2.22525,10.1565174327291,1.38881797293847,0.662400161749216,27.25359,382,1.62474241398115,0.164558721016256,6.67039871381656,5.51286361654792,0.417297869072419,-2.41766701174946,18.348126,0,0.31271634,1.15202761903789,10.0426711404501,0.0804381869068808,2.25372685345306,0.364874332945261,NA,4.48493252493014,62.0136832267063,0.120748346168715,0.497147233670083,NA,0.578002628828206,1052154.02947427,1242170.31135065,31.7079370703256
"THA",0.171705812215805,2,0.158257782459259,0.244872748851776,4.15414821428571,3.47129963758389,2.52122219628772,NA,393.957556326556,20.425810691146,15.877649928005,30.0678005218506,46.1752090454102,2.02573990821838,32.2333333333333,110.840577069159,1.15902,1863.07585,0.76105,95.5064912280702,90.2153704818267,2618.10584958217,24.115,3.5,9.15220654458121,2.66655734256884,6.16788070187323,154.33774,4.3623,NA,0.022187520239802,0.04269375104564,116.25567,0.0607391318846295,0.027334889853421,3.24157201479634,1771.532,0.094357169,26.8502038247321,11.1077573553879,80.83961,0.80141,13.6576813141882,0.0853913921344887,1.24618179041674,3.83677500671141,54.7,4.14895794630872,2.23233666666667,18.4755020511101,0.297246450660497,1.79506787042962,60.75735,485,0.446802834583728,0.0727099482256036,7.53923722518137,2.14251465626186,0.311921180497542,-0.600635839931358,34.70525027,0.641800268089141,1.0793952,16.5142689515397,0.13968685812643,0.0905642899444165,7.82499113227087,7.80626433735955,66.0349331644753,2.36651022625929,20.0461181330058,7.12611042442755,0.0324818239291283,0.333801868787109,1.10996636579918,181351.443523944,319900.420757233,16.8070688771872
"BLR",-0.991465747356415,3.3,-1.41953349113464,-1.25094270706177,2.99899255952381,NA,4.9514799118042,NA,472.305757544331,9.99381687483647,14.2761096954346,36.7696800231934,72.8250198364258,6.99213981628418,15.0666666666667,0,0.57843,1504.35265,0.57598,92.1890526315789,86.7790109061322,4277.95874049946,23.5796666666667,2.7,6.57326770162817,1.94280132414392,10.9756207755155,29.17299,2.589675,0.0178620760822636,0.000545580727769834,NA,3.723435,0.00570427978514703,0.00765194978752318,2.07452705475696,293.136,0.108020028,26.273547238404,21.7065298545403,44.9881,0.41549,42.8505505554096,0.0238620771938197,0.618961390700133,NA,56.4,NA,2.23872333333333,5.40245572751555,0.746732233471663,0.405271323516881,NA,243,1.36394059441761,0.0341271628186234,3.51713880246711,0.94064868580525,0.0394679401107279,1.92394225861571,27.64406753,0,0.71532065,2.01751823678992,5.23413238069695,0.179700441621621,25.9184891734954,0,NA,1.00577051789946,16.4649698811527,0.878299990557002,0.383168551612729,NA,0.454126282225558,1817960.43047529,1299056.15199021,25.1850656247311
"GHA",-0.092661589384079,2.525,-0.18065220117569,-0.0996378883719444,NA,3.89003164864865,2.90963831638452,NA,NA,16.1484948876717,11.5851097106934,16.5773391723633,22.0958309173584,0.67833000421524,0,0,NA,87.47972,0.60837,74.134701754386,74.4920995886802,711.019929660024,12.9343333333333,2.5,16.7556675062972,0.439450059639651,19.9837543233107,9.96378,NA,0.140880857543917,0.0166719058904945,0.0219360865586442,11.6977866666667,0.052574884151721,0.100219790799408,7.71309041832297,269.105,NA,54.6887537244104,3.34040074663636,NA,NA,8.80201922913045,0,1.79129388766703,3.94412559459459,42.2,3.78667318918919,2.27896,4.09999743035136,0.578085010304721,0.986253958596449,NA,251,0.0313892899742608,0.00340684862785901,9.94407387450995,0.0117907148120855,0.0152346638610148,1.42985732067943,NA,2.63988067739338,-0.70736265,0.112470827168799,0.702107293646268,0.0687899663101963,0.776884926862954,NA,-52.7544656556935,1.34189214639965,2.9545169188273,0.0464121381779908,2.78312638508088,NA,NA,1691.54455702043,174646.273997764,1.78168865724715
"MEX",-0.198361441493034,2.675,-0.171988308429718,-0.806393921375275,3.77911476190476,3.15126681818182,4.24952983856201,13.9308700561523,406.75849314611,15.2269713311595,14.4681100845337,23.7487053745112,46.4061317443848,1.17654001712799,42.5333333333333,433.785549272299,0.26819,272.31856,0.76366,82.0359824561404,83.7444737546832,2756.10887720384,23.9976666666667,2.9,13.8923305457746,0.825192523956999,9.80639842696644,33.32396,3.82057214285714,1.00163799370728,0.0258559419442366,0.0984400803715537,33.8642833333333,0.0682006453601438,0.059971148318283,1.65319854517017,3303.067,0.126731952,40.9517710605688,11.1582652253733,16.06,0.0517896488871676,21.8891223034168,0.0309988115877293,0.571019593953522,4.19074594886364,43.7,3.8928851875,2.35029333333333,15.0734930293388,0.823236773179986,0.844183570302407,32.27,641,0.307560323334583,0.0564781156422198,5.16398849917365,0.161642133122674,0.201023897402764,-0.60742980935065,46.13875168,1.02870584403939,1.2591261,12.2402275144285,0.166539710800308,0.215618558914391,3.23189922587884,4.03339388211581,65.4610653179707,0.341209561163622,48.0809871113985,7.3645243695968,0.113682040486223,0.321750855490347,2.57598129282755,90342.1178230424,267008.371018861,22.6071618263747
"GTM",-0.897167265415192,2.45,-0.290354937314987,-1.07527709007263,3.67582388888889,3.72814184126984,3.17938995361328,6.53353977203369,363.761370876835,11.6024920911615,10.6018104553223,9.76543998718262,27.2948894500732,0.434260010719299,0,0,0.00548744264310364,4.49567723342939,0.65379,64.0822105263158,66.2256699674422,765.340909090909,16.442,2.6,10.0425798371947,0.284886566996493,23.2808241791145,37.10302,2.9089325,NA,0.0242964057769758,0.00519011340092071,NA,0.0806217534867049,0.0287572815426806,2.26660890414624,264.033,NA,51.1376436953981,2.34571361230743,11.09,0.00301059132040656,7.81511683182799,0.00480392769128039,0.890381201449288,3.83813831746032,NA,3.65920126984127,2.40846,9.8790851658635,1.24020501629965,1.6737708067294,3.54,133,0.0160499474364221,0.00441914457662489,0.980937988812005,0.0280874080137388,0.0146751400190011,0.776722569125845,NA,0,-0.18593262,1.51129363757742,2.39423215054233,0.0720228525346756,1.07133399138118,NA,NA,0.0320998948728443,26.4302509409282,0.186054847459982,0.0987064998746872,NA,NA,1586.72006607146,169304.274269131,12.7428656339265
"CAN",1.51680326461792,1.35,1.64471042156219,1.47300565242767,5.01631130952381,4.94248191752577,4.53563797049935,NA,506.365822048257,9.40564567581485,15.7875699996948,25.935843311703,78.8984985351562,18.5702991485596,82.7,1275.19830024464,1.790796075,5573.2578548135,0.85516,98.7123157894737,83.3489154539546,15628.1795511222,24.252,4,6.13327280064568,0.456897525158498,34.1196317278969,NA,4.8997125,NA,0.309186882269319,0.870458821921457,149.707013333333,0.643467429086374,0.444016219947705,1.2,2582.228,0.08751397,26.5252460311798,21.1294962518111,48.07590837,1.073154774,NA,1.80255442354825,4.18638041821177,4.92335810824742,93.6,5.30148236597938,2.42868333333333,10.4624523244271,1.57293979070874,2.40791642725217,63.4377880184332,1659,1.64635810076901,1.30471449461473,25.7242970024336,NA,0.629436676513299,-0.110372224985362,31.79911829,2.40311581130048,0.6396243,6.07746152016912,2.29896191967519,1.19341378320443,2.37168794501799,11.5801833920666,69.2461289033434,0.317055538566451,21.5493286580032,0.780911027153283,1.43017910252466,2.21777202001873,4.56359532304212,405352.426198916,4278193.64385159,358.774572295968
"MMR",-1.75280201435089,3.7,-1.43684935569763,-1.61694085597992,NA,2.92063498497009,1.99976003170013,10.1934499740601,NA,27.2467916178576,11.6575498580933,33.6678009033203,20.3723297119141,0.0492400005459785,0,0,0.02376,28.00891,0.32594,72.0620350877193,71.6322743573728,386.120339608712,32.285,NA,10.9306331471136,0.145805539152432,15.9764574532475,28.9829,NA,1.51968209211374,0.00276237300825582,NA,NA,0.00534683557526094,NA,1.2151733333,283.747,0.248447937,40.2238161424753,7.24834016383901,0,NA,5.15970765258624,0,0.940935663502779,2.90616083145142,NA,NA,2.46051333333333,5.5043427967087,1.55570097696648,0.219053013895382,NA,109,NA,NA,1.18415348884746,NA,0.203270860457117,-3.48808970055496,40.67929509,0,-0.9368122,1.50794136618736,0.882039180635387,0.0706007382999381,1.483571360876,0.348828623729022,NA,NA,71.3390051688064,0.987907151805505,0.0844835496346934,NA,NA,24950.7080743164,26070.6119752562,0.323297386127683
"RWA",0.388362646102905,1.9,0.124717451632023,0.205150455236435,NA,5.76264133175355,4.65359397768961,30.2938804626465,NA,24.3530810617996,12.5904502868652,28.8283100128174,8.88624000549316,6.63570022583008,0,0,0.79445,133.11989,0.82065,59.3811754385965,59.8776662292461,79.8258345428157,25.1983333333333,2.8,6.1139489194499,0.31652247309559,19.1592430888637,22.72559,NA,1.08978383903493,0.0209137643954798,0.0100060813364773,30.8268266666667,0.0643871112865992,0.209631793043038,11.6026255933848,51.918,0.288121919,57.7571609636622,3.69736808405487,0.62894,0.04417,9.48422753431869,0,2.41678702740294,4.28402031279621,38.9,4.13112952606635,2.48749666666667,8.0341749564308,0.53426919772621,0.00696579039543553,5.57274,130,0.253217978476472,0,11.7300358257252,0.168811985650981,0.05488003562283,2.03488248797388,8.229672752,0,-0.5350747,0.519871167313233,0.71133062170576,0.0159021720207673,1.03397341211226,0,NA,0.168811985650981,29.5420974889217,0.226465734655999,0.016434265225052,NA,NA,3375.94192900859,265757.416960165,1.17770701708876
"ARG",-0.377517342567444,2.925,-0.482535392045975,-0.410826534032822,3.39475555555556,2.21192270157068,4.80521011352539,17.4303302764893,394.82147088635,NA,18.6565608978271,14.8093004226685,107.103897094727,3.68503999710083,38.6666666666667,76.3637666338419,0.601114137,1276.71562759071,0.79649,96.8168859649123,70.4316934709877,3133.03049967554,19.059,2.8,10.6206476747017,1.16796675966602,15.0406241050221,15.9585,3.24192916666667,NA,0.0293878627676636,0.0349404684007123,8.43627666666667,0.0811897600733755,0.0440612587519907,6.47481232796997,1353.804,0.140196649,36.4042065737742,15.2124880449072,22.8588447,0.252879005,23.3577798710317,0.0427951079317796,1.47979090896641,3.48453813089005,36.7,3.49552961256544,2.48818666666667,11.188007154726,2.53348020792843,1.88386436681125,11.1844770953237,611,0.307321253637121,NA,6.70628835488741,0.106576966819524,0.277110396032331,-2.16561135845124,31.80052552,0.478926368989256,-0.30046633,0.876758196765707,2.95140781681274,0.249707666996897,5.18139253756838,1.51738676874474,52.2794779469232,0.997881600289656,51.1569440733717,0.0359741672610191,1.17525778294939,0.140882170198922,5.43859209775098,240492.301571741,981895.514450178,28.6632738925906
"PHL",0.154091909527779,2.2,0.16425496339798,-0.41814711689949,5.05992063492064,4.72746438888889,3.6236863467978,NA,352.478130974747,26.3299867252375,12.3083462719004,22.5579204559326,44.2394203278519,NA,25.4,0,0.32222,170.21271,0.80543,89.6295614035088,78.2801903829701,965.039806161301,23.7023333333333,3.3,15.5539270352079,0.820594709381948,11.1074854126629,48.30101,5.81666666666667,0.0193553345417337,0.0290316855343717,0.0308967372206459,68.9459266666667,0.0991643490127194,0.0400843068174681,1.65349920051041,1367.043,0.117555282,46.118332246083,13.651261198798,37.96389,0.05784,14.1712771546105,0.0139744965438076,2.14766871829697,4.67419844444444,32.2,4.8463175,2.49123666666667,23.2904589235783,1.527531588834,0.459230429069802,51.8172,351,0.622574750554258,0.0155687860586682,1.80023598379861,1.55485271671502,0.266659715671885,0.313012927478731,41.24400656,0.196978352079106,0.79559034,29.4773100268719,5.60036976976866,0.0216552467884655,3.07406184084106,5.35762010755018,59.814305572368,0.681188658367254,29.0622012373871,3.13215914715496,0.0975385325897678,0.171461330453904,1.84196426764625,259562.52646415,309534.50231514,4.9327501401969
"BEL",1.03702199459076,1.775,1.16822481155396,1.29537487030029,5.0947619047619,4.64164347305389,6.35551977157593,24.327600479126,486.305943764293,8.41463948836259,18.9960308074951,18.8068748059926,83.5736465454102,10.1469097137451,55.4666666666667,814.5832981,3.323314323,7091.49677810974,0.72244,96.2234035087719,84.6027318567793,6904.7619047619,25.652,4,12.5292869269949,1.43738274061775,24.1703403503447,69.98182,6.375,NA,0.28617469548875,0.27964116012817,75.43468,0.557764970525596,0.323113197989775,1.34026671910679,863.837,0.113642101,27.3760543452406,27.623144579083,64.42,2.461117545,50.3968724084824,2.15206738791258,4.57662195384447,4.56187499401198,87.1,5.06719640718563,2.49219666666667,11.5581189338838,3.28664803263646,0.697166617063075,62.4540672959147,1134,3.96928628372425,1.50100713444782,26.1009889597227,NA,0.542707796540371,0.639710123502906,38.30951574,1.73348187604807,1.1055132,9.79301819194533,3.73671443803418,0.755094591458747,3.61203853000941,5.74076685176481,57.6793116564126,1.54167990361504,23.6766548183491,0.840137826838133,1.20798074669804,1.63001266536202,3.94251177178573,88794.7061177697,4065068.52219573,274.559671373707
"FRA",1.14462625980377,1.975,1.15350544452667,1.18057084083557,5.13503095238095,4.5215205942029,5.43038988113403,25.2091598510742,478.340618233303,13.3763920551319,16.0951194763184,30.5260104319401,71.4203109741211,9.13704013824463,77.5,4144.08225,2.18694599,5067.45955202329,0.844,96.8582456140351,89.1858989059547,7609.75254730713,24.32,3.9,13.8385516308152,1.42541367983969,50.3576581791177,112.73035,5.45623125,NA,0.223953178080464,1.24783792880185,92.8839333333333,0.383722738509614,0.347375200991796,1.34026671910679,4359.372,0.078380298,28.7096125264929,26.1903306643848,56.30234203,1.43551914,49.675815639565,2.60473495693778,5.02025526523974,4.54808195652174,90.1,4.74119789855073,2.50369,9.93767529205556,3.19141480499079,1.38743230219428,61.2083516381882,1604,5.80969457015455,1.84173578212642,15.6162401373409,0.0985418419346114,0.611038920473304,-0.521923848805099,45.77646022,2.15810970786943,1.2316134,11.0502885552216,2.55775926974597,1.50889417705396,4.79150802023741,18.0920074714574,81.8275371923315,8.34115138187718,65.8470834820365,1.56345416663228,1.26392719195058,1.59218677750162,5.27777653536334,841758.157949786,2989532.51131418,218.904576014549
"AUT",1.32668149471283,1.55,1.36136972904205,1.74656546115875,4.90191891534392,4.65009252901024,4.77094552643929,26.1587905883789,486.314768359226,9.3144141833358,16.1277503967285,31.0528227176345,91.6818237304688,19.9517402648926,45.4333333333333,388.5813745,3.292375392,6996.55081972399,0.83829,99.1865964912281,92.9135064165053,7699.89047097481,25.5016666666667,4,15.5790513833992,2.50061790741458,40.0303192387993,84.9223,4.78520416666667,NA,0.183751435301664,0.112858596782102,30.13009,0.459433807760052,0.239652524694014,1.34026671910679,667.153,0.073853688,24.0899015029669,20.3485328214206,51.15472003,2.267310277,45.8662864526478,3.07225341425068,5.57217406212482,4.64714551194539,90.3,4.81729314334471,2.51905,9.8975467574405,3.77281401156728,0.6699314528471,63.7060060908606,937,6.307232720715,2.41672240100846,26.9698255122888,0.314293647911778,0.572671103776504,-0.481761557009284,40.2715099,1.3608288717459,1.7025583,9.56484939422341,3.75386795345892,0.604611276979484,5.81748388100781,8.52950191159798,39.7554894463414,3.94087617745691,37.0668163884303,0.837261658220528,1.04596049563846,1.99333851001697,6.307283789773,323376.287203381,3585941.68380915,337.372495914886
"SAU",0.796441078186035,1.775,0.517070889472961,0.414570838212967,6.46080011904762,5.39167319806763,5.11466979980469,NA,387.240090643748,14.3535465150608,16.9494304656982,28.068660736084,73.7492065429688,4.1267900466919,52.6333333333333,900.770205467597,0.56486,1120.62603,0.98995,96.8666666666667,99.3624183012027,11503.4331227685,28.7036666666667,3.4,7.60671977545713,1.12961550761359,0.465170573106073,51.97983,6.39692,NA,0.0554327829759315,0.0602170977415318,291.47504,0.110827193620121,0.0595171873699711,5.33597201062766,2112.88,0.271453555,38.612400484078,NA,39.3943310653109,0.182434113885426,NA,0.256291967809729,0.741814808999279,5.20086650241546,78.2,4.64065179710145,2.59619,7.5044692799783,0.751463163932891,0.422629504750376,6.02313786587994,618,1.56847310029274,0.188419077278407,21.0920639127636,NA,0.285268202870023,-2.78794719708418,26.87717609,0.0879832479895828,0.43345684,1.3524536695347,0.520787205522997,0.0845605345292875,2.41863668790436,9.91311566277781,65.3909940376993,0.546112026764409,14.3907898944675,0.573333635939989,0.0389660368385062,0.834665580305425,0.930873496072685,155386.88199998,209162.328850611,11.1903504607676
"UZB",-0.283767521381378,2.3,-0.576817333698273,-0.832810997962952,6.93631071428571,4.58407514534884,5.47287597270024,13.7929697036743,351.43461315746,12.7319101410041,12.588816480042,32.7905883789062,56.1880218888311,0.734780013561249,12.8,0,0.12527,542.07268,0.76484,88.3025964912281,80.0334613529552,2083.30995792426,33.734,2.6,6.22100248550124,4.22737947927978,3.21192425546474,34.71077,6.3565625,0.407938285155321,0.0194665441275569,0.00382094470326304,7.293615,0.0297436610628551,0.0238294253047781,5.2378178284888,428.204,0.115191835,45.7541503847741,8.05013240951446,42.42783,0.05258,NA,0,0.901191020007095,4.2795053372093,36.2,3.7814731627907,2.67347666666667,13.1330958583897,0.719593128647644,0.345968863347582,12.90051,144,1.30811384125862,0.00443713743916451,4.04947174711119,1.20457587312811,0.0437482936261456,4.44703988250478,25.31568316,0.910468027659391,-0.046318118,0.769645682909044,1.32451944337035,0.0321209705883871,5.49761357610041,0.23130597219933,NA,0.535367054723604,28.9274981691457,0.721019100587885,0.182981791011472,0.134417136672817,0.638405966695382,185239.584513217,185099.113421382,5.68485540547086
"AUS",1.58987963199615,1.375,1.94220554828644,1.52318394184113,4.88279541446208,4.88939595833333,5.2067765271605,19.0936794281006,497.378687582899,NA,20.636510848999,19.1470668259803,104.64835357666,27.1908092498779,87.7666666666667,1001.26792622186,1.662898243,NA,0.92219,98.7381403508772,92.8604729495206,10265.6660412758,23.9506666666667,3.7,9.9138529737717,3.704959807412,14.9052262041229,127.43189,5.05989583333333,NA,0.239764840491672,0.522924013804416,116.68978,0.480946039875919,0.34378201265846,0.582280813241293,1897.885,0.116004942,29.855607385253,28.9794746404524,NA,0.885776214,49.5322251701099,0.86374585707029,2.21115433269271,4.74228210416667,96,5.10612084375,2.69126333333333,10.0575759660131,1.21267096212474,1.04218759069212,NA,1475,1.37133757022575,0.892473358501701,32.2543252093778,NA,0.239662145409739,0.132701755806368,24.01674335,2.59629798951699,-0.6800902,1.97255760143911,1.43334862727614,0.345242119469845,7.51423083581687,7.23059208777656,69.794948099405,1.44724992477031,46.4747449426807,0.532109708680274,0.329347494182001,2.3601512203558,1.95390191770588,476492.156467941,2908532.79799241,400.372107012495
"MDG",-1.02277612686157,2.925,-0.799546599388123,-0.974946022033691,3.69983833039389,2.75213670730591,3.04770386693564,NA,NA,19.132735322721,9.06044960021973,24.1647396087646,6.14665985107422,0.343080013990402,0,0,0.01275,32.94427,0.40447,36.2670526315789,40.4452514003416,88.145896656535,21.5686666666667,2.3,4.74760383386581,0.123031496062992,15.6282122557352,17.19605,3.3324537037037,1.08994646405592,0.0462837390146793,NA,NA,0.100446940081589,0.0276883401219842,6.32686384814462,60.877,0.311808741,59.0227844992835,1.94371213244216,NA,NA,4.18604294889072,0,1.00141563991828,3.34313726425171,NA,2.9396550655365,2.72434666666667,6.02781443693265,1.65898063463438,0.268309491951112,NA,134,0.0351518560179978,0,5.42076646352481,NA,0.02785027151975,-0.664503466666537,1.044770283,0,-0.8191827,0.32799749451125,4.55219202198463,0.0167473252066711,0.861220472440945,NA,NA,4.25337457817773,55.8562992125984,0.0862987702573902,0.314832343188265,NA,NA,0.0378007522349695,60443.9502742086,0.665428227844029
"GRC",0.148003026843071,1.8,0.578935325145721,0.213158577680588,4.19206742063492,4.02886834554974,3.7919779460305,20.1285495758057,436.457669120158,8.50039358457149,20.8455009460449,26.1929836878935,166.665649414062,3.06875991821289,29.3333333333333,0,1.493218878,5250.67164510175,0.81453,96.9724912280702,85.6338879725628,4500.47483380817,20.2633333333333,3.7,16.4221079691517,4.31834421111692,20.7751019434355,49.10414,4.1835525,NA,0.119400758133091,0.0238995347437968,26.91771,0.247587963168334,0.129874264053327,1.34026671910679,436.757,0.129577277,23.3922677526682,20.2350770259528,37.91,0.736222005,31.6117983309525,0.355325294576131,2.50317317325107,3.15675906806283,57.8,3.26414808376963,2.79320333333333,7.21920977013554,0.898419712033234,0.312046809216745,31.1270583243722,725,1.58011595509497,0.320787531739617,27.6126083840671,0.0431594646308187,0.590395079248502,0.394216021098741,16.47603808,1.25202227996274,0.22135136,2.73281447521432,1.33363689975823,0.0610016024396951,15.6213284483213,0.864743882249567,55.0266857084628,2.88209313812467,NA,1.12421725372441,0.522599409720647,0.817056948765308,5.23414006049534,74776.6746414736,1521414.11140999,127.893467415733
"HND",-0.795222759246826,2.8,-0.550886929035187,-1.09500813484192,NA,2.23421841704036,4.04616022109985,18.0420303344727,NA,11.8223430772717,9.88817977905273,15.7326898574829,22.4726135466619,0.825420022010803,0,0,0.05997,187.83669,0.45874,68.5785964912281,64.2620561834987,1088.2070949185,24.57,2.9,9.06333333333333,0.340233976288309,29.0443902231423,75.573,NA,NA,NA,NA,NA,NA,0.0131550133642111,2.4574899070822,81.06,NA,49.5484674059705,0.361628834965468,21.07,0.00609647949018557,11.5929109061773,0,0.250958339556317,3.49804665470852,NA,3.04430534080717,2.80459666666667,7.9422964321682,1.7715130201084,0.861196019671875,NA,95,0,0.0148038490007402,3.03478904515174,0,0.212140637706978,3.03044100101279,NA,0,-0.5753976,0.638159718115054,0.784974006421514,0,2.32929414535842,0,NA,0.0140425770937482,39.4147975607841,0.0469725601233584,NA,NA,NA,3511.02956006176,135097.576032846,2.86786223144901
"NOR",1.79993534088135,1.1,1.59752345085144,1.83398151397705,5.4534444047619,4.89394,3.9680196055658,23.5986499786377,474.400097561022,8.03193063345147,18.5632495880127,21.57456345755,95.0573806762695,4.51394987106323,44.1,424.250492912211,1.852998122,7428.05253623188,0.91172,98.8666666666667,88.8737534009219,27734.6570397112,24.274,3.7,13.7903351519875,2.35831608653053,71.1283294818849,126.81049,5.042095,NA,0.310588044255027,0.197938517437612,68.1969233333333,0.55985045289426,0.403124508750778,1.60846900451578,576.236,0.128529915,28.2207050596916,29.1271044442671,44.61836405,1.053214067,51.8983423894353,1.49231767297931,3.22579513788456,5.18462,66.7,5.5303,2.82152666666667,6.29715275407658,4.15686086275097,0.303674361024069,54.4332893932983,896,2.73001701524154,1.19968016576542,26.4717928071138,NA,0.607305814448682,0.559203637208805,23.71026197,0.888509791377901,0.1767339,3.40583901355092,2.24453754940966,0.218296190440458,3.88120727018147,8.75686225728874,66.488389529365,0.8354249028796,14.5288149416556,0.471146004439546,0.503948015629576,2.47715778330699,9.02950610407512,494285.001657829,4962071.39139816,358.923950268615
"ETH",-0.768662095069885,3.45,-1.0210794210434,-0.670203268527985,NA,3.11702132225037,2.2978069565991,NA,NA,44.7039421813403,NA,NA,10.1040304527929,NA,0,0,0.27437,89.03843,0.34195,37.6461929824561,63.5597489731712,140.541416761225,22.4746666666667,NA,5.90987758547911,0.065001462532907,44.5755218282767,NA,NA,0.468151368804526,0.0175471661461875,0.00358479075573517,NA,0.0281069389035021,0.0176553165115236,10.4904193130292,434.441,NA,59.763921783128,2.39180905973842,1.50906,0.00636,4.39484071521994,0,0.611437125212309,3.26086950302124,27.6,3.37894725799561,2.90551333333333,11.2300747787016,2.40146812537046,0.0292550126774866,2.18339,257,0.110002475055689,NA,14.8903993867982,0.625014062816413,0.00443684605733099,4.55473658254053,NA,0,-0.7999168,0.0592317714489831,0.93384811937089,0.000750832808984856,0.275006187639222,0.254728606518737,NA,0.245005512624034,3.36757577045484,0.0185904388492804,0.00211263056789771,NA,NA,4425.2834300459,61770.770766264,0.124600220116794
"PAN",-0.209720730781555,2.075,0.118782818317413,-0.3459812104702,4.24777896825397,3.76161500492611,3.9439977741106,10.6983299255371,378.76482780553,13.5808975059932,12.9896898269653,13.0207004547119,57.8162803649902,2.98571991920471,0,0,0.15791,253.27142,0.65049,84.4112631578947,NA,2879.19463087248,40.143,3.1,27.9081196581197,0.422706675383818,18.7004618602243,100.15389,3.2229025,NA,0.037135539655514,0.00428267424428128,22.61737,0.200820238371374,0.100806466209705,2.87461864382695,186.209,0.328802613,40.4641111973274,11.0070464009642,1.55,0.00353916476713148,23.228897777241,0.0297539349578982,1.9070776072645,3.44077832512315,NA,3.032964,2.90962666666667,3.14680562096526,0.448798217187772,0.0490973949332703,13.18,280,0.260346930881609,0.0284180678699741,3.06107653228362,0.0223154512184236,0.212987361873307,2.71882875457011,5.34486073,0,-0.14042449,9.57200996726726,1.46140109126187,0.00356339778543979,2.42915436120567,0.414876105133488,2.48643928448437,0.0371924186973727,35.5708292421673,4.49906099120425,0.213981042392549,NA,NA,384451.488561696,230923.676725669,98.6710583690122
"MDA",-0.164951995015144,2.375,0.105498053133488,-0.152658581733704,NA,3.06153845787048,6.62547016143799,22.9407405853271,413.997479102867,11.5035081520367,14.7859772732531,23.3931407928467,68.0572346521372,6.98513984680176,0,0,0.22342,717.41595,0.72636,83.2682456140351,84.6456450789917,2052.84552845528,24.701,2.5,8.81714285714286,0.416406412658755,3.77635085783328,25.84303,NA,4.61252248092928,NA,0.00218512915996771,NA,NA,0.0351445392608037,1.28506708353739,45.407,0.196442389,30.9443633947164,11.8577019434603,15.50052,0.04405,19.0090304811843,0.073695588090793,0.606414296515749,3.12903237342834,NA,3.12307691574097,3.00612,8.09321598534325,1.34703774050242,0.627020080370953,6.20438,153,0.694010687764592,0.0393287378598014,5.48373598784328,2.54470585513684,0.0763650869571314,0.78218407396476,13.24299041,0,0.0779718,0.909215921284003,8.06377738132225,0.0425556935305624,2.22083420084669,0,NA,3.37751868045435,84.9700418719782,0.24534090086512,0.972035962858452,NA,NA,1278041.29362701,990609.11623896,23.2641956445834
"PER",-0.491872787475586,2.2,0.292205184698105,-0.538132667541504,3.95585654761905,3.26635288135593,4.23516988754272,16.0612697601318,402.420467166138,14.5854365667233,14.8135995864868,29.6428203582764,71.2404708862305,NA,14.9666666666667,49.7719233643198,0.16178,NA,0.8377,72.4234035087719,83.5769919541982,1755.65345080764,18.5156666666667,3,15.1778099024214,2.81232477388212,25.0642405509429,45.58975,3.78495,5.78096079750963,0.0200297603040757,0.0127444187317927,35.5480933333333,0.0538048725368502,0.0353267853796379,0.608668790742533,605.57,0.140425808,40.0961035454433,7.58309903321304,NA,0.0493557253926562,15.7581922455624,0.0335508878156991,0.898277229913221,3.40984218644068,32.2,3.13176138983051,3.05465,7.51505807916584,2.08679375529663,0.809732247202114,NA,340,0.329120360534812,0.0571671317931866,4.39090443714187,1.07268858248383,0.216766868604357,0.0496064211549641,11.33466446,0,-0.86360615,0.392557212235821,0.192550089002168,0.0593663750700931,4.9089433669187,0.530607192995544,37.922326124378,0.200258420431235,52.0950513532245,0.216708687875817,0.1417395290158,0.265832670092852,1.18754277804766,56983.9188720178,448293.390179198,20.2566931095414
"SVN",1.03929400444031,1.5,0.731421768665314,1.03880786895752,4.32219373015873,3.21917929824561,5.65435749831309,24.2777099609375,484.343301371025,17.2450600184672,17.4151000976562,29.5326174663274,80.0806884765625,10.6254796981812,11.0333333333333,193.1007166,2.133853813,5617.92976005351,0.86396,97.5434736842105,88.806924610372,7405.66037735849,23.1463333333333,3.3,13.5032786885246,5.83074971815107,42.0555539943898,36.39804,4.55838,NA,0.0669497665130695,0.00893949395392664,15.6571533333333,0.193988053107685,0.0720574904982144,1.34026671910679,117.993,0.088177438,24.4180872621123,22.8777909610614,44.12,1.467478582,41.5765224358974,0.953357252690928,2.66285854052548,3.68234938011696,49.6,4.29844107602339,3.11290333333333,8.71466721742803,1.51192509962076,0.540994383728785,56.2431682502312,439,2.57187147688839,0.89183510886239,38.2480316628953,NA,0.0835840777896115,1.06061296628909,33.95618103,0,1.6714664,7.86548708778271,1.99862232036204,0.281670933167975,19.271420518602,0.783243271194767,-17.0462857958469,2.21075253664036,43.4399661781285,1.74763633655783,0.789405861658262,NA,8.06297722746465,1439594.64365989,2404560.38139165,169.260075927687
"BRA",-0.546764314174652,2.275,-0.29647821187973,-0.308802843093872,3.73002761904762,2.48622136823735,5.4969801902771,20.5074195861816,397.349853331189,14.4804913618801,15.7927103042603,16.2669835518488,60.3906211853027,0.244589999318123,46.7666666666667,572.620148968234,1.14526,NA,0.90631,89.4844561403509,81.6620357136009,3269.56843175307,16.688,3.2,10.4832649397281,0.805769226885631,44.3657041005086,71.64666,3.76966,0.00897466860426273,0.0929115643441398,0.389301869513262,52.16445,0.157594015288964,0.121668856590517,6.29553053360014,4702.004,0.105837027,33.5587846353109,15.1550572219172,43.23,NA,25.1281424867929,0.124875586426842,1.75580274988573,3.73073544851658,59.5,3.60174620244328,3.15821333333333,13.1138359013532,3.1910563268601,1.78150127326582,NA,844,1.11587033286055,0.142611256817306,10.374938005157,0.5324673838484,0.375313737042654,1.54018785523132,35.66829163,1.60716932751146,-0.04367476,2.25700143357381,1.5891206937183,0.225545816891139,4.08718642932937,3.4483811713265,65.9034697893751,1.21056111920022,86.8754306803982,0.203026133414681,0.529425366829653,0.238495014179243,1.03918341767404,451868.054195096,772025.28043813,39.4242354000299
"CZE",1.1140114068985,1.55,1.30448853969574,1.14218366146088,NA,3.98043817441861,4.74228468261551,26.6920604705811,491.114974595757,NA,16.7935009002686,24.8988703442903,70.8145904541016,15.7918901443481,32.8333333333333,0,1.833687506,4504.73048836904,0.70063,96.3388771929825,87.0186544462852,7112.97852474323,28.3603333333333,3.3,10.6783289817232,6.68252577104461,25.6987623865602,47.97695,NA,NA,0.1474808250883,0.0453950484694978,11.00679,0.328616106105716,0.136037192126444,1.34026671910679,619.881,0.105415315,25.6288717436634,14.6581266318538,37.59422097,1.186626504,42.3388028657268,0.403622704157885,2.24689806728388,4.23499243023256,62,4.71673439534884,3.28543,21.0192265910979,1.87769426387648,0.80758745904228,54.5241860546485,667,1.17858186219273,0.443445435494877,23.3480297024752,1.64099995826551,0.296358034511303,0.299970712340878,56.3059224,0.33311773213448,1.7626604,20.9349989128741,3.13963974101949,0.402296139188746,17.9975793998581,1.54018093844817,NA,1.65435499353115,0,8.18314767565955,0.855830261174633,0.919867665275358,7.69712605238292,760056.440336605,3856050.81596644,251.362333474152
"ARM",-0.184129968285561,2.3,0.047635018825531,-0.122017979621887,5.29721071428571,3.94985711585366,2.42597007751465,11.1996803283691,NA,11.6086056920868,13.8489599227905,20.0630702972412,56.2770118713379,7.0160698890686,0,0,0.18115,1039.84774,0.7922,86.778,86.8152466708901,3183.45323741007,21.249,2.5,9.83,0.0940055776642748,27.4912149599491,55.63553,4.23905,3.21627115462839,0.104790891564123,0.00282592147096947,0.573576666666667,0.231771265984287,0.0732222799430447,3.89307377067907,69.297,0.192859354,31.4299446613326,27.0904729266621,16.68838,NA,29.3847926904966,0.0636064878617619,1.71542200686187,3.6257414695122,30,3.08986793902439,3.34993333333333,9.81437000494986,0.598796500608298,0,NA,244,0.391689906934478,0.1011717678976,14.5460842460713,1.31607808729985,0.0835923985106356,3.2683582148157,3.99763767,0,0.18379122,5.89103133756493,7.57863288088994,0,0.313351925547583,0,NA,1.26907529846771,82.442891611569,6.37558627463523,0.418743453882857,NA,NA,499309.754428551,1484964.40203089,32.4447022063618
"LBN",-1.58038187026978,4.425,-1.01446163654327,-1.16507518291473,5.04874779541446,2.21205282211304,2.4354185601396,NA,376.840788241987,9.35952416654171,11.1845903396606,30.5648307800293,54.4012603759766,12.8784103393555,27.2333333333333,0,NA,NA,0.44894,86.052298245614,72.3374129224498,788.706739526412,NA,NA,17.4732394366197,1.24478838597438,6.7290626650116,106.56773,5.68541666666667,NA,0.0892795267076062,0.00655928209857837,27.2840966666667,0.358475161976456,0.0910623948846539,4.12292722495295,66.678,0.193002863,42.9254890483196,14.5978001056379,NA,NA,27.503080507053,0.133549237934661,0.231520266982029,3.51681542396545,58,3.43893480300903,3.38989666666667,5.80681725382406,0.265770250338678,0.0501030425502525,NA,322,0.897036517541141,NA,47.7218872791625,NA,0.0386950514444028,-4.57028952563633,14.56154636,0,0.37310418,0.686505176582795,0.80338484716812,0.114238920056666,8.95347790875551,0.577086280056577,NA,NA,10.2180614225368,1.44386108256663,0.968700644935998,0.0597512847181008,3.87774153094787,551024.352895416,494659.799251111,20.4439370352212
"GIN",-0.907938599586487,3.1,-1.07605743408203,-1.11396610736847,NA,3.50418663024902,1.72470879088585,NA,NA,22.5246103486591,8.58154588798095,22.9808835635233,6.65679227429969,NA,0,0,NA,NA,0.48081,50.9107719298246,NA,NA,15.8833333333333,2.5,NA,0.0959646849959215,33.0197521324663,9.09358,NA,0.424038842373662,0.0139617315799501,NA,NA,0.0335081691951478,0.0415052262781413,9.44856409681504,66.624,NA,60.7989137816862,2.23650047296605,NA,NA,7.40380283072377,0,0.676980831941462,3.5319299697876,NA,3.81312274932861,3.45198666666667,2.6426004134438,1.78517545504903,0,NA,94,0.0159941141659869,0,1.65105667627281,0,0.0318491279344638,2.30776532431828,NA,0,-2.1114068,0.0211674513139747,0.0915430982857257,0,0.175935255825856,NA,NA,1.27952913327895,4.71826367896614,0.00659794687716595,0.102893823525778,NA,NA,68.2741600514642,5620.88430651478,0.438381442002813
"ROU",-0.0926659479737282,2.3,0.318900614976883,0.437425792217255,3.76092767857143,3.03439791489362,3.32452988624573,18.4712200164795,427.922373807549,11.3658626051593,13.8211002349853,28.3588150979455,55.1682891845703,6.72259998321533,10.4333333333333,0,0.516563454,1088.61149579617,0.65477,92.8717719298246,85.9018535589003,3061.19162640902,25.4346666666667,3.2,19.1356783919598,9.17078976848394,28.526558792455,23.0502,4.076215625,3.17741563689535,0.0352396078826364,0.0364687853242812,10.39004,0.0815637578439724,0.0577307197413501,1.34026671910679,894.222,0.088863894,26.670984971801,13.0580087509731,56.24,0.318550621,27.713190633237,0.0316768193167999,2.12321430976287,3.63860927659574,38.4,3.68978289361702,3.48742,11.6574519305987,3.13962156122644,0.776280834565144,34.4405341561009,454,1.00238050784167,0.0842932739297401,10.5085761701233,0.0548450336071695,0.224582745274695,1.8481484845523,37.07681601,0,1.2816548,6.90286247000523,7.64294428487965,0.0695435612529528,16.3251493651979,1.71473060201575,56.846489932797,1.33961911874533,45.8644510828977,0.80500856853472,1.97943847262432,0.282443525754302,2.66033172710879,322653.122799018,1205125.64196038,56.5357164086361
"BIH",-0.967812538146973,2.6,-0.141291111707687,-0.351819545030594,2.92309821428571,2.53541049006623,2.97012986426524,32.9742889404297,402.619963973593,8.26788448917086,14.2852096557617,24.1609802246094,45.5027618408203,7.90129995346069,0,0,0.19228,669.76765,0.50028,85.8708070175439,80.4713952003764,5061.91950464396,26.189,3,7.0782967032967,3.97027240872612,23.0367022530332,47.47824,3.5918125,2.55578459553238,NA,NA,NA,NA,0.0141728303347713,1.49832361202822,74.278,0.090340662,23.3121460897546,9.72768065827558,38.67,0.07,25.9216096478597,0.0664705784602091,1.34225290864183,3.40757990066225,27.7,2.84629398675497,3.49166,6.90637212043192,0.441803763689729,0.140675196428492,11.5068493150685,158,0.621679665423307,0.0484665715285818,10.4876275613237,NA,0.0807340838277195,1.83692618421898,16.81037828,0,0.8081643,2.78256587143502,3.14670281034413,0.0687815033715182,13.6204363060925,0,-27.8560967257506,1.35639199728722,14.9626992200746,0.302800261907489,0.228594353155394,NA,2.60232899770865,5878.80903578704,535605.250454133,22.8235243565949
"MLI",-1.13859808444977,3.7,-0.679561257362366,-0.977649748325348,NA,4.14268057142857,4.18465094218116,26.4656295776367,NA,16.2340941600846,6.94145011901855,NA,4.5916728985493,0.856280028820038,0,0,0.17385,28.66941,0.3334,57.8958947368421,NA,NA,18.2776666666667,2.6,NA,0.186026322724666,18.0942474057996,27.85752,NA,1.59488605107165,NA,NA,NA,NA,0.0657787144251449,5.95081346739755,68.526,0.457873978,66.3733831388322,0.974749077637164,0.8253,NA,3.87922026337499,NA,0.974308590489176,3.92817257142857,NA,3.59274842857143,3.50803666666667,7.45651736899628,1.88494265179654,0,31.43031,145,0.139519742043499,0.0163091381373493,3.6336572979599,0,0.0272058949460073,-0.985291608141772,6.172001747,0,-0.8012846,0.218736601645214,2.91396062325779,0.000339770337172738,0.449563613251275,0,NA,0.38755483900972,4.48013393895236,0.0228353664740719,0.00391242630274193,NA,NA,NA,8363.50635856314,1.1231481407951
"DOM",0.12803441286087,1.75,0.171186909079552,-0.128592282533646,4.5429188712522,5.07557238554217,4.26733210628792,13.7125597000122,350.281864349952,10.6086380301229,13.6169204711914,12.4324197769165,55.1665306091309,2.51405000686646,0,0,NA,20.03771,0.64047,76.9366666666667,80.247357758159,1907.39091718611,31.6433333333333,2.6,19.5707591377694,0.182536429794078,8.36905654183167,30.59107,2.75173611111111,NA,0.00665125132140899,NA,NA,0.0163827450345532,0.00709633117418918,3.99592338214632,312.565,NA,43.0691292016674,10.1226141330258,NA,NA,16.9430635172289,0.00410273241979158,0.424663845544499,4.15328740562249,NA,3.43026773493976,3.67769666666667,6.28509534324243,0.488937905220239,0.594664735753048,NA,103,0.0137763343240814,0.0143966854894182,0.80943163821925,0.0241085850671424,0.0165633790210598,1.99380505197235,NA,0,-0.011731069,1.53085626289352,0.19483991711784,0.000758361203107548,0.833468226606923,0,NA,0.0172204179051017,0,2.26936143077669,NA,NA,9.65817155359416,12073.8335974384,272840.732338814,11.9651003146772
"BRB",0.380443245172501,1.625,0.503107726573944,0.414195388555527,4.26,3.93333,4.04476022720337,19.9779491424561,NA,14.7412420382166,NA,NA,NA,NA,0,0,NA,NA,0.49755,85.5791228070175,71.3625203891422,NA,16.214,NA,NA,0.99601593625498,4.24085624140464,64.19691,3.7975,NA,0.0184154385674281,NA,58.4694966666667,0.167025521129928,0.278716823579024,11.6930780349447,6.408,NA,30.0104378593543,11.6713468169054,NA,NA,30.8245116801111,73.6723163841808,0.750412590051651,3.46429,NA,3.03571,3.6894,5.66379296494122,1.55201295373383,0.356924348061203,NA,116,16.4971751412429,7.56850811485643,14.8252184769039,NA,0.155083841753728,NA,NA,0,NA,0.998682271033837,0.436625693409628,0.6482426124068,2.15803452855246,NA,NA,0.332005312084993,30.0464807436919,0.704052076286675,0.45502341905936,NA,9.80320074504326,2073.79875006839,437911.767158702,48.531496661712
"MYS",0.875369668006897,1.4,0.660894274711609,0.571915447711945,5.90984126984127,4.82365533333333,3.62725504768066,20.6420993804932,404.360452038635,10.9953537001025,11.6912042430471,41.103458404541,37.2745812491757,9.59716987609863,59.2333333333333,0,0.95055,711.51035,0.72796,97.9066666666667,92.1185357166491,5518.56216853271,22.942,3.6,9.68975570523776,2.30225253325954,7.05400400021005,117.17182,6.58842592592593,NA,0.0581712887689722,0.0981667497905538,111.240023333333,0.119566515240133,0.086941467539006,0.85996405444901,1372.61,0.121745885,37.7658448775221,NA,38.21615,0.45713,NA,0.127151799687011,1.10494832572576,4.45134066666667,72.5,4.45165266666667,3.69475333333333,29.0166928295837,1.86242531270134,0.988549466083512,15.83043,559,0.659014901710624,0.120082397767756,10.0159550054276,0.0766114595108437,0.357163433422338,1.04265316805644,45.42143356,0.348182283666155,1.0242734,48.3895671376223,1.52867635125185,0.106111531761935,10.2041773570923,11.000839733743,59.550124151826,0.411200282680651,15.6623529724465,7.49891121781932,0.391567633624039,0.380984541360784,2.41134270718179,97581.5838671955,455001.841509554,30.7593326112207
"ISR",1.1453697681427,2.35,1.12179791927338,0.783846437931061,4.98058908730159,5.19557537094838,6.45624467767821,19.8797607421875,465.493730093329,14.4601147108975,14.934160232544,27.4564696894884,57.6379203796387,3.19979000091553,37.2333333333333,611.637179987671,6.345883364,NA,0.85412,89.2158245614035,95.2751607214218,7690.5737704918,25.414,3.6,17.191329720717,1.59048830848235,6.80223197228459,69.33296,5.1557375,NA,0.667652304021611,0.455733964199478,62.9847966666667,1.4572052135001,1.1973418372065,1.00674827945756,541.343,0.139099952,42.8190808621882,24.7434216367849,47.21084431,5.902126447,51.4979625555772,4.56326628000881,3.21577577158639,5.40164276110444,63.9,6.71657171668667,3.73285,9.35169623263103,1.54891676720985,0.896016439412383,NA,962,2.73335415888883,3.9281891517947,25.5623514112125,NA,0.235476254493786,1.29693049705277,42.96480182,10.2050262749476,1.2017292,11.6197423355445,21.1794456413771,0.593721195442218,16.6629840989265,2.36428785362268,76.6840953475114,1.07238912296475,7.90672690839549,1.39153209913031,3.40978595462607,1.36749354083626,5.09146131388893,6367839.36160257,4909987.5983954,105.034984566985
"ESP",0.752065539360046,1.95,0.693764328956604,0.822885692119598,4.23429734126984,3.3933255060241,4.31587883631405,21.6557102203369,477.326989646848,10.8450748840252,17.7402896881104,21.3437495893014,93.7303466796875,4.30726003646851,50.2666666666667,1476.91162666667,1.493612465,3640.29709582507,0.90542,98.9466666666667,88.9787798026416,5794.48361675653,21.3623333333333,3.9,16.5703350144092,6.11731051814498,32.8646868661095,78.32011,4.0722475,NA,0.178735894221578,0.540359913086668,52.6498466666667,0.299989475878725,0.259653090265233,1.34026671910679,2665.23,0.100477063,23.3143089556623,24.8816588428646,49.34,0.841990028,36.34726307963,0.472110107365587,2.80533778513158,4.39583222891566,76.1,3.82649359036145,3.86714,8.15412600387548,2.10074252981124,1.14356613665741,40.6952497929104,1303,1.29232829803644,0.627783043114478,23.6527429152456,1.03220225945952,0.71153270795629,0.0672117739612422,32.81646514,0.391228600069163,0.82458675,5.099378842763,3.77728949940296,0.76562151020417,12.6042530211979,7.75961492162296,60.9399949784936,7.45431091703126,37.7412046365687,0.776318924309703,0.961385024990893,0.991551720964195,10.595739947823,486752.365154345,2209852.69879537,144.942074796952
"ISL",1.55512094497681,1.025,1.28444385528564,1.72111761569977,NA,4.42517158064516,6.74612371559671,22.0269603729248,447.268041075647,9.35402906208719,18.8505897521973,16.8747704737422,84.985237121582,9.60606956481934,7.53333333333333,102.18285,2.651055173,6028.98550724638,0.90755,99.44,93.8188875080337,53263.1578947368,24.673,3.6,3.4176,2.14570348421375,82.6436654781437,89.34925,NA,NA,0.854192794715763,0.0301245004651556,NA,1.66358371404242,1.13929939931761,1.61374769382506,30.241,0.259379168,30.4985374059985,27.6584867075665,52.48016029,1.985314287,54.6840958605665,1.64445213778778,5.57839220476893,4.3082295483871,57.2,4.80145896774194,3.95710666666667,6.82002191570639,3.66152326545771,0.560332583344221,50.4370629370629,415,2.14570348421375,1.39238781786317,40.3095135742866,NA,0.273795552682565,0.774798891899002,13.97137572,0,NA,3.40337716600187,3.76675495294649,0.631567104707225,2.92905554987909,0,58.6447757571681,0.613058138346787,55.7542318040939,0.0958676067522601,1.0347506691019,NA,46.9295443141247,60219.9551734981,4943621.38016567,1273.28971823128
"MUS",0.710137605667114,1.2,1.06447863578796,0.805268526077271,5.1697255952381,4.57901389473684,3.30856290604218,31.7797908782959,NA,10.6628048210782,14.2220802307129,19.2389602661133,44.2026786804199,7.04121017456055,0,0,0.23401,852.67511,0.59032,88.0140350877193,86.9745958218533,2595.2380952381,22.6373333333333,2.5,20.0797101449275,1.2091573516767,6.762562223881,67.16247,4.25117857142857,NA,0.833908561692424,NA,66.0179766666667,2.4765143007983,0.149175381988161,1.10107896640875,40.429,0.168336555,28.2506006161095,9.22638316737593,4.09675,0.02185,30.5566360525842,0.937727919980551,2.52776204675524,3.84272536842105,41.4,3.55240326315789,3.95924,6.24954456822732,2.88451599503818,0.180497524758708,4.39647,146,0.0806104901117799,0.0329788023448515,3.63600385861634,NA,0.166878948511098,1.45424994716251,3.703359797,0,0.088347584,0.46691587472379,2.51442586785913,0.0180198262276805,6.34135855546002,2.71207992733878,39.3485645992968,2.66014617368874,52.6386500429923,0.536325927388302,0.719835951584912,NA,21.4378246937198,113797.905738842,459121.900244343,49.4393418605962
"LTU",1.05012118816376,1.5,1.33804214000702,1.26719617843628,6.19887574404762,4.23104001476015,4.25490999221802,17.7126407623291,477.148132754112,8.81167615338526,16.4546794891357,23.8044867556966,76.9154586791992,8.77350044250488,20.0666666666667,0,1.046760843,3672.06002633975,0.8839,97.6749824561404,96.3782226938507,1895.47038327526,22.016,3.4,15.7380952380952,7.12236218229177,17.5617802451741,34.38681,5.91275625,NA,0.225116775342957,0.0266484504931497,NA,0.577218364187935,0.387303609330623,1.34026671910679,154.615,0.102008034,24.7634927668043,30.7967313585291,39.93,0.44,47.8581676573068,0.369148420736913,4.80292248143894,4.05446993357934,43.5,4.65643244280443,3.98267333333333,7.74273650758265,1.87016059205023,0.520643661564547,30.9718740766863,319,1.32272440528276,0.208750768036736,19.5323868964848,NA,0.0664332497412587,0.861139458563174,23.42860008,9.54751594094179,0.8296815,7.40575506302793,3.83624551002124,0.0209299891154765,8.56040102290687,0.196872051920301,0.324783255376371,2.65901521472226,45.5966843708241,1.30107498723006,0.927002355898151,NA,7.88152103504075,2771645.84055706,2311911.29128413,154.620540018577
"PRT",0.987550020217896,1.7,0.755356550216675,1.06766510009766,5.02920634920635,3.73050118518519,4.33969627083171,29.2779693603516,477.624199106572,8.13877677002707,17.4868202209473,27.904953145917,75.557243347168,11.9640998840332,36.6,240.3956973,1.688043467,5940.68189773122,0.78775,97.7702456140351,86.0993943396579,4468.99224806202,19.9256666666667,3.4,18.5998975409836,3.22826921261426,34.6571117771889,81.11772,5.38166666666667,NA,0.219683849837589,0.0801897361150234,29.1866333333333,0.511325590880223,0.22141166514043,1.34026671910679,508.508,0.066903419,23.0766356820518,20.3775239606607,56.5628725,1.057751527,40.6646714785909,0.679335992614398,1.77035803619076,4.09738358730159,65.8,4.25492435978836,3.98958,8.87762600372305,1.44998744283787,0.720544066641958,45.3979854631946,739,2.15696817702326,0.483727099671982,32.6268219969007,0.0841443342130863,0.60769836567337,0.551810790132277,26.3296199,0,0.66982573,3.20661007626749,3.37634170030721,0.12282006759823,12.7878864995547,5.37927822613414,61.9117682025813,3.27752443264143,74.3815391435338,1.4048749288264,0.798114396296786,1.0981135382552,7.18038748961088,422570.673385123,2863837.5272882,325.365450032178
"BGR",0.047112051397562,2,0.40789669752121,-0.00685768062248826,4.17928747795414,3.18294842424242,3.88496858475556,27.3169994354248,414.20028642056,11.5612835349816,15.1089096069336,20.372641908468,79.8532333374023,8.69742012023926,6.33333333333333,0,0.792242701,2537.15294086988,0.77271,96.273,89.522951211903,6248.82629107981,19.615,3.2,9.5043630017452,11.8651273007362,34.164616772421,45.23747,5.11555555555555,NA,0.378155525680344,0.0405657130632166,20.8456333333333,0.513627884996774,0.345051633660356,1.34026671910679,248.906,0.085584409,24.2683213792117,22.4942426926484,34.74,0.509493191,37.5873708616046,0.133498145859085,1.93718900650876,4.10697781818182,33.6,4.07573804040404,4.06375333333333,9.27071865323099,1.43501528788813,0.526201226049109,49.2510851623158,373,0.951230496618081,0.193283809952351,12.153182325858,1.42684574492712,0.194646172241387,2.34381175644265,29.74277059,0,0.7016596,5.33565708352057,6.16376648707447,0.501879132272706,29.8711629845067,0,56.601432596393,3.72916026550274,61.2491424194085,0.807386565098044,2.50440832968966,NA,6.50877088370632,353764.80797959,2233692.21977968,92.1256913449529
"FIN",1.73860657215118,1.325,1.76514935493469,1.96704590320587,5.79392857142857,5.45439613084112,6.53825998306274,24.8476295471191,495.105253743595,12.6071672918584,19.5664291381836,29.399684312361,108.130409240723,9.26105976104736,49.3333333333333,1722.5109,3.093825839,8354.2865975194,0.90973,99.964,97.4090513299401,14513.4168157424,24.0016666666667,4.2,7.78327228327228,4.9372522183702,60.4932180549889,93.10552,6.8975,3.64772624943719,0.535105861542867,0.208950505149101,NA,0.926181023854381,0.764853660302748,1.34026671910679,361.312,0.084470628,25.6972693577061,27.017094017094,58.06786423,2.090717129,47.8043569493724,6.6586527871308,4.92530683063512,4.54989162616822,73.5,5.1619103364486,4.18858,7.87968717371993,5.25359843381113,0.864181880631542,59.8175677129273,897,11.3251403978079,3.94202351430343,38.3740368435037,0.664521346687856,0.593437981439526,-0.757001220167222,34.08897454,4.65953517152152,1.3391854,4.92622860762764,8.98128101031777,2.66075249864133,8.37862446908986,10.3484494779508,66.9985420307379,2.24240607627008,26.7392078905547,0.520607872953284,0.577234476586039,1.74806448412089,8.9538434636416,2000137.65785841,6073528.12055897,230.918971381283
"COL",-0.075877919793129,2.35,0.101034268736839,-0.458272933959961,4.53147757936508,3.38732976804124,5.26166009902954,NA,400.827511650958,25.3980150832722,14.2864103317261,23.3475071973252,59.2901382446289,0.220899999141693,41.2333333333333,534.822431101352,0.136034336310142,90.24729,0.7521,76.081298245614,78.5063800882098,1741.72055653537,15.713,2.9,18.7236745663328,3.33045891236333,26.4723579641387,41.97858,3.449975,NA,0.02414909084897,0.0540002260462049,29.1870966666667,0.0700121505425082,0.0876362144134624,2.21024881358118,1129.638,0.141895336,35.3607615790256,16.4407452152161,43.9,0.0598823112755213,23.8834551576414,0.0496670102887971,1.89472190673466,3.72940508247423,40.8,3.98957013402062,4.19920666666667,15.426825518875,2.35176501021128,2.18424753041436,2.54,436,0.245062813468505,0.062989736535067,6.10372526419968,0.0866011446091709,0.156760993263938,0.891475937491488,20.42205031,1.76471570191567,-0.08590589,1.26764708047788,1.67898535131736,0.228204538144529,9.58600967721727,1.68881623347666,39.650376594423,0.463408252536308,28.9819022033542,0.199807975302829,0.481460887982851,0.225911072715869,1.86848531186291,91054.8617377144,559171.393465299,89.1102532707572
"ZAF",-0.256946682929993,2.7,-0.223697945475578,0.0862350836396217,3.62816532738095,3.37894516906475,6.72007267297086,21.6984004974365,NA,29.5519031141868,13.8622303009033,17.7042198181152,23.7271003723144,2.50176000595093,41.8,67.3836682232482,0.614792318,462.392241306889,0.88721,88.192298245614,84.9286745858021,3643.60205264029,15.47,3.7,6.40340632603406,1.40036628167873,5.46648290040233,90.95907,3.98195,1.22989841818394,0.103705236580381,0.089447389858758,290.217363333333,0.209003801224823,0.11464797585363,4.59362616131521,993.745,0.179128955,42.0461835331563,11.1956358677973,28.72709132,0.217965921,23.9914416702218,0.1387439521867,1.32311700622869,4.01512586330935,76.2,4.24984739928058,4.27831666666667,9.79600886153426,3.17339556208211,1.21855053435906,11.3440945977716,702,0.430000947459715,0.203055914746741,14.573155085057,NA,0.327337374836771,-0.0434846796987109,17.46011772,0.739153107552757,-0.20983854,1.9161418768912,1.07885867408414,0.135947675612254,5.32868002203104,8.44219774857313,62.2034290000214,0.729904015449635,23.3960079669909,0.75026655592728,0.339578148113912,0.28187713236977,0.338801866500139,97721.378398873,261819.534053014,39.1017944192685
"VNM",0.126466900110245,1.95,-0.382607728242874,-0.0854718759655952,5.21955908289242,4.91004040298508,2.88738689372749,NA,467.890451491659,21.4157537468916,14.3557836068499,22.675479888916,44.7536854027422,0.267560005187988,18.7333333333333,103.243423911925,0.42494,767.88667,0.70811,86.8091228070175,85.9261699812543,2815.15429269783,32.2526666666667,3.3,10.3098646793489,1.85337507253784,22.9604966740443,125.91202,4.32916666666667,0.0860788545214528,0.0371673505075274,0.0526228266605007,57.0688433333333,0.135147629565653,0.0647253406657508,1.16500017641501,1631.796,0.088100697,36.6240609619886,8.23979293237913,64.12012,0.38476,10.5990807140837,0.0444608865836339,1.89921296952051,4.71704097014925,44.6,4.72381668656716,4.31357333333333,29.3602689997453,0.211685535924018,0.435031573797279,24.06166,350,0.659495402831238,0.038452907103584,5.30274617660541,0.395297950839309,0.2437808755777,4.57450164343562,38.12400743,1.04062587623858,0.1889092,36.090736675419,0.571566234971606,0.00649779115684491,4.33829518774656,6.54619233609649,45.0026750741273,1.32764210761687,54.7188193767868,8.82095203891545,0.114299548207384,NA,0.349371082440913,4334351.59838117,990982.769101446,16.2450311264331
"DNK",2.01564884185791,1.175,1.83951985836029,1.90893590450287,NA,5.38564677419355,5.28561704617211,22.2940998077393,490.630193077022,10.1844223394966,18.3068199157715,25.4136905670166,81.2308197021484,9.94614028930664,57.0666666666667,1927.06094494793,2.985813084,9078.5675348672,0.99924,100,95.5302413011779,5705.88235294118,23.1506666666667,4.1,22.6208530805687,2.3935561014666,41.0891895909328,146.59805,NA,NA,0.394636021066987,0.248927075507501,NA,0.793036717623639,0.667174065601027,1.34026671910679,496.696,0.121945296,27.6039161636963,26.1706319139263,59.56,1.82863252,48.5077777416945,4.01965163019205,5.48516136681348,4.82332664516129,87.4,5.20348851612903,4.31812,5.86367812550379,4.04437760870513,0.842216954336388,58.2584478277014,1081,7.73335070535303,3.12840973150579,40.9284552321742,0.105072699800992,0.618815845292547,1.18172647146505,46.08721143,1.55370244974816,1.1325066,6.47311065936991,3.43934141066397,2.30508157134209,4.87747472476206,14.9685154952832,87.284450067075,2.90631087649545,21.3612798695417,1.32578923375412,0.710938473921002,2.4334295630034,4.14048015930619,802652.463460555,4567778.55258299,462.988169743484
"URY",0.850249707698822,1.375,0.675111055374146,0.717662572860718,4.68303543650794,5.80740752941176,3.62239729367347,13.7088899612427,424.818854575611,NA,17.4839591979981,14.5400199890137,76.3977432250977,2.26072001457214,16.3666666666667,0,0.62592,902.41575,0.88321,95.2200701754386,87.2195745440197,3766.08187134503,17.5366666666667,3,14.6243194192378,2.94924554183813,51.423543288145,28.85679,3.5239875,NA,0.0636096760733528,0.00434366004050087,NA,0.198042407835039,0.0916704177648557,4.82383404542073,123.223,0.229738058,31.8621780980043,9.44649345074183,4.2,0.293808947460351,24.774625315137,0.0799968001279949,0.69852109250258,3.83223129411765,NA,3.89051794957983,4.59084666666667,6.95276412311326,1.78237789516976,0.960474385563643,2.07,256,0.128600823045267,NA,9.75467242316775,0.154320987654321,0.228737372512504,0.633740287729621,15.75111157,0,0.0974317,0.958037493386306,6.08395669852486,0.329154869153488,10.5281207133059,0,NA,0.662582822852857,43.3127572016461,0.0754542656019561,1.09427372406057,NA,5.05537318764871,507223.181260993,1133894.36455548,62.7327274980206
"MKD",-0.0513173453509808,1.95,0.427339255809784,-0.168044894933701,4.38203703703704,3.43981751456311,NA,NA,375.657578265208,8.02684528500131,14.781439781189,22.7543657847956,53.1601181030273,8.39008045196533,0,0,0.39502,922.47062,0.66415,92.5882456140351,82.6143887259301,3331.70731707317,NA,3.1,12.4075471698113,7.8330644476522,17.5473074537049,52.3436,4.49125,NA,0.0127993954697695,0.00358479075573517,NA,0.0212519058663614,0.0714514828412169,1.47393554014873,49.295,0.135242358,27.9644369561466,17.5629524926939,25.91,0.1,34.2266377527863,0,1.01321246608645,3.56976345631068,36.7,3.56744877669903,5.05777666666667,7.87251155748336,1.59092155306513,1.40313883228706,27.9356130850827,184,0.488239789420056,0.0862136119281874,9.23014504513642,NA,0.124520255288555,2.89939090396802,49.36350234,0,0.27513185,3.32629518364144,5.10425568402813,0.148584819189459,11.1870595227987,0,-26.7220264035898,0.573151057145283,33.3276725821517,0.149331515508027,1.37191317957387,NA,9.1453586161853,178085.527115137,755561.582080631,50.3482879077604
"ARE",1.60428190231323,1.5,1.04239141941071,0.881900131702423,7.24971698412698,5.76092532258065,3.89403009414673,23.3178691864014,426.813232593614,8.86969925044592,15.6015901565552,36.2060089111328,61.3456115722656,69.7259292602539,39.7,363.176531126896,1.49469,2606.78477,0.91627,99.928,96.024654330183,16466.1016949153,27.2176666666667,4,8.62383900928793,4.40894672794242,8.16387083608616,66.58649,6.5177725,NA,0.342057030735718,0.0954363382946035,130.606636666667,1.1597853181895,0.322152182415138,2.49998548785912,849.778,0.133489446,28.6875047318442,13.1952962764659,NA,0.7917,33.8640149020412,0.103815450218167,1.37455065796472,5.10860806451613,77.3,4.90814209677419,5.15643333333333,16.1220943563446,0.903078141872322,0.665178248729178,77.8565,371,0.342138276500364,0.151292690561535,10.1979575842161,0.00250650752014919,0.327800351519225,-0.160827007604576,20.20280806,1.32789979017425,0.020361304,10.3990453842218,1.68313769129424,0.796483166955286,8.13487015664419,15.5479354236176,63.1565217755769,0.0927407782455199,13.5777512366481,5.71884142321684,0.4101479805228,0.823021913056406,1.24937048764293,1579428.31036108,883602.481945847,59.658736819364
"POL",0.421437799930573,1.9,0.780193567276001,0.458741247653961,3.82796829365079,3.0971221682243,4.61415714279024,19.7192192077637,492.279348173845,10.0762411510738,16.9646701812744,19.4295895723796,76.8794097900391,6.61520004272461,32.6666666666667,0,1.561494116,3881.06395496773,0.80371,97.0166315789474,93.9186550933854,4378.51458885942,19.2173333333333,3.6,13.8353339489074,1.92187497386484,10.85615185754,34.84694,4.324805,0.230811841283796,0.0817938469226607,0.122010435520809,26.3881866666667,0.13211873742618,0.109298896534686,1.34026671910679,1890.698,0.086249688,24.4292283534924,25.4233412439434,54.76422723,1.008013544,44.571348979734,0.276295544570662,1.91265059651629,3.9498111588785,47.6,3.85042318380062,5.23002,8.89108371119377,2.44896090314899,1.01636045738928,56.4091203531038,792,2.57476606594367,0.235480758957803,17.2999601205481,0.372443424003979,0.257122635979133,1.88286194835744,30.00405382,0,1.0261523,7.13490197643074,3.69541083921795,0.326396820558982,6.44137556514666,4.37953642521555,61.6873843771461,3.34585776564053,27.5491048255398,3.69140212586508,1.11736129031268,0.417445434864826,1.97359877447411,524064.555407606,2544306.02466637,115.26770703837
"CPV",0.0136766647920012,1.725,0.242902502417564,0.400105774402618,NA,4.85614642028986,4.3482854136693,14.1414203643799,NA,15.2530319735391,13.3067398071289,16.1267604827881,24.2905998229981,1.44095003604889,0,0,NA,NA,0.68917,79.5187368421053,82.0216521696587,NA,24.3166666666667,NA,NA,0.367782272894446,7.98950836604116,55.67765,NA,NA,NA,NA,NA,NA,NA,8.9752227999251,5.83,0.235142495,42.0701007154953,7.56206383708958,NA,NA,17.1160780056605,0,0.747728860936408,3.9952115942029,NA,3.92472955253623,5.38404666666667,8.05011900651769,1.81322739627928,0.152803029176948,NA,53,0.183891136447223,NA,9.60548885077187,NA,0.234658279331686,0.708976155249143,10.33915931,0,NA,0.284812412674264,0.913401634110736,0.00362893650888484,4.7811695476278,NA,NA,1.13058224985868,16.1824200073556,0.0506570769535574,0.422975466278171,NA,NA,NA,370941.028177986,15.1610848321384
"CRI",0.260196477174759,1.9,0.543547570705414,0.389316648244858,3.87678571428571,4.62922640723982,6.24841976165771,21.7858200073242,403.598581613846,13.5267690812387,15.648699760437,15.7750701904297,55.0202903747559,1.1640499830246,8.06666666666667,0,0.33789,462.47421,0.72169,86.3240701754386,83.8402516770381,2342.20532319392,16.3453333333333,2.9,21.7226720647773,0.993395263920958,44.4035905071092,51.11969,3.271875,NA,0.0409178798352087,0.00716958151147034,3.13754,0.139735831603394,0.0686183488682968,0.898911876843394,158.645,0.218570774,32.4989506013156,12.783566210178,28.97,0.104751878,23.182597143806,0.00818665575112566,1.22764723872051,4.18982695927602,34,4.01150194570136,5.41831666666667,8.67795153516245,1.44749732853617,3.11345463459662,15.39,252,0.120818342909306,0.120091399035583,5.37048126319771,0.0268485206465124,0.251696457998604,4.09773009863606,33.87357402,0,0.23769884,9.09439371465404,6.80342734769601,0.0266125001874623,2.65800354400473,0,NA,0.0219274202390089,91.9964559952747,0.269476293173228,0.818143505849171,NA,2.4331058109055,43003.8919940548,806334.082210284,37.1868538539466
"NER",-0.640915930271149,3.8,-0.816925287246704,-0.70808869600296,NA,NA,4.07412707618114,11.7636604309082,NA,36.4920214898565,6.34468984603882,12.3428201675415,4.59342219916848,5.40694999694824,0,0,NA,NA,0.30839,45.5665263157895,NA,29.7596337275849,23.4093333333333,NA,8.2780487804878,0.0607558021791081,1.24189556020649,10.9931,NA,0.181052734757891,0.00688313007589789,NA,NA,0.030991457654436,0.031605014219318,7.99841582754436,55.547,0.327007916,66.8673878401446,0.310468120712595,NA,NA,2.02398790930257,0,0.571602612469727,NA,NA,NA,5.44815333333333,10.6768492924459,1.4573159208681,0,NA,113,0.182267406537324,0,2.35836318793094,0,0.0237217765322632,1.75142563497947,NA,0,-0.4314999,0.101668139249957,2.66952152491385,0.000545382191429462,0.0810077362388108,NA,NA,0.0202519340597027,0.729069626149297,0.000945834800810543,0.632179906704727,NA,NA,NA,2571.5542333683,2.15836280513981
"UGA",-0.549508571624756,2.9,-0.517365336418152,-0.474925845861435,NA,4.39489269256592,2.56105027176925,NA,NA,20.4861737987774,9.41360949617751,NA,4.80479954140831,NA,0,0,0.3109,12.44448,0.60691,56.7780350877193,45.2062519611428,122.328042328042,22.7196666666667,NA,5.11602451838879,0.876858558902021,37.3843269580746,14.81255,NA,0.271392168371606,0.00334802038121204,0.0129594159712455,NA,0.00866333606659083,0.122693668223,5.82889018920389,170.611,NA,64.6022720218125,3.29234842601673,NA,NA,4.51818648819613,0,1.32079859873296,3.59653806686401,43.8,3.58604145050049,5.56027666666667,7.78843079963158,0.429001444139964,0,NA,253,0.190621425848265,0,11.687405853081,0.120726903037235,0.0119000502881843,-0.607404573080021,NA,0,-0.5735074,0.151036942841956,0.489521877004958,0.131236325577997,2.03964925657644,0.375097350477613,NA,0.330410471470327,13.7056805184903,0.0582813256499259,0.0306697290924825,NA,NA,12457.5127904261,72761.2049163302,1.19830847250083
"HRV",0.712653696537018,1.6,0.643900275230408,0.36060556769371,3.50779968253968,3.36496485714286,4.77277221206581,NA,473.757195114625,6.13572434513191,16.3481502532959,28.7269108775421,80.7626724243164,3.56020998954773,6.36666666666667,0,1.387634981,2543.64311248245,0.87347,97.854649122807,93.3080646576001,4485.63968668407,23.4043333333333,3.3,15.5127892813642,8.00285048526118,31.7556765552995,47.11687,4.52984892857143,NA,0.0678732540931511,0.0132327465522454,31.9723233333333,0.246931119662949,0.139556794839789,1.34026671910679,187.192,0.083948356,24.163289298481,21.043973426131,40.35289593,0.756616921,42.2725112853409,0.124626984511635,3.04527424215242,3.76032011904762,36.6,3.36289585714286,5.63436,8.03868400387013,1.63222689611078,1.00020403761621,25.3784978510102,413,1.21598081578173,0.283133894610881,23.6121201760759,0.113114494491324,0.0458745143182201,1.56037930392723,20.60045988,3.12408880743117,0.90565515,4.09956692578763,4.01433414954705,0.293316985642713,16.5938963418772,0.272389303119923,55.1757923964389,1.79852046241205,23.3581431124584,0.626705069731853,1.82971971090173,NA,8.77953811581601,263621.67962025,1875934.51331608,97.2129688043536
"LVA",0.696560978889465,1.475,1.17222261428833,1.03986096382141,4.92701615079365,2.70449359016393,5.3721694810521,21.8561305999756,483.856957696978,9.75923746763944,16.1250190734863,19.6691998211891,85.7360610961914,13.3743801116943,14.7333333333333,0,0.83,2189.6980023789,0.80915,96.3878596491228,94.7503424442005,3398.93617021277,23.6716666666667,3.5,12.9797752808989,4.30543244269976,32.4652821561125,28.92317,4.9430725,NA,0.205381908504411,0.0130575784009372,NA,0.35988191402589,0.273933179250377,1.34026671910679,81.798,0.161383416,25.5891905306545,27.6668290306868,37.32,0.298037034,44.4997736532368,0.317423674034743,2.11418201852009,3.49786845901639,45.1,4.07374232786885,5.65965333333333,11.9332738604677,1.95530891879565,0.142712528378996,31.6990291262136,243,2.11472711156135,0.44795471771926,16.7608009975794,NA,0.103047150817655,2.06144307695931,14.83403355,0,0.6781466,7.57373226339179,4.75290368642988,0.0461181345875188,10.8142332531341,0,NA,2.089401038369,35.9250348233506,2.93881146850269,2.58997416512707,NA,16.8880277700588,1769423.51065309,2434457.33024198,142.574611646256
"CHL",0.71755576133728,1.875,0.925731718540192,0.625093758106232,5.05593015873016,3.25657,4.99923992156982,17.9584999084473,434.406310181025,17.244146837005,17.1410694122314,21.3828028850282,104.734062194824,1.4953099489212,47.1,0,0.390932802,730.89461904022,0.86119,97.3526666666667,91.2627025663985,4395.79158316633,23.6543333333333,3,12.1347002335842,1.62252809478178,31.5255244437746,109.48999,3.740855,NA,0.102179394217897,0.0662164878694002,107.318856666667,0.202954657827708,0.149676136216236,0.322971135278214,674.388,0.171045739,29.2348091414865,13.3706805873896,39.84603373,0.164290412,33.9008615347438,0.174825483551394,0.869754511482342,3.79278804316547,52.6,3.84544366906475,5.77502333333333,7.85816960504731,2.44976522540791,1.62868447724431,35.8531290818273,555,0.614476124102398,0.250685510418335,15.9136876694129,0.149341032693241,0.599085759770413,1.09869851755878,21.48116048,0.690150176678445,-0.21626835,1.80368809675855,0.573927424266585,0.0592782090096244,4.33555685537566,2.92099436837456,43.0244804725597,0.0684479733177355,72.3417296180603,0.142783789090378,0.17287000394653,0.449180365462428,3.67093286784981,131799.911422047,618039.041201135,54.5155301698117
"SRB",0.00763431889936328,2.125,0.137915700674057,-0.0745044872164726,4.71597708333333,3.74199776811594,3.23938989639282,NA,442.564100243589,7.47399067169722,15.0421600341797,33.7311592102051,73.2060012817383,4.59501981735229,5.66666666666667,0,0.88,2515.35980637225,0.85397,89.7686666666667,86.9230808907733,5889.55223880597,23.4813333333333,2.8,8.60314465408805,11.0142190624306,18.6173941184643,33.04483,3.842225,NA,0.034725912060514,NA,NA,0.0551278423258457,0.0245366524159596,1.63329674883421,191.561,0.088855303,24.4764085016073,16.9598470885198,0.89,0.38,31.7839729119639,0.103702839513374,1.07820537555252,3.7545996763285,39,3.50061090338164,6.64266333333333,6.73135453466679,1.9213371476578,1.44346581504947,10.9548039509129,384,0.733170406576316,0.215432159990812,30.3036630629408,0.366585203288158,0.0355093789530109,3.39828399964574,23.26260442,0,0.73980904,3.09747919507542,8.03345420715321,0.436786110403614,19.8566985114419,0,-371.298464563929,0.46656298600311,24.1835147744946,0.535148030678185,2.25997810146784,NA,2.50968319432477,540106.317256279,1623488.72798238,36.6936517300889
"ALB",0.250855356454849,2,0.171953663229942,-0.164097368717194,NA,5.03203947368421,2.91805949394265,9.81437969207764,367.541409684511,9.33284400500842,14.5101499557495,22.5286693572998,64.7293472290039,1.65798997879028,0,0,NA,NA,0.81441,90.2049122807017,79.266151183651,3252.70758122744,21.8446666666667,2.5,20.4882629107981,5.90383113226398,62.4605563865147,32.38944,NA,0.634217245048476,NA,NA,NA,NA,NA,1.10887128832291,58.196,0.106720304,28.9372428295354,13.8459464502516,NA,NA,21.3639823711898,0.0437397484964461,0.532263630089717,5.10059004511278,NA,4.54280770676692,7.07374333333333,3.84157406742548,1.26024375867511,0.356498106340939,NA,117,0.308815782303039,0.137466492542443,5.72204275207918,0.0181656342531199,0.0832710691402794,3.66788920210275,6.017694854,0,-0.25830767,0.128958943215647,2.2037667123515,0.161454286048514,12.6796127086777,0,NA,4.12359897545823,31.8261912114661,0.104677711626406,1.09560955856318,NA,2.95219946240448,20515.6087765952,511674.757607215,34.0003369223682
"SWE",1.60138332843781,1.3,1.71801710128784,1.60402345657349,4.74206365079365,5.193683,7.11529389138771,22.5555992126465,487.430180123307,12.6887924892814,18.5435390472412,28.6632194519043,81.3998184204102,7.28443002700806,63.5333333333333,3695.58770576256,3.602161316,10413.0035519461,0.88361,96.744701754386,94.3140813619211,15727.7039848197,25.7693333333333,4,12.44008033921,3.06176981931093,71.2167287491041,127.81489,5.4166475,NA,0.466967739977802,0.450312528845026,NA,0.849468422678593,0.712724761416518,1.34026671910679,763.589,0.088830836,28.3899547249075,29.3740341666843,60.6533727,2.675870348,57.9806894470846,6.38332821288103,5.39677306418603,4.797599,88.3,5.237623,7.16113333333333,8.9445013088,5.14991069331066,4.61500562474343,76.376630370296,1232,9.46672709930119,4.25856239416754,37.1508756674075,NA,0.679752003283687,0.388320596297989,37.93630013,4.6056545289458,1.5885298,8.75909367233611,7.09855574203693,3.03987585984934,3.45683689277041,18.9720764582485,77.8644221621794,2.5462884666121,29.1957273225411,1.49174500296732,3.84366248759576,1.94649899687867,8.2993458708785,1845447.67725976,5234029.26360098,333.458404600423
"LAO",-0.6432785987854,2.4,-0.927797913551331,-0.832905530929565,NA,4.8676505,1.23375160355741,NA,NA,16.5979372751799,8.88279025245385,23.1434307098389,14.8841695785522,0.576839983463287,0,0,NA,NA,0.32648,78.1292631578947,69.2699385521919,6776.89243027888,NA,2.4,8.92207792207792,0.299422542239966,55.5179562018747,NA,NA,0.815551106742426,NA,NA,NA,NA,NA,0.73998989034006,74.76,0.135057316,48.2775347333758,4.63694821025039,NA,NA,8.95402194365139,0,1.56432673148354,4.552502,NA,4.6211885,7.21036666666667,4.03980063353939,0.182510568185052,0,NA,130,0.0142582162971412,0,2.94275013376137,0.0427746488914237,0.190065255233988,-0.718681027920047,4.752120798,0,-0.762664,3.2068816265561,0.273045287266676,0,1.04084978969131,0,NA,0.0427746488914237,14.9853853282954,1.48144600469038,NA,NA,NA,NA,31730.2561302159,15.402302154138
"GEO",0.791285872459412,2.025,0.946578145027161,0.177279338240623,6.7952380952381,4.99997545454545,3.73861002922058,NA,382.650010086047,8.51876852156734,16.4421100616455,20.1034297943115,78.2652206420898,15.2279796600342,0,0,0.25283,1768.16486,0.56522,90.7816842105263,88.1207265713759,3891.89189189189,24.613,2.7,12.7884972170686,0.258492557568447,32.9751442721521,66.05713,5.13,2.16246476827802,0.0372942409652548,0.00221562205807751,NA,0.174488161374826,0.050900969370377,0.322446579949411,102.245,0.129244095,32.4347171857383,19.5284191245471,1.70507,NA,24.7111136370229,0.0712748214565723,1.08280030057414,4.455644,31,4.15068881818182,7.55763333333333,6.87902668604958,1.07381664515827,0.621388302273877,NA,268,1.03397023027379,0.0668326079514891,9.09579930558951,0.753936626241303,0.0495402583665358,6.26310396108015,11.16001574,0,-0.057847843,0.765957600112689,5.44030382903298,0.0708454790962834,1.71251319389096,1.23568564108277,NA,1.83098894944316,32.5916033000883,0.293684789436442,0.778492073132221,NA,2.6667601302598,185579.002313081,1715865.10727334,29.7650438745961
"BHR",0.697198748588562,2.2,1.07798528671265,0.468770444393158,6.11999821428571,5.63912038961039,1.98779730730604,17.3844108581543,NA,12.4384147714479,15.5048503875732,17.9895896911621,57.0562210083008,10.1203298568726,17.4,0,NA,NA,0.90305,100,94.9049211970572,24251.7006802721,28.642,3.5,4.42892156862745,2.39664469742361,0.0467271478307767,70.55008,5.01135,NA,0.127654822411743,0.00825218881941805,67.91307,0.282839963576033,0.155871825504094,3.51980570929378,105.646,0.296179307,30.6893742039796,NA,NA,NA,NA,0,0.369526358899133,4.56495457142857,60.4,3.88551571428571,7.79326666666667,3.95831533659989,1.56024779271998,0.332653681015976,NA,145,0.129818254443779,0.0410171705507071,6.37033110576832,NA,0.440932756168334,1.08409371326954,9.819676855,0,0.31873316,1.5337169456007,3.67056910826701,0.212429581506884,6.0714999001398,0.699747653174523,5.28279125070633,0.0998601957259836,4.31630161104064,1.07891257385562,NA,0.364342698673376,0.805582363546431,56534.7796889704,540177.57236109,18.3241736022282
"NIC",-1.08494555950165,2.975,-0.878058850765228,-1.27818691730499,NA,1.87007308006287,2.86578989028931,5.99731016159058,NA,36.3968914357485,11.7916402816772,19.5380306243896,30.3635101318359,1.70876002311706,0,0,0.10742,NA,0.44927,66.0232105263158,69.9486033003305,628.776978417266,23.0686666666667,2.5,9.30073349633252,0.15873855759564,26.4544748210857,29.96966,NA,2.94999113214656,NA,0.0020537530464865,NA,NA,0.0374748408500693,1.82462101577251,60.374,0.158300162,46.5521227256511,NA,NA,NA,NA,0,1.21123321123321,2.8467001914978,NA,2.34630417823792,7.93091333333333,6.27332532766286,0.3382949932341,0.0145263587366569,NA,117,NA,0.00414085533507801,1.25882002186372,NA,0.0474876196461809,1.87686000599082,13.64548531,0,-0.77302575,0.248940421955882,3.03391541551217,0,0.670229465403813,0,NA,NA,NA,0.388723045427959,NA,NA,NA,101.317482752942,134310.168425458,8.24243267044794
"OMN",0.274613231420517,1.9,0.434537470340729,0.612812101840973,5.04681591269841,5.42837701587302,4.19907999038696,16.5131397247314,NA,11.9341236634124,12.9640302658081,33.3145713806152,43.8433609008789,2.66907000541687,10.5666666666667,0,0.36729,655.14938,0.80774,99.1,87.5713908964036,9338.42794759825,24.5333333333333,3.3,6.0363963963964,2.51523112179308,0.963695942094654,58.30516,4.575165,NA,0.0403445642632475,0.00367766400840807,21.08322,0.111103076821971,0.0245582212172884,1.95671977981183,222.058,0.240369253,37.9679811046768,NA,31.79342,0.06835,NA,0.00573878211565942,1.05285439863568,5.04299908994709,56.4,4.77419798941799,9.23758666666667,5.4674162210746,1.02653083977537,0.559448909967222,0.32183,243,1.47653382520075,0.0120090246692306,8.1465202784858,NA,0.0407011135804667,0.408118340849104,26.0718184,0,-0.43996128,1.77657230969033,0.448563107495386,0.0170182782668631,4.60194138579919,1.86986325984224,31.2330077868001,0.0439981618545714,33.5270992864196,0.366022190049371,NA,0.274509914172734,NA,270696.752857113,193855.499184775,6.34749732757251
"KHM",-0.305874288082123,1.975,-0.684618413448334,-0.819127440452576,NA,3.70394875757576,2.95115223529243,NA,337.447661313615,9.89969434918742,10.8393397698345,23.2045497894287,17.4362361499325,0.258630007505417,0,0,0.11823,30.38923,0.45034,78.525298245614,81.7558550715049,812.979351032448,33.125,2.4,11.6790266512167,0.401767778224186,22.8214754275977,130.12972,NA,16.106579225587,0.0169373472761241,0.00310057827930566,NA,0.0368027173169868,0.0185500118805154,2.2633869344,139.801,NA,46.7624769434705,2.13332739960459,19.44236,0.01597,5.94230960897148,0,0.994673929348671,3.78181887878788,NA,3.13596172727273,9.25591,3.62124493562838,0.600075609849391,0.135662343068666,4.32809,150,0.0077263034273882,0.001788256164119,2.48209955579717,NA,0.0271958096393775,2.65845930152616,NA,0,-0.21560961,8.2362126112082,0.836665791458527,0.0434409182517798,1.29029267237383,0,NA,0.100441944556047,16.0938900392496,0.600995580999426,NA,NA,NA,284070.728099384,214545.215213171,4.66547016521444
"SYC",0.624744176864624,1.5,0.211075112223625,0.432935118675232,NA,4.80252933502197,4.45409960547034,13.9250202178955,NA,11.2139800285307,13.4356098175049,27.1739101409912,14.0341396331787,0,0,0,0.2017,NA,0.4638,91.0495087719298,81.8167620125206,NA,24.3103333333333,NA,NA,1.27648710748021,2.03548240350923,24.51661,NA,NA,4.54864124880929,0.00764188940652609,76.3475433333333,29.2328932458031,5.49576079905193,1.49081750514052,4.136,NA,32.3926796204248,5.67216474399233,1.98156,NA,34.7378175616392,1.00806451612903,2.2193617658668,4.20109987258911,NA,3.81211733818054,9.31525,3.19346912519639,0.11693654045897,0.151327195817815,NA,85,0.255297421496043,0.725314313346228,15.715667311412,NA,0.0959772072217626,NA,NA,0,NA,0.121751314157509,0.432555755851826,0.0688605402280228,2.80827163645647,NA,NA,0,18.8920091907072,0.0385251479438763,NA,NA,NA,11447815.0226669,5294371.10096895,823.659141728183
"MNE",0.247063115239143,2.1,0.374201148748398,-0.0421564690768719,NA,2.70722143243243,NA,NA,404.583957127852,7.5788556880611,15.5365295410156,21.0093134069742,55.1743011474609,NA,0,0,0.36,753.638003028053,0.52142,93.9491929824562,89.6994205241924,6801.94805194805,27.7423333333333,2.8,11.8715596330275,4.10547923574925,41.5537092350114,43.02398,NA,1.23507131680282,NA,NA,NA,NA,NA,1.00259764556589,20.181,0.130617393,30.2733560076368,18.2018129295747,11.79,0.05,37.9731642985993,0.0658848333113717,0.89716505465145,3.27843538738739,35.3,3.48198110810811,10.9416666666667,6.27067171805071,2.71514031767671,0.198627470610667,12.4760076775432,105,0.42107479341018,0.247757791982558,20.1179327089837,NA,0.314103057542709,4.03790615400865,7.303356812,0,NA,0.348237464685148,4.71488022099249,0.0208349966424379,8.05305542396968,0,-181.358812603803,0.578977840938997,27.1264367816092,0.166350585105429,0.686913055956663,NA,NA,1749728.87014317,1882734.41604167,2538.5717638906
"NAM",0.0308966562151909,2.075,-0.0622607916593552,0.445467591285706,NA,4.64393522641509,9.3919470845238,NA,NA,25.9180847514181,NA,10.2908802032471,26.1094608306885,3.13963007926941,0,0,0.64647,224.81068,0.49958,79.3045263157895,73.3393459236387,684.615384615385,24.0843333333333,2.9,12.145,0.571720879848344,23.7534002158556,61.03382,NA,NA,0.0132658409814454,NA,18.0250266666667,0.0293020796738355,0.0710144727961905,2.40161562405907,35.071,0.279225836,54.4214370195724,7.40456647417015,NA,NA,18.0766335691119,0.146584579302257,2.63945155750002,4.0767276163522,39.2,4.46631969811321,11.25156,7.24222848350643,1.42450469652295,0.128294894486898,NA,137,0.519531123161347,0.014256793362037,8.46853525704998,0.129882780790337,0.123497699883898,-1.4224233653532,3.421079308,0,-0.5505019,1.05967667050143,0.30367532959738,0.080994314485592,1.44434748593266,0,NA,1.20141572231061,12.3713348702796,0.0947222449871576,0.513549321165517,NA,NA,263889.056290394,118640.814392194,24.3208247163302
"MRT",-0.763598620891571,2.5,-0.997108280658722,-0.639136493206024,NA,3.81720423698425,4.79050016403198,8.72338962554932,NA,28.7820356628641,7.94755983352661,34.5507392883301,5.97194004058838,1.44821000099182,0,0,0.01019,NA,0.16879,56.6046315789474,68.2807383013687,NA,40.1413333333333,2.3,NA,0.257975750279474,7.99918253276794,22.72354,NA,NA,NA,NA,NA,NA,NA,10.0797433979591,37.285,NA,62.302932832819,0.652367961177254,0,NA,NA,0,0.687645687645688,3.08045983314514,NA,4.04347848892212,11.4112133333333,2.78085469755795,0.549654192668205,0.00434558675018992,NA,62,0.0573279445065497,0,1.77014885342631,0,0.132367015420623,0.241575743541551,NA,0,-1.3512003,0.0860802623495007,0.190703893407814,0,0.458623556052398,NA,NA,0.0286639722532749,1.94915011322269,0.00123126484715133,0.191746914379186,NA,NA,1253.89714532629,31912.3978321494,0.967391471314801
"SEN",0.0696751922369003,2.15,-0.345079481601715,-0.273632854223251,5.10960317460318,4.26340620560748,6.16277045366329,31.3264293670654,NA,23.0371793260686,9.12234973907471,NA,16.0710105895996,8.96603012084961,0,0,0.5772,572.42133,0.47789,75.384350877193,71.8205777007467,435.912240184757,44.5566666666667,NA,11.0645161290323,0.333597910986875,4.9699093780279,31.29303,4.23625,4.04724160656631,0.124714737743851,0.0143047755061556,NA,0.210817562792783,0.241191681286329,8.26432599148398,94.351,0.177198197,58.3917763651525,1.9857540471244,2.08604,NA,5.17066443401144,0,0.347969326124299,3.45840370093458,NA,3.71940405607477,11.8451633333333,5.18469157286497,1.24196513265186,0.115402277333207,NA,169,0.241570901059461,0.00353361384617015,6.14725864060794,0,0.219959604412484,1.19674877990885,22.09561584,4.49687863718125,-0.6747872,0.222943689696932,1.70403515238303,0.0735990625742317,1.21935788153823,1.58009734419638,NA,0.299087782264095,4.75089438750273,0.029085408747533,0.887806547794075,NA,NA,18252.9333502429,69277.0198387505,3.33241774278724
"EST",1.2634699344635,1.3,1.42964351177216,1.42638897895813,6.03741041666667,3.90857232653061,5.74793241568771,18.8587093353271,515.596354328843,9.0956951901484,15.6005001068115,27.5299977360199,67.6179275512695,11.1033601760864,17.3333333333333,0,1.838777012,4782.98303516258,0.99535,98.3351228070176,98.3507092554067,4138.68613138686,27.7036666666667,3.6,11.7417721518987,9.01221759395469,14.2102002104858,57.9112,5.47054375,4.17450615151118,1.21620232123282,0.0606974996626195,NA,3.09094306755405,2.015981388795,1.34026671910679,65.537,0.100614376,25.8947116271596,28.3713054187192,49.47462901,1.062144309,46.433645922137,0.767114149920787,1.74839139819786,4.08775851020408,55.9,4.27278812244898,12.7194266666667,8.37375829919098,5.97588079585921,0.265076519355501,45.9819378539721,412,1.48655135570387,0.609573218182096,32.3328806628317,0.55745675838895,0.118641229845604,-0.799608238286367,26.28190476,21.849963583394,0.95019597,6.93397538269773,9.42766366360015,0.634728094979953,15.4539401353381,1.29963141980622,49.8365769573281,3.08149708109447,68.8613945709906,1.33566772423606,3.40659908133849,NA,29.6450324983669,4675246.32516904,4281099.65270206,219.123192375401
"MNG",-0.47153577208519,2.2,-0.175534680485725,-0.184480711817741,NA,2.91,3.74101537546807,NA,405.131846233508,10.3120948551735,13.6077896023219,17.8405494689941,66.7758636474609,2.525710105896,0,0,0.08365,535.37392,0.82219,87.8355087719298,87.494997810829,2279.41176470588,37.3853333333333,2.5,6.11402157164869,1.43591052681962,2.31801822661002,38.61348,NA,5.33725757239946,0.00887903283967094,0.00240798396777831,NA,0.0210854228494108,0.0267974595686581,4.99297775478812,67.691,0.284470807,46.2604745267697,20.3383039320793,8.09059,0.00874,25.9145776711559,0,1.5878619961687,3.34681185542169,35.8,3.35600425903614,13.2937166666667,6.00604278645446,1.11320932044245,0.286175024940111,NA,146,1.19659210568301,0,10.2967898243489,1.29231947413766,0.0918499735007039,1.82765515865027,4.16400831,0,-1.534846,0.458246159569771,0.40923985172603,0.0134967617929549,6.11059701968793,0,NA,8.45591754682664,133.412042502952,0.0189102239526458,0.176889645474232,NA,NA,27181.0127061537,410927.874981651,11.7717594500381
"CYP",0.73773992061615,1.7,0.778258264064789,0.628040313720703,4.03853,4.3597575,5.10776785360708,34.33203125,403.428307265242,7.85481041694778,16.2155990600586,10.2000424118188,98.3045806884766,20.2486991882324,10.0333333333333,0,0.68,1675.29955198908,0.82165,99.054350877193,86.8363013619274,5804.34782608696,21.1386666666667,3.2,17.2666666666667,4.98676589052131,8.93891792685987,62.69626,3.61009392857143,NA,0.942613846453246,0.0188313929353153,19.35427,2.41289575262588,0.737433419413359,1.34026671910679,55.14,0.183637565,26.4806621168626,29.0944968208726,35.66,0.28,42.3408624229979,0.916611288068013,4.35044900683461,3.8201015,60.5,4.0159215,19.12325,3.19012700332274,16.0148246063938,1.22233168275211,33.9622641509434,328,1.05489278453335,0.604105912223431,37.4138556401886,NA,0.139429765214855,2.20942716546615,13.87189643,0,0.17040469,0.650257769928243,26.6068210478331,2.20615377285879,16.1302696689555,0.971105627636711,37.1594764595987,17.4728604856343,95.5924661475316,0.122938443624892,4.59215216095616,NA,6.0173480143253,98744342.4777995,2499539.50270275,227.624062950229
"MOZ",-0.716628909111023,3.05,-0.708528399467468,-1.02632343769073,3.21588183421517,3.40943789482117,5.97607342054314,NA,NA,36.5437937561972,10.3953104019165,9.56000995635986,7.31912532595168,0.35945999622345,0,0,0.30814,44.41136,0.39591,50.068947368421,29.8357808002369,593.266606005459,42.014,NA,3.63877028181042,0.620248453809212,62.1967587580689,18.48825,2.23347222222222,1.36202851570118,NA,NA,NA,NA,0.0337404400824959,4.28921613237997,60.29,NA,64.3958430894058,0.958881002293544,0.47172,0.00148,4.43772000500233,0,1.97492684474497,3.09740328788757,36.4,3.04251599311829,20.5210066666667,6.05762665600966,1.20780563107558,0,0.30038,150,0.31898491910188,0,8.27666279648366,0.177213843945489,0.0227432894087007,-0.24530654963677,NA,0,-1.5526813,0.166240626500141,0.130346205849557,0,1.22277552322387,0,NA,0.655691222598309,28.7086427191692,0.00762940073309825,NA,NA,NA,1244.922306485,18263.0065024683,0.94925254459482
"SGP",2.31747198104858,0.8,2.30859136581421,1.75317537784576,NA,6.44865757377049,2.19099857819757,17.2234497070312,559.550138962431,14.4987270412802,16.7422790527344,35.9468612670898,98.0222320556641,NA,69.7,754.672686024305,1.846453785,8621.36161078588,0.98306,99.8666666666667,93.549029511185,10024.6913580247,21.7863333333333,4.3,16.016051364366,2.0330322981144,0.528213022776124,129.07161,NA,NA,1.28040601971431,0.421366450451519,154.600306666667,3.09568356687307,0.975249309110584,0.00548921067587401,879.978,0.246367157,25.6030446530606,30.8909120946516,59.18857907,1.184628502,60.6305341570864,2.46408855144411,3.83224281764522,4.91410478688525,96.5,5.29899209836066,32.1376866666667,21.8899217424511,3.43109094326624,2.25333968171305,54.2439116485611,873,1.93514113637313,1.22063097031971,18.5527365456864,NA,0.208508439776573,1.86473656224509,79.64692541,16.3888023499043,1.9894205,25.855657925102,3.29034106593745,1.68981386020038,5.82333032895012,13.8348942988117,50.2821204545526,0.5754090238938,15.8547868181194,3.04975808844643,5.94297309916394,1.51479421743579,2.59793793006697,5617380.60185001,14402260.9693772,117.949120850445
"HKG",1.55483567714691,1.1,1.60433173179626,1.29364585876465,6.11904761904762,5.317577,3.80310010910034,25.2387790679932,520.157273846251,10.5926372580133,16.8958606719971,NA,100.461082458496,22.4330101013184,82,NA,1.10339,5273.74369,NA,99.0666666666667,94.4871401961394,4911.56462585034,15.77,4,36.7237185056473,2.19955081685679,0.40443415926657,248.75861,6.1675,NA,0.564394937611774,0.085355903691182,1507.76958666667,1.9923450608871,0.279012670054755,0,569.828,0.227108935,17.6254678832397,16.4100659273613,49.23892,0.38772,41.1090773324132,0.622425329434985,2.12962591211317,4.79408725641026,97.1,4.84690766666667,34.4480166666667,55.1938092949383,0.382726935160518,0.289103059137594,35.5995,863,0.862387124652959,NA,40.5947057708642,0.80674924564309,0.362613597685711,1.24180424838646,10.16062738,2.68921022515916,1.5488814,0.0819930420406261,0.576301467111405,0.106337050671529,5.74924749768639,NA,44.6309775289591,1.29450798496294,47.1104467536225,11.5025194605158,0.122084100949475,1.83460637351513,8.24212791675021,6071157.15203688,NA,258.489116053142
"MLT",0.397335052490234,1.6,0.687359094619751,0.702327609062195,NA,4.03851121568627,4.78512342329008,33.2246513366699,458.967896633958,6.79287158763334,16.1780300140381,15.4239766081871,80.5250091552734,29.5557308197021,0,102.54781693418,0.61,2341.10812451227,0.87492,99.4876842105263,92.2633276702447,4433.96226415094,21.4153333333333,3.3,33.6883116883117,2.21333333333333,2.07778728807729,65.0133,NA,NA,0.527835562680051,0.0100326796159119,26.04233,1.92514043421496,0.396607639476943,1.34026671910679,40.316,0.250805695,21.9533302652881,19.2254969156957,58.28,0.34,45.3066332916145,1.65672630881378,1.51358930677946,3.92785090196078,45.6,3.99071815686274,224.254353333333,6.01737507389118,3.81343487616018,8.10623620884061,46.8873128447597,201,1.44,0.429926083936898,13.9646790356186,NA,0.285601003213227,0.847768791389159,67.03741701,3.80778310867413,NA,4.40895600058932,1.30125466938081,4.02370982129568,8.37333333333333,2.04634072043256,74.7946739320026,8.05333333333333,112.906666666667,0.120947372569071,18.3096191777759,0.605762321655318,7.74619339146421,693620.369268115,1845175.40492823,292.369693713057
"VEN",-1.599200963974,4.45,-2.02624750137329,-2.15153360366821,3.02534384920635,2.06334355844156,NA,NA,NA,9.47630601338493,NA,NA,NA,NA,11.6333333333333,0,0.69,179.95961,0.35756,NA,37.1781027313311,2912.36749116608,11.5953333333333,2.3,3.86882494004796,0.0758952076919793,24.2225914719111,NA,1.99202083333333,NA,0.00836825213605146,0.0020537530464865,NA,0.0197492689932057,0.01946266094681,8.72116386422196,222.356,NA,42.9503422444835,18.44434249204,NA,NA,19.7460543466743,0.00591338079806987,0.81182164769212,2.86586556493507,37,3.15272358441558,NA,NA,1.19228371190836,1.1166323046637,0.82,293,0.0426910543267384,NA,2.0147870981669,0.235104110233162,0.040677308240976,-2.79051583927245,NA,0,-1.0149921,NA,0.158802982741247,0.0230368964354911,0.531266453843855,0,NA,0.0711517572112306,37.1886517690699,NA,0.0148877784281554,NA,1.03749840873682,12653.047300304,172985.748019711,7.53774279391758
