"uCode","PolStab","GovEff","RegQua","RuleOL","PolicyDB","EntreprenPCplus","ExpEdu","GovFundPup","SchLifeExp","PISA","PupTeachR","TertEnrol","SciEngGrad","TertMob","ResPPop","RDExp","RDCompExp","QSRank","ICTAccWIPO5G20","ICTUseWIPO2","GovOLServ","ElecOut","LogPerf","GroCap","GDPEner","LowCarbonEner","ISOEnv","FinanceSSGEMplus","DomCred2Priv","MicroLoanIMFFAS","MarkCap","VenCapInvPB","VenCapRecPB","LateVCInt","JointVenPB","AppTariffWTO","HHI","DomMarkSc","Demogdividend","KnowIntsEmp","FemEmpDeg","GERDPerf","GERDFinBus","PublicPrivCopubs","UniResColl","THEunirank","StatClustDev","PatFam","IntelPropPay","HiTechImp","ICTSevImp","FDINetInfl","ResTalBus","PatOrig","PCTInventors","UtilModOrig","SciTechArt","CitDoc","GrowPPP","UnicornVal","CompSoftSpend","HiTechManuf","IntelPropRec","EcComplexity","HTExpHKG","ICTServExp","ISOQual","CorpIAs","TradmkOrig","BrandVal","IndustDes","CultServExp","FilmsOmdia","EntMedia","CreaGoodExp","TLDsMix","GHRecSentNoBot","AppCrea"
"LUX",1.2,1.91421329975128,1.92906320095062,1.75243473052979,6.15814516831683,4.92090916666667,4.70302816111153,20.8647594451904,14.3579502105713,476.725426725701,8.08547894559535,21.032600402832,22.8809634089856,50.484748840332,5224.20245486971,1.034723756,688.500043647843,10.7,99.4405263157895,88.6258001646032,0.75554,1865.67164179104,3.6,17.322,23.3870967741935,9.07489733328538,0.80400578069979,4.49605464285714,96.50279,0.317994270030406,67.9378,4.27816329299432,0.331732678742935,0.0262903249531826,1.30647871158617,1.34026671910679,0.128529915,101.876,26.5229192905315,68.0148193887002,29.7118251076515,0.479091932,44.18126152,4.46082639063778,5.08970475247525,87,4.70454964356436,2.97865111274704,4.57865625019358,1.30493016077765,4.70151647292483,-161.339056666667,32.3996292219454,4.49836145657351,0.87485767010876,0.166921480431041,14.556912324787,300,-1.02468973399703,2.06200447454971,0.154897680538315,23.42860008,1.40592939911171,0.22453047,0.724614597705798,3.46095051927005,1.36375664068066,71.5684293109341,43.9455311526797,8.23700679430474,3.38903702497507,6.27478045943309,10.1962575656231,2.21777202001873,0.0603678200260717,480.419611503756,2967326.95672554,425655.087492528
"NLD",1.55,1.62553191184998,1.79096639156342,1.64250445365906,4.66165502620087,6.05666111111111,5.05201090398091,23.7045001983643,18.5848503112793,480.078461017219,13.672264281964,89.3898620605469,20.1064886877308,13.7241697311401,6583.03965989819,2.227458062,5349.87592333333,69.9333333333333,97.2726315789474,88.6831077606362,0.92118,6785.79418344519,4.1,20.787,16.4053653719552,17.0372650807758,1.93857784010824,6.24877571428572,84.07735,0.446289901288334,108.2252,0.861161195705375,0.413099734004177,0.46189981887526,0.433765514306574,1.34026671910679,0.110961421,1460.53,26.8609695379924,54.9574668707986,23.7767818773405,1.558916691,58.34,5.51247768878468,5.41351049781659,96.7,4.91218319213974,3.82903766427057,4.44419805498177,11.2698923327077,3.01731390044821,-12.0783066666667,71.6115039257363,6.24676374605477,2.5698887390194,0.314293647911778,26.5718608998103,1471,0.120205035849057,1.9215057817999,0.538626751378737,41.46150436,4.37896525408383,1.0714959,12.0285218612206,4.60987583955367,6.44993347602244,85.6922086843353,35.8509919338795,8.66134206887883,2.72586054373299,2.10280789887343,3.84339378259678,1.57939482158572,3.14920237508546,726.837182637195,5753050.95480268,607831.30317875
"CHE",1.2,2.13492703437805,1.72938001155853,1.76172566413879,5.89097830952381,5.56100833333333,5.12050407980857,23.0549392700195,16.694299697876,497.948520542467,9.49681244225439,74.0060882568359,25.1901296152431,19.7187690734863,5996.86376725618,3.298743019,8781.3202189488,78.5666666666667,100,88.7948694925988,0.8408,7860.51743532058,4.1,25.0156666666667,27.7513416815742,55.6877251510733,2.93924742587269,5.9460375,170.38555,0.446289901288334,259.862946666667,1.37844061142409,0.625810892234927,0.370998465359877,0.51483409278194,0.800654135097198,0.150235106,851.136,24.93616325613,51.9546312248749,21.8279319188622,2.252126983,65.91011503,8.28646085871373,5.67474445238095,95.1,5.03480592857143,8.29869686282833,5.52498201691461,7.60423543144272,3.23397541181554,-9.05485333333333,48.6940369959021,13.0784929011872,3.53808051827205,0.314293647911778,38.1889615760584,1369,0.759768340995908,0.880348618052749,0.652420517283897,71.49464865,5.36032739528423,2.0829551,14.289578191056,3.08975412075058,8.81164678316376,81.5460132867736,48.8322251724415,18.8363662010156,4.05959930657655,0.681108774690186,17.3828341164114,3.03810758562142,2.88253974580684,581.692615514122,6146128.52690487,912610.586236779
"IRL",1.45,1.59114551544189,1.74936389923096,1.63358354568481,5.38156681188119,5.4557776675485,3.00598001480102,10.6223096847534,19.1848793029785,503.834597219401,14.0942342119884,76.6049499511719,25.8441284886783,10.9852695465088,5320.98239650036,1.582903065,1747.07522594028,52.0666666666667,98.7603859649123,84.212797740262,0.87678,5862.2641509434,3.6,22.669,41.2099616858237,20.6857208494558,1.82727319728494,5.108125,25.95343,0.230811841283796,36.3658133333333,0.515671791310796,0.507241889406339,0.271298125201062,0.358966754086282,1.34026671910679,0.078380298,691.904,31.6403229817409,49.1912671357075,31.0430669653971,1.363158903,55.52,3.82751763650716,4.93167356435644,83.2,4.64844299009901,1.51741749673217,23.2467113474197,7.42597917851915,1.84580092279383,-5.74724,47.424150593604,1.69432688543721,0.763413710572565,0.166921480431041,14.2086185366756,753,-0.397901653252004,1.88173187449444,0.683306085152488,38.30951574,2.6448118085396,1.4747884,14.5495820221794,36.9786824505852,4.28825714771074,87.7933630528198,35.8509919338795,4.63379794797565,0.632233571898104,0.899301898208648,8.50144483426159,1.6474193744766,0.973173261534688,223.295834442288,4038412.83184788,655205.047931574
"HUN",1.6,0.372758895158768,0.318309366703033,0.427084535360336,3.15045934177215,4.34831458333333,5.07200651822015,17.6828308105469,15.624400138855,477.21366885483,9.88952075494973,56.5924415588379,24.129407610432,14.3900995254517,4610.41935592158,1.386324126,221.101888392,21.8,97.0810526315789,84.9664109126366,0.71437,3703.85818561001,3.2,27.7293333333333,13.7558528428094,25.4856798620305,7.04546770923834,4.672534375,33.00525,0.230811841283796,16.2010733333333,0.252085945413741,0.181682741309153,0.0516836524417487,0.185847632985033,1.34026671910679,0.097918056,448.456,24.8740641629619,40.9769651720188,19.4192704810857,1.008113065,44.90389437,5.25856980604722,3.97665525316456,56.5,3.25199543037975,0.261146700491382,0.93754495089875,15.6682230956077,1.63018210913943,-5.58142333333333,62.7442112879884,1.13524471474081,0.606070160729258,0.437880104257168,19.4957810799722,630,0.790374246490959,0,0.233144608979069,56.09418521,0.909426741498697,1.5066137,14.5914738596997,2.12851540107034,16.189979727773,57.91737858875,22.7767158992181,2.47003285576442,1.50362004054445,0.900140514226726,3.18433676850899,0.497936547837995,5.73204140667162,162.675351380222,1761877.89933392,218659.399938956
"AGO",2.525,-1.00890958309174,-0.761388182640076,-1.09906601905823,2.88269174834437,3.72852821869489,2.51273663315785,9.81437969207764,9.88817977905273,367.541409684511,27.9654561960962,10.0493602752685,11.1722488038278,0.825420022010803,18.93579,0.03229,0,0,58.988947368421,58.7870975844055,0.39624,442.821017139646,2.1,33.4393333333333,12.7261273209549,26.2267834001727,0.0727146620725916,3.20518518518519,9.53398,0.00459717577891087,15.6933733333333,0.0508768572720629,0.0339529591648058,0.0086250080574459,0.0183952397162544,7.34623717647198,0.550213282,374.937,63.44353386933,8.42259347377597,1.29379992670131,0.00609647949018557,11.09,0.333119321000251,2.30132042384106,42.2,2.58721908609272,0,0.561607102547309,4.67242399846609,0.250195799499986,-5.12264666666667,5.57274,0.00720585692050499,0,0.0288234276820199,0.546758522098379,67,-2.9101328535973,0,0.161630552531688,3.564327941,0,-0.46885175,0.365921015111446,0.114165277647503,0.343996285958799,35.8627278333176,10.0458102371057,0,0.134624952442272,0.191746914379186,0.541252360536857,0.0634294986316351,0.00808891372790647,0.636305275572717,25633.4406080331,389.433165989726
"TTO",2,-0.0436432547867298,-0.130735039710999,-0.283585637807846,3.67186358558559,3.67582388888889,2.92899990081787,13.3242702484131,12.5527264641832,423.035701162366,12.0288435136608,53.1743590503791,24.3587608337402,4.65849018096924,492.71552,0.0478,0,0,85.2382807017544,77.5114421016454,0.59989,6202.61437908497,2.5,24.57,2.16180371352785,0.00991663436600264,0.416449765747007,3.061875,41.64482,3.15184618945026,30.8268266666667,0.200820238371374,0.0337404400824959,0.00310057827930566,0.0242964057769758,6.45232304984986,0.288121919,49.967,29.9857195418607,30.6575808374117,14.6241722749786,0.00973833261557792,4.6,1.21051603186368,3.0202125045045,38.9,3.61828396396396,0,0.229920395834385,5.11030359020906,0.666956905024302,-4.17941666666667,1.4,0.0208224882873503,0,0.0237208530018739,3.98262853483299,140,-0.603648634966967,0,0.161862862556526,4.16400831,0.024048192407633,-0.22798508,0.926354899225941,0.62406667302333,1.66579906298803,2.48643928448437,18.4487246225924,0,0.240006982021295,0.0192069397026116,5.9126000950806,0.225911072715869,0.284948742871236,14.2260912416167,299854.025467105,272.928464280439
"AZE",1.85,-0.0326422192156315,-0.108809567987919,-0.566586077213287,5.17819499969482,7.18947678571429,3.58290021909589,15.0948801040649,12.909779548645,380.746612809969,9.17082254582362,41.3907585144043,26.4758892059326,2.53143000602722,1663.3395,0.18178,0,3.83333333333333,87.3223157894737,82.1703722171857,0.73863,2865.10263929619,2.7,14.825,7.4954260953298,2.32168562717796,0.5884513296496,5.8298625,23.15091,0.407938285155321,2.71077666666667,0.00985451947692125,0.012496289729007,0.00240798396777831,0.00634886542714795,5.77577841599269,0.156625078,253.121,35.2006027478732,15.7581922455624,8.05013240951446,0.00449,30.77966,1.33795828786251,4.58872127532959,26.7,4.62030029296875,0.0245237487983363,0.545363237179557,5.08542399427889,0.397509255640893,-2.81434666666667,7.51361,0.980752216082667,0.0276547580011141,0.246231407442031,7.09542076714299,167,1.14786605683338,0,0.0614336921490867,14.5002803,0.017834773493863,-1.2644222,0.19087698884254,0.459726511114141,1.39392017094302,37.922326124378,28.7089127422667,0.530607192995544,0.129375824249203,0.103551764083989,0,0.144864890563214,0.0642564377001648,8.53267280142764,302045.378394872,57599.8702920006
"TGO",2.6,-0.578052043914795,-0.493230193853378,-0.527499735355377,4.39489269256592,4.09332341269841,4.14281885166484,13.7125597000122,12.3168201446533,396.661229047105,17.7752874456184,14.9029903411865,21.7630405426025,2.51405000686646,41.39064,0.05997,0,0,70.5261052631579,45.7982188151818,0.44721,92.6553672316384,2.5,27.4953333333333,5.03359173126615,5.89091357298769,0.493879422866617,3.061875,27.87605,6.1243463520648,18.0250266666667,0.030991457654436,0.0415052262781413,0.0086250080574459,0.00703089708557703,10.2085617563546,0.235432252,30.563,58.8084520191417,6.72590609181794,1.52879373519425,0.00973833261557792,4.6,0.758620689655172,3.60153220289855,42.2,3.59653806686401,0,0,5.83852143794071,0.943300338362533,-1.12932333333333,2.18339,0.670264931033266,0,0,6.74017602984,79,2.09086326337675,0,0.072304750720918,8.229672752,1.6367364849349e-05,-1.1044855,0.205651627097264,1.74729803449226,0.952481744099905,2.48643928448437,5.18573394009948,1.53504159097428,0.176385508166649,1.52589276450645,2.68814949724078,0.0634294986316351,0.0669407631970822,2.44889324629498,57650.0217810647,35792.1121052895
"LSO",2.4,-0.953606307506561,-0.590149462223053,-0.480017185211182,2.78727483505155,3.72852821869489,6.62253066096596,34.8225212097168,11.0269403457642,363.761370876835,25.3429261047159,10.9827044025157,15.3596200942993,0.35207998752594,23.73201,0.05101,0,0,49.8520315789474,56.4323880479786,0.28637,1088.2070949185,2.6,28.1413333333333,8.69439071566731,12.9532318509204,0.149186931224825,3.249375,24.86673,1.59488605107165,63.848,0.269010924821226,0.0339529591648058,0.00519011340092071,0.0462837390146793,2.34349796279979,0.311808741,7.055,53.9535188770059,12.1553911892935,3.67609892382204,0.00973833261557792,0.78134,1.73760423652366,2.39650388659794,42.2,3.15462760824742,0,0.16452068068122,2.8449751815581,0.63873207886823,-0.685333333333333,3.54,0.177179305457123,0.141743444365698,0.0280874080137388,11.4812189936215,59,-1.6257722701207,0,0.082082900551354,6.86634266,0.0110401449481187,-0.8191827,0.0516875533321631,0.00101665759582167,0.447560793674474,2.48643928448437,11.7342536669543,0.348828623729022,0.38755483900972,0.00329763057780718,1.74457886655376,0.0634294986316351,0.0695132591805875,2.16234592523416,73764.9131099925,389.433165989726
"GBR",1.925,1.16114270687103,1.53656673431396,1.39836597442627,4.88148748387097,4.75749757936508,4.91903984598017,25.2646408081055,17.8094100952148,494.34997501739,16.3366605813372,79.7250671386719,23.2781946547322,21.5722694396973,4763.47722313909,2.798336228,6427.47592652763,97.3666666666667,98.9733333333333,91.7584817361151,0.95349,4151.86539868325,3.7,17.8596666666667,20.6647850924918,24.4726996589069,4.93250912156479,4.9173925,119.37218,0.446289901288334,110.147025,1.08589111777578,0.821896396787762,2.81001140567643,0.524202651880752,0.77455874397073,0.073436799,4282.173,28.8386273079967,55.186766221966,21.8301631657242,1.839064961,61.94591215,5.42386920750559,5.17113688018433,93.6,4.82479898156682,1.71594058291187,1.82681150153073,11.2824787962468,1.75582967336947,-0.347953333333333,41.7776351544679,4.2069410902566,1.50320239280384,0.314293647911778,28.4178149738462,2048,0.490447340602949,5.10286009477621,0.558411230990803,39.81257501,2.74507550681864,1.6361722,8.43739349151143,4.55592748698169,10.8883543672331,84.3125089023116,46.5499505975664,13.7850598121686,8.60167910267392,3.50427513393937,3.63034432860603,2.35941020999916,1.71806574931711,396.890845055207,3421627.13517133,735483.403951405
"QAT",1.4,1.19741261005402,0.977040886878967,0.932885050773621,5.46903244970414,5.902755,3.2336699962616,17.9584999084473,13.1411600112915,421.937668076905,12.5541163174824,35.0854911804199,20.1206398010254,40.5375595092773,947.77921,0.68058,0,34.6666666666667,99.91,96.1408155539387,0.76549,20304.8327137546,3.5,24.5333333333333,5.6864425896684,0.626224965510541,3.06356085651204,4.91425,118.07578,0.446289901288334,96.1093233333333,0.0996395093785185,0.0204749929470393,0.00354628789492686,0.0332518787823302,3.56254175583113,0.265755102,355.999,24.7966471206131,23.9914416702218,9.22638316737593,0.06185,9.25402,1.66357721998435,5.19000315976331,82.1,4.99967144378698,0.0341699270472058,0,5.44557050431097,1.70256225264702,-0.266223333333333,16.08344,0.181068420499282,0.0273865937825668,0.149341032693241,8.42137197014598,340,-0.24169419729922,0,0.309375916215772,38.44914106,0,-0.32663545,0.374760522942136,1.36340073545749,4.77494947606976,37.7179813328874,3.69730032825952,10.3461189919414,0.411200282680651,0.124337783843853,0.399115082040101,0.838001130297013,0.00419333145760621,19.7642432626593,278769.225252111,75525.2406232382
"BRN",0.7,1.4017870426178,0.97689163684845,0.886853814125061,4.08823537826538,4.42349206349206,4.42540979385376,24.0167007446289,13.6165949729013,439.060044240351,8.11984126984127,36.4182725443167,35.8646392822266,4.65849018096924,506.18125,0.27764,0,17.5333333333333,98.3325789473684,89.5870450211422,0.5802,12444.4444444444,2.8,28.8836666666667,6.01152073732719,0.0149409857773369,0.511077607134643,3.6925,37.00245,2.99091540519241,63.848,0.167025521129928,0.100219790799408,0.00764188940652609,0.0430535948406234,0.0521309177800708,0.192859354,41.016,35.0236096874772,37.9964384809707,14.0676322616346,0.02185,0,1.97886123906578,4.05882358551025,49.2,3.90322589874268,0,0.0807758074693244,3.60349087641123,0.568049024493843,-0.209393333333333,4.39647,0,0,0.0237208530018739,9.92295689487029,147,-0.787659484902226,0,0.156936096016504,8.229672752,0,-0.18593262,0.252365318328005,0.333095641677488,2.40206475353282,-16.2611684721944,5.05966831063297,0,0,0.00921486973072258,5.9126000950806,0.364342698673376,0.025472387741106,22.3131008753049,187114.363610274,2371.62238489964
"RUS",3.975,-0.712461888790131,-1.12207186222076,-1.18764269351959,3.52523159980774,3.8029188712522,4.05402755323777,21.2087707519531,14.9131803512573,481.335384420144,8.08533834107932,93.7277679443359,31.3627395629883,4.79095983505249,2683.9498,0.92527,100.609834229477,44.2,89.3996842105263,90.9546001525248,0.7766,8004.59738088604,2.6,24.5,4.76933455463683,12.4852930855485,0.062192215715159,3.66065972222222,54.22116,0.317994270030406,38.5309333333333,0.0178426984070657,0.0101413989087261,0.0544753230579477,0.00745888862399726,4.03062083643924,0.104016714,6909.381,27.8814307717164,45.8349437852959,20.2899553409325,0.621472272,29.22673267,1.50640575934483,3.79277348518372,73.4,3.94347643852234,0.0798961141181667,1.08017801714741,9.61871413837335,0.859599017156078,-0.0196766666666667,46.5433158688477,3.2496584418869,0.102899651936982,1.47142175551273,5.11695620779922,806,1.49496296968004,0,0.269083379804452,25.19444383,0.20336449451292,-0.36029798,2.3678600282532,0.684694969810887,0.274259993252528,45.7042409064209,77.6249453130795,1.89481615952577,1.15723589538133,0.419651347849863,1.24338791414131,0.238495014179243,0.378896372921332,65.3257744507257,790083.615720836,412399.82538245
"NPL",2.7,-0.807803750038147,-0.661413729190826,-0.462669461965561,3.04111207650273,4.54095238095238,3.95641148036706,9.38825988769531,13.5081426420221,382.650010086047,33.0077105095054,19.0357612047581,19.6662998199463,0.699289977550507,133.19638,0.16375,0,0,62.811350877193,74.6583168126942,0.44806,349.918166939444,2.6,34.167,7.11521035598706,38.4009587533309,0.355889661717511,3.58,91.87341,9.49386512330361,15.6933733333333,0.0210597026317853,0.0230306663936456,0.00502295521231094,0.0189199807432772,12.1605948091974,0.132131044,169.122,47.5057009862307,13.2333314002366,2.92898027374392,0.0493557253926562,21.07,1.790786262504,3.31148477595628,34.3,3.29358589071038,0,0.000203040140247471,10.7060651412812,0.192845080666369,0.291666666666667,4.32809,0.198074713782039,0.00414085533507801,0.0554022375578694,8.23074466952851,224,1.11253935513394,0,0.0187886114693538,8.965598573,0.0909037805040304,-0.14819995,0.0319735636556423,1.39175430104746,3.17178856407887,46.5419253172139,39.6644614348532,0,0.148556035336529,0.154153814406651,2.68814949724078,0.0634294986316351,0.22687575639956,7.753334702829,406648.354277519,297819.238291205
"BGD",3.15,-0.697334110736847,-0.914152979850769,-0.502657234668732,3.60486082993197,4.54095238095238,1.9631509166756,6.51515007019043,11.096868248129,396.661229047105,28.6449335532982,24.2003442708621,11.1458501815796,0.0598299987614155,200.85225,0.16375,0,17.2666666666667,64.0474385964912,77.7364918817224,0.73744,613.761202659728,2.6,31.0006666666667,22.1925293065766,0.839035318057861,0.201460717710182,3.58,37.64138,3.34943891553782,19.8166033333333,0.0151652597992757,0.0255423664156829,0.0291268247781896,0.0102529750841568,7.01222223530619,0.225881483,1692.743,46.5732204311231,9.2497429135588,1.8597877192323,0.0493557253926562,8.09059,1.13994218299356,2.9222893877551,37.2,3.74556113605442,0.000801564011699628,0.0797456523944652,8.49611830401834,0.208144465011275,0.367146666666667,6.20438,0.0427147724258931,0.0219052465557682,0.0554022375578694,3.56108399207677,343,3.46485210715481,0,0.157444906297534,6.488472824,0.00387693299883388,-0.6551144,0.23854854840844,0.980374796462593,0.67769855356305,55.717534678154,5.61922394271375,0.326315330721211,0.63689638288757,0.154153814406651,2.68814949724078,0.0634294986316351,0.0610379217720345,1.45292439550786,207062.026607616,121754.725134763
"IRN",3.8,-1.02239692211151,-1.68747353553772,-1.06095492839813,2.24580176470588,3.19012507936508,2.82443290958712,16.0352592468262,13.9399795532227,434.406310181025,19.008858613321,58.6677703857422,35.0184516906738,0.765919983386993,2239.74005,0.72665,0,31.3,80.0907719298246,88.3165964965146,0.37729,4152.11744776962,2.3,39.829,4.62130642954856,2.29131374276692,0.246853246057691,3.539365,60.29749,1.19543085598163,463.191416666667,0.00891609890328926,0.00848108500632395,0.0107809705466401,0.00865570518381912,11.689352256533,0.150717959,1698.463,35.4018873877812,20.6433219757724,8.22047213400875,0.20857,28.72709132,1.11674520769168,3.05353482352941,61.4,3.50026541176471,0.0189024911214999,0.199371580472061,11.8730283427301,0.585660678941815,0.36784,19.24916,5.31390671197101,0.189971756817782,1.07268858248383,23.0249348970216,541,3.53571011502497,0,0.655299067453996,30.11914823,0.0209493318030511,-0.15773574,0.201572299931971,0.209788899919456,1.22551700131426,52.2794779469232,199.568038066645,0.221773941394769,4.86269647487315,0.138661464831988,1.74044124857362,0.0635381385183621,0.127620466870639,29.8051856918542,137223.889326765,25565.5138304348
"NGA",3.6,-0.847906708717346,-0.936865150928497,-0.887689292430878,3.19474482352941,4.22420634920635,0.348516707890877,16.0612697601318,11.5851097106934,371.425620374612,15.2892972830764,11.3433500718487,16.5773391723633,1.29358994960785,22.12011,0.28444,0,0,63.3557719298246,56.597774441996,0.53719,189.71448996917,2.6,22.6656666666667,14.3603336921421,3.63865495265794,0.13855830087935,3.78495,12.95747,0.495821710367029,21.9610166666667,0.131785672819454,0.102758395476989,0.0666570607023434,0.0586337150002651,10.675350266321,0.245612813,1489.832,61.4254045448882,38.1412568417574,2.81859655286142,0.0493557253926562,18.94934,0.925090297560165,2.74506968382353,37.2,3.36345282352941,0.000833265977666805,0.394367563734449,20.3208957492904,0.842994925818234,0.409033333333333,6.32054,0.357868257347428,0.00309873864972695,0.0241085850671424,3.83667420219192,340,-1.38505850081727,5.77056243748557,0.227706331808401,12.35578879,0,-1.7110643,0.104591560262509,0.304945045852309,0.69844694524897,49.6578341919368,10.0957138838543,1.13911928393732,0.88681499869509,0.1417395290158,0.432700803829056,0.0634294986316351,0.000119757575267997,3.08076284917209,166272.506626605,62239.41610978
"DZA",2.6,-0.670135140419006,-0.948087155818939,-0.678364396095276,4.506626,6.46080011904762,5.61015717726636,16.5131397247314,15.253680229187,361.736857197974,12.7319101410041,55.5320205688477,31.1485595703125,0.220640003681183,821.66519,0.47865,0,0,89.9926666666667,83.8111496005924,0.332,2031.84855233853,2.5,36.9666666666667,8.71874541990327,0.270369485546555,0.162171345610305,5.8298625,18.86936,0.611956051334519,0.202006666666667,0.0177418216011876,0.0135602239752488,0.00221562205807751,0.0170982845154325,12.7025065947775,0.481077696,826.136,44.3165652626044,20.6433219757724,8.05013240951446,0.0364,6.74413,0.562657960007722,4.26074991304348,32,4.73056652173913,0.00308159287535727,0.324985214862421,10.3843203312453,0.580157989188502,0.457096666666667,0.45618,1.79675554342846,0.0193671502028722,0.753936626241303,6.98432219392449,263,0.859216123220123,0,0.00787491993005112,4.054367799,0.00087454161571878,-0.71833086,0.0195608893909628,0.156456733568934,0.639675863240647,37.922326124378,18.0035935110869,0,1.38360473437363,0.00679408482978269,0.198252909452312,0.0820859202366601,0.0125284852338322,1.95483258264061,92622.5043478464,11675.1054210694
"KWT",2.05,0.0075402706861496,0.320921540260315,0.341668486595154,3.44119014049587,4.22420634920635,5.0262608311279,16.5131397247314,14.7127103805542,393.957556326556,7.58835795397447,51.8967208862305,28.068660736084,4.1267900466919,159.38516,0.0976,0,16.4333333333333,99.9933333333333,98.1102666666667,0.63655,19564.4028103045,3.2,19.509,4.50262529832936,0.101798292680843,2.00999804195022,4.55625,91.95706,0.640780751739067,90.1589833333333,0.097207318066387,0.0386666272914645,0.00901105810418375,0.0330409858789424,3.73727100623132,0.396269624,249.255,28.8166611122994,22.6505039826039,7.58309903321304,0.182434113885426,28.72709132,1.06971598975614,2.87993094214876,50.8,4.02856985123967,0.0180956172415041,0.592693378052932,5.42821858501495,0.331795433896527,0.50575,6.32054,0.0675365372666613,0.00601793344165614,0.149341032693241,9.1913903432228,240,-3.60961326602989,0,0.434572197356115,20.86602219,0.631977324684232,-1.0036715,0.403344812449954,6.63953112584491,3.92808762472577,44.5483489998673,19.3153078402119,8.99734485952454,0.0558476476173,0.124337783843853,0.258747208117624,0.396921261103088,0.164380555872761,18.9079171595869,136055.069915269,172220.327173653
"PAK",3.475,-0.577790379524231,-0.901008188724518,-0.859885513782501,3.24835085714286,3.51690476190476,1.8773426772058,15.3828802108765,7.46059761562907,371.425620374612,11.6600265926187,11.2244997024536,23.1765995025635,2.50176000595093,473.71632,0.16375,0,30,56.2918947368421,74.6583168126942,0.70417,732.762276312442,3,14.2763333333333,11.1667538354254,18.1117115798568,0.70522514941379,3.58,11.97679,0.640780751739067,12.2535866666667,0.0245449741046198,0.0369894561960991,0.0212116047906635,0.0111432072810623,6.55384063212871,0.125388546,1584.474,56.2006549372729,11.4416838230504,1.9978159574303,0.217965921,28.72709132,0.556711594042445,3.49392657142857,48.1,3.82625285714286,0.0054460171331699,0.301105853578862,9.96818023383049,0.724108217628311,0.537363333333333,6.98233,0.303656982721322,0.162738566508963,0.106576966819524,14.4287631100289,481,0.13140592648796,0,0.356024559794629,21.48054839,0.0233362574126332,-0.52038205,0.984189174485168,5.85536317647655,2.16727728844238,48.8175352873456,28.7918421460014,0.284538353909906,0.389660049723004,0.184271159935592,0.120131486314401,0.0160041864010229,0.0717291743093128,2.36699584113513,159798.249625183,1108993.89756936
"ECU",2.7,-0.494244992733002,-0.718200981616974,-0.957790791988373,2.80419105050505,3.73949910714286,3.89365005493164,6.00277996063232,14.8516702651978,397.349853331189,19.6618316022061,59.8797798156738,19.6662998199463,0.699289977550507,535.37392,0.18115,0,8.9,70.1352280701754,74.697420995916,0.88507,1833.88888888889,2.5,21.7536666666667,12.2684438933664,28.9123838918151,0.761780766420704,2.92945625,55.55038,0.669888035739983,18.0250266666667,0.032969242116996,0.0316756337771089,0.00953377344142158,0.0175897065194469,6.52098005841294,0.24289092,296.728,41.0639217924519,13.0313664356619,8.49599028798224,0.04405,8.09059,0.51717751019676,3.33349317171717,47.1,3.23433139393939,0.00417684773301589,0.751036999909283,7.5380975219599,0.541166503267862,0.568326666666667,5.57274,0.14196823374204,0.0219052465557682,0.0554022375578694,8.98128926154593,243,0.721972039270524,1.19371627751516,0.257431526797518,9.895222518,0.0430944855412001,-0.96216965,0.307683896823901,0.22900173897016,4.53259556020319,2.48643928448437,46.2400925217367,0,0.173131992368342,0.038197535396005,5.9126000950806,0.0768652608642972,0.0372724525324066,9.46311242698748,327673.714173335,29663.7130472834
"KEN",2.775,-0.303605198860168,-0.390806585550308,-0.326221644878387,3.50713659615385,3.73002761904762,4.02242346098974,16.2156105041504,10.7347898483276,397.349853331189,30.6507400234659,10.4975595474243,23.1765995025635,1.29358994960785,200.85225,0.80874,0,0,57.6256140350877,66.8682866754542,0.77704,230.49001814882,2.6,17.355,8.35892323030907,28.4521552166216,0.355264213433571,3.76966,31.63983,0.249361471705889,18.7404866666667,0.25840120978799,0.289609284669713,0.077448609603021,0.0967015614806595,11.0106782505367,0.245612813,375.356,57.7734285444624,15.8389575560147,1.92629846681669,0.0517896488871676,43.23,1.90579945157351,3.60561913461538,35.4,3.71811209615385,0.00703905620334425,0.349358823639358,8.68205466604867,0.488394874916981,0.582926666666667,12.90051,1.04000733448699,0.0159845586589797,0.976976586942321,7.41163055872292,371,1.93748316035826,1.71435428845725,0.111759324704845,12.35578879,0.353485057124359,-0.24720798,0.585010369124608,5.60477828292826,1.59295889249246,-16.4643417970462,16.6057369440402,1.74395261524747,0.452675368729873,0.0102307172939209,1.36660903537723,0.0768652608642972,0.177659465081932,5.64754463498837,411718.754642702,30458.0214522489
"ZMB",2.625,-0.658970057964325,-0.49810004234314,-0.529127418994904,5.15876953488372,4.22420634920635,4.07374933049157,9.38825988769531,11.096868248129,376.840788241987,28.6449335532982,11.5724296569824,13.6907300949097,0.699289977550507,94.4866,0.3109,0,0,66.638350877193,72.3827469476483,0.49584,945.55177442878,2.6,30.1066666666667,4.15861214374226,60.8538009538455,0.165592288130581,3.58,12.97509,1.57794584292247,15.6933733333333,0.0433790009933245,0.103794313381504,0.00755430533087195,0.0359619334585769,6.46556776566214,0.234807712,88.56,61.7133619681594,11.3087811539987,4.43549469027076,0.01597,2.08604,2.28981667545687,4.19747445298281,38.4,4.47328445197169,0,0.238601355984156,5.16694581179082,0.456775999112784,0.6241,5.57274,0.0591401029037791,0.0112917795844625,0.0427746488914237,7.19286359530262,171,-0.205698299350114,0,0.0319910279563947,10.10574566,0,-0.8095304,0.186433537251992,0.224496781846262,0.449464782068721,35.8627278333176,15.9205157016973,0,2.02259151930924,0.0686544470685444,2.68814949724078,0.0634294986316351,0.0442376456508147,0.931388806009958,31969.5802331221,2006.61147946737
"BOL",3.075,-0.639481067657471,-1.17711877822876,-1.21933794021606,1.826018,3.71047619047619,8.31589071412357,13.3869600296021,9.41360949617751,360.504686515173,18.1774014319272,19.0357612047581,12.4324197769165,2.26072001457214,63.0569,0.11944,0,0,69.4608421052632,73.3393459236387,0.59869,933.715220949263,2.4,16.92,9.3402489626556,9.47180870727107,0.351346704442667,3.249375,74.18684,17.3416616921972,18.0250266666667,0.00994358464102683,0.0234417410149435,0.0086250080574459,0.00604043944982041,5.1909153853772,0.172607718,139.158,47.8493409668744,15.4903499380185,14.2053059478602,0.04405,11.09,1.0369677706055,2.71239466666667,34.4,3.12758133333333,0.00886069219727445,0.198156369375907,8.7093937430763,0.582294547411131,0.6635,4.03,0.0798313960914549,0.0177408767541292,0.0558819772640184,2.22768364017879,179,-1.94233302848561,0,0.306336758777126,10.39866978,0.0150336666953035,-1.045954,0.574113388452416,0.384629740793399,1.76420898400999,48.8175352873456,38.0077276791417,0,0.24747732788351,0.0156528537527811,0.491933883102243,0.0768652608642972,0.081305855216385,6.06941597974085,307360.001448807,3626.10892021118
"JPN",1.2,1.63126504421234,1.46932590007782,1.53553938865662,4.49172858823529,4.1127275,3.23762129257915,25.3255500793457,15.5119800567627,532.689457570431,10.5767411882926,64.6288299560547,19.6262397468377,5.12114000320435,5623.00566134843,3.44124934,6639.35850415159,73.9333333333333,97.6641403508772,92.1109686181322,0.94274,7833.45396059509,3.9,26.5933333333333,14.268746203217,16.475455807406,3.36434429592351,4.690025,195.67968,1.00163799370728,129.760603333333,0.286042232880388,0.207336332972138,1.08494910426743,0.19378988815565,1.41129854775376,0.105989966,6572.198,20.8125401557498,21.3390355404808,22.9411764705882,2.723354212,77.96210796,9.0718581950889,4.8139048627451,76.6,4.14094066666667,12.3174321335146,2.99326621087937,13.7740483335937,2.42489587174321,0.770843333333333,74.8747196924626,35.7808940691046,6.64014173036175,0.448245816255163,11.9043887600465,1364,0.118560357361264,0.246507094711124,0.327133977028257,53.66548307,5.0889580271934,2.2851527,11.074133486687,1.13120279104772,6.20901727418718,65.3707322095805,40.115187296576,17.8429979910355,3.25572126862318,0.427748634708654,8.39760169464596,2.15631164886006,1.73233674093784,74.0038242918304,1581584.16788451,481680.88045228
"LKA",2.925,-0.25227889418602,-0.507761836051941,-0.0906768143177032,2.8674648742515,5.04681591269841,1.82774571561927,6.30553007125854,12.9488373292296,378.76482780553,16.3108915219586,26.4119938925782,25.3900699615479,0.494949996471405,94.4866,0.10506,0,3.86666666666667,73.9260350877193,77.1188647446784,0.54937,747.520288548242,2.8,32.736,25.3073263558516,22.3708545257623,2.04984932194877,4.25117857142857,47.00849,1.08978383903493,21.2621333333333,0.0239216996637247,0.0227646881295172,0.00495395945339283,0.0127579739156394,5.52278909153421,0.186051282,314.837,36.9019677328897,19.952389198907,4.18070001942184,0.05109,40.26491,1.21296592880797,3.61605292215569,30.2,3.53153639520958,0.0315270438982559,0.2607458127789,6.23530412088413,1.3879692524557,0.901573333333333,20.01779,0.58073832245103,0.0519173739944659,0.0223154512184236,4.40450199063642,277,-0.988581193810838,0,0.421359619564325,9.402746407,0.0408180671225579,-0.21875101,0.711592155094043,5.07347265918693,4.08086388749372,31.8955111783916,25.0031391260673,0.191382725031325,0.376695128076344,0.154153814406651,2.60232899770865,0.0768652608642972,0.584708896758489,5.477969986494,896364.660824773,32613.5797312868
"BDI",3.3,-1.20011341571808,-0.985730171203613,-1.25105631351471,3.9971125125885,3.72852821869489,4.43794770504428,18.0420303344727,9.92035007476807,413.997479102867,24.8878211972382,6.02545976638794,19.6724605560303,8.63412952423096,22.4816,0.21312,0,0,24.3279649122807,39.1937059337964,0.3146,1088.2070949185,2.6,21.796,6.87333333333333,43.2033152807211,0.635677393722686,3.061875,48.53442,0.883315376367861,30.8268266666667,0.0806217534867049,0.0287572815426806,0.00310057827930566,0.0242964057769758,8.2146966745687,0.288121919,13.174,64.5267784498184,2.74895733659557,0.715814824725716,0.01877,8.80793,0.799886995008946,3.31386375427246,36.4,3.45979571342468,0,8.28850544275187,6.86214230963378,1.74171753013808,0.95173,1.5273,0.0845094228006423,0,0.302327925022675,5.08577501138606,71,-1.41206973920777,0,0.0608062537596604,6.172001747,0.00119103557686049,-0.7999168,0.0411200953473915,0.554125993432137,1.35081446166071,2.48643928448437,9.69408025427096,0,1.19189511323004,0.480252385727491,1.74457886655376,0.0768652608642972,0.0218821229712253,0.612803507959637,11787.7745766268,3465.86618916071
"CHN",1.9,0.679014027118683,-0.356507807970047,-0.0401299707591534,5.20036533695652,5.91695734126984,4.02356966277714,25.2646408081055,16.5924301147461,579.027493995812,13.282940894424,74.5932998657227,30.5260104319401,0.338109999895096,2129.08155809516,2.577284878,12498.6921996685,85.1,91.8645263157895,90.6972771761819,0.92576,6747.70518740969,3.7,42.2586666666667,6.94574080020213,18.3845291304955,9.83443329559448,5.23509583333333,194.67403,0.605169085741427,76.2470233333333,0.188691164634692,0.207689285972793,6.52372085576636,0.171086545247042,2.66214316468858,0.074202633,37072.086,26.9521869043444,47.68587113551,21.8301631657242,2.002840061,79.27463927,7.65740355224465,5.18300335869565,81.8,5.31470222826087,1.54084857212041,1.419224413971,17.9768799594813,1.15748750191608,1.07819,59.207239497093,44.0721809014605,1.84093818999017,88.5081625883207,20.3658623364221,1455,5.44568911179723,3.59592429833507,0.329586043756494,48.39965583,0.370312918415165,1.3950942,23.8937626560926,2.7043112095649,18.3496472383073,62.7618002821142,202.332963008877,9.25025592665104,23.2797761215246,0.613310278465884,0.747679427502467,0.407667975966516,9.50602571463628,26.8120264990068,3421627.13517133,735483.403951405
"ZWE",3.9,-1.17033493518829,-1.33835864067078,-1.27714252471924,2.90993299492386,3.73949910714286,0.384771297211919,8.15983963012695,11.6127775340439,402.619963973593,12.8333280712279,10.7003622860638,30.2240295410156,0.466899991035461,187.83669,0.08969,0,0,58.1509122807018,62.1881531807908,0.41003,533.700980392157,2.5,33.4393333333333,6.14200298953662,21.7933063601371,0.920754534110321,3.20518518518519,8.25505,0.601444535416634,18.0250266666667,0.032969242116996,0.0253364086479928,0.0086250080574459,0.0183952397162544,47.5443414971126,0.254027683,86.162,61.608063905443,8.95708750364462,9.53812820007499,0.0493557253926562,21.07,1.6452612369602,3.68070951269036,36,3.4589943248731,0,0.0495549422886108,7.97940994152588,1.27037106255813,1.16076,6.32054,0.375570928387105,0.00128943153594392,0.0969215299063496,6.7082936793482,195,0.9709369660059,0,0.0922255254931739,8.314228317,0.0438116869404946,-0.8866535,0.139518972986108,0.854018565596626,2.48361420385021,46.5419253172139,13.4720926569826,0,0.314994972195636,0.436015864168403,0.541252360536857,0.0768652608642972,0.121094022724774,6.2139679500188,66620.3713577815,5785.11105594734
"KOR",1.425,1.40480732917786,1.122523188591,1.24850225448608,4.30912452261306,5.86126670634921,4.86627006530762,38.1745796203613,16.5924301147461,523.513437458543,11.4934016890977,102.813056945801,30.417982241169,4.36246013641357,9480.32265774564,4.958960136,10096.7919453964,76.9666666666667,99.5733333333333,91.9069739224724,1,11623.1379377056,3.8,32.1976666666667,8.41124602486268,17.5485064818271,6.97808254735438,5.3981875,176.11808,3.17741563689535,117.532983333333,0.662612805298286,0.553069592005565,1.1020058156956,0.517029096662845,4.44716053305661,0.093536453,3258.366,19.9106308254749,41.3995727649914,23.1360073127978,3.927088931,76.05335634,7.00575369447141,4.83872295477387,82.5,4.56025925628141,12.1307323676951,1.52066806891111,17.6628443691775,1.1887739228211,1.1985,81.9122211543954,61.5564267244975,6.57567750215906,0.772909272367109,21.2060278065754,1004,1.03380935892074,1.60954593240421,0.261398936356704,57.00858397,1.08479771247431,2.123311,19.7124552837356,1.7930043510486,12.451246332304,70.3573969508096,85.2725036560219,17.7972711674036,16.4545943176354,1.03632346543251,5.26702328260053,1.70940431948262,2.70946562461305,50.7013467629687,3509118.50596027,932856.254861521
"IND",2.3,0.47511014342308,-0.136969581246376,0.188364565372467,3.61658227027027,5.94048119047619,4.09865814174589,17.9465103149414,13.3617442652954,406.75849314611,18.8193889009923,34.4184659748952,27.0856895446777,0.106820002198219,259.26325,0.64558,1273.99911297666,51.1333333333333,87.8928947368421,81.450267944453,0.81842,1365.38501921421,3.4,33.34,9.96866781580891,10.4381382616786,0.898371808827245,5.9881,50.14216,0.446289901288334,106.032853333333,0.129386646368524,0.135266053797495,1.43851733922189,0.0755169755575548,7.5684334895189,0.089658277,16019.97,41.7181523329287,11.6168877138471,3.04795052250107,0.235684515601655,40.55734,2.3337616204965,3.54721789189189,52,3.76638321621622,0.155476351432069,1.42688048894949,11.7641091094749,2.67725610694308,1.22948333333333,30.6730142239807,3.41044757028525,0.225794630077335,0.5324673838484,7.08990091741745,925,1.69310552864245,4.02043857542343,0.294871320117601,35.08560141,0.151753639339439,0.49066436,5.11126678961902,13.6339798815437,3.95949816488372,80.6905011585881,32.385571823164,5.71829799326861,1.67006594215974,2.21572651974031,2.5146100142318,0.0555186843193812,1.84035437740847,6.49222093715787,347137.053041442,466261.662493114
"BFA",3.6,-0.826227486133575,-0.485633552074432,-0.741778969764709,3.83821678161621,4.73992063492063,5.32757840997187,16.2494602203369,7.27540016174316,360.504686515173,17.5436934870436,10.1078796386719,25.3375301361084,1.85845994949341,32.94427,0.25126,0,0,39.2659473684211,33.2233699306427,0.33764,122.328042328042,2.3,19.59,8.69439071566731,2.020444006198,0.110251846718433,3.249375,31.57739,2.8467837946076,18.0250266666667,0.448059087370992,0.043031789315267,0.0086250080574459,0.343785005506434,6.56349534663773,0.235432252,68.58,62.1486454945986,12.2414518429978,0.78069509689207,0.00973833261557792,4.6,0.414120455265829,2.8129186630249,42.2,2.71974635124207,0,0.00777800567260982,5.71514773765883,1.45446277723656,1.23037666666667,2.18339,0.0945015829015136,0.00729075532225139,0,8.4135316418781,150,3.45823482113591,0,0.0297695861816815,5.59502914,0.0136185157449993,-0.5773888,0.173820689194169,0.850387467106031,0.488258178324487,2.48643928448437,6.20560394386606,0,0.283504748704541,0.14492929656948,1.74457886655376,0.0634294986316351,0.0143153731893192,0.543509381918077,10492.8524511629,2560.31263003642
"TJK",3,-0.772318005561829,-1.17822289466858,-1.27723121643066,4.33421468734741,5.03984126984127,5.43682120015444,8.15983963012695,11.6127775340439,382.650010086047,12.8333280712279,35.6398418742497,22.0360698699951,0.843169987201691,535.37392,0.08969,0,0,69.4125657894737,79.266151183651,0.4476,2159.79899497487,2.5,20.3833333333333,10.803664921466,67.0762470166579,0.0387995421654024,3.249375,12.40895,2.59984467000866,18.0250266666667,0.032969242116996,0.046840533378181,0.00240798396777831,0.0183952397162544,2.41157281340128,0.233755228,56.367,52.9186079012787,23.3062592450931,7.25909175853035,0.0278,15.50052,0.272108843537415,3.29608154296875,39.2,3.18333196640015,0,0.00257615740564096,7.20980480310222,0.298234443124995,1.24339666666667,6.20438,0.424589815909987,0.0177408767541292,3.43747280480376,2.80305852715241,79,4.74626418925402,0,0.0510464352301747,4.307008379,8.30713470725034e-06,-1.0141605,0.857393943849584,0.169291098199055,0.0387995421654024,2.48643928448437,13.6424882101954,0,0,0.0454976906580871,2.68814949724078,0.0768652608642972,0.0713875863993929,2.10070419822945,43615.479278452,334709.3390816
"PRY",2.25,-0.462065368890762,-0.0789393484592438,-0.582174599170685,3.94218976605505,3.71047619047619,3.40649008750915,13.3869600296021,13.8489599227905,359.674409806403,15.3586141131596,56.2770118713379,17.8405494689941,7.0160698890686,133.19638,0.11944,0,0,76.1168596491228,76.4831139543648,0.67115,6505.89970501475,2.7,23.0383333333333,12.6152758132956,81.3991800705918,0.383691445348992,2.5825,52.55267,3.21627115462839,18.0250266666667,0.0578519771601462,0.0084126845350676,0.00221562205807751,0.0113831416843544,3.2762143441969,0.249188693,127.416,44.9855191991991,20.1632742120218,9.54634317823625,0.0278,0.76,1.18973341591704,2.69323511009174,34.4,3.29204760550459,0.0194216240362019,0.0951652340690209,22.0217849545059,0.0115399699773943,1.33767,2.18339,0.0633403912626455,0.0219052465557682,0.0633403912626455,1.77371758648835,122,1.25029211857441,0,0.0468327461470262,1.689737942,0,-0.44066167,0.894995433359119,0.0846264465008915,3.93700787401575,2.48643928448437,119.027759241959,0,0.0917523021486721,0.00219808951950368,5.9126000950806,0.0768652608642972,0.0806538258489942,11.0026299178113,195135.444838363,34781.3140035637
"TUR",2.7,-0.247911587357521,-0.229510217905045,-0.511972904205322,3.08003441176471,4.22675044091711,3.06467105197125,10.5356798171997,19.8307991027832,461.724536665477,15.451477310999,127.577972412109,18.4952964180627,2.94115996360779,2701.79077889506,1.422234108,285.089316364831,33.6,93.2616666666667,84.9124483394202,0.92253,3823.97749912106,3.4,30.1926666666667,18.4817509013853,18.7976229667731,1.04316933088269,4.81277777777778,49.58649,0.230811841283796,28.7424466666667,0.0843557301151955,0.0659349143013907,0.117327017531729,0.0472032950048078,3.45749037178365,0.074843817,3456.771,35.4066619395413,24.5648811861744,12.747985232219,0.926575588,52.59867383,1.44822123923453,3.60069853475936,75.5,3.93964026737968,0.305385031175191,0.91149514604766,8.83563842423043,1.12837770959121,1.35288333333333,64.0077559394967,2.76002040572239,0.55400904485718,1.01326860130489,13.0373114099835,647,2.29344112622231,0.326367841980249,0.357931539623167,30.28799741,0.120274905248585,0.6080265,2.1920737328801,0.934484399723939,2.53851091925827,60.1141013965227,111.687462929198,0.765107910950363,16.0032976233192,0.116953190358486,2.34386835189844,0.102789521348338,2.90162885620574,52.5051064329937,387672.546609106,814793.37744724
"MAR",2.325,-0.0359151102602482,-0.0642079934477806,-0.127505928277969,5.02414805102041,4.06688273809524,6.02096928801329,21.2087707519531,15.1024599075317,356.509747151194,20.3557105854321,47.4687004089355,24.5713195800781,1.79668998718262,1083.42555,0.614792318,0,0,91.0428070175439,84.3341531242426,0.56184,1150.89852008457,3.4,28.8583333333333,13.9818584070796,8.44477413037394,0.740235654949364,3.72558464285714,81.53062,0.611956051334519,49.1841033333333,0.0856053015802717,0.0525825698825172,0.00603656676134055,0.0454054064803277,4.30950179829124,0.123723654,396.685,41.3301383586678,22.6044620194147,9.95751572556216,0.1,25.91,0.643557559131669,3.48556866326531,36.7,3.77642478571429,0.0216393341267756,0.259863365684947,8.27391765970928,0.975417583494658,1.36839333333333,6.98233,0.822484061054849,0.168768166177193,0.161642133122674,15.0648499439102,286,2.18486945827541,0,0.245546135039748,48.17134204,0.00665367131800412,-0.36627805,2.59645710756377,3.51867295165779,2.98482118931195,64.2015013752809,58.4016746836753,1.90817748833016,12.0109204657913,0.359230210775185,1.29816864295025,0.0575163346964047,0.0881634487872453,9.25680756483629,324737.131880073,79160.5675792391
"TUN",2.85,-0.300515085458755,-0.6191326379776,-0.138983190059662,2.98568698969072,3.58666666666667,6.73398856321206,51.0610008239746,14.3456296920776,371.425620374612,14.6433531246855,38.1219482421875,37.9281005859375,3.10409998893738,1703.91532,0.74658,0,0,78.4831929824561,82.3945565879896,0.59507,1708.66773675762,3.2,12.5603333333333,11.6509519492294,1.98332175963104,1.75907186896974,3.50875,81.7126,1.19543085598163,18.2754033333333,0.0849269922941092,0.0791916385762385,0.00755430533087195,0.0435442630172688,3.11842913882108,0.163329575,176.873,37.4586652677467,20.4876367270248,9.95751572556216,0.07,18.94934,0.271088481212864,3.23353765463918,42.6,3.36001516494845,0.0201199146915617,0.141518311527883,8.78228969017107,0.728013156896077,1.37015,5.24184,0.917776627288558,0.0738914362282542,0.161642133122674,28.0370661435041,292,0.499748567494944,0,0.307111587709808,21.89367436,0.132631653351257,0.3043773,5.91238966694178,2.17613246258464,5.87730032475173,36.4098419850825,31.2808867134184,0,4.63594860450887,0.391217239439659,0.933445891350399,0.0591646836386042,1.48797038640815,15.0164855613254,560675.133353914,17139.8706984972
"MWI",3.025,-0.859506547451019,-0.772310614585876,-0.155495509505272,3.580186,4.73992063492063,3.32295989990234,16.8033199310303,9.90490643773586,376.840788241987,68.1337417400881,2.70813684546823,21.7630405426025,1.65798997879028,28.66941,0.08969,0,0,47.6708771929825,36.7339170076123,0.46247,628.776978417266,2.5,14.5323333333333,9.30073349633252,46.4748436179766,0.312093628088427,3.3324537037037,8.14487,0.87249658455203,15.6933733333333,0.0508768572720629,0.0352136025718012,0.00296920216582444,0.0462837390146793,4.99955846449336,0.248014672,40.074,61.8951401907777,8.95402194365139,0.593245432805679,0.0493557253926562,0.8253,0.538014759445949,3.869108,35.9,3.784233,0,3.08828312213912,6.5442564812043,8.07704536621549,1.41465333333333,5.57274,0.127551020408163,0.0124769177022508,0.120726903037235,18.1414383390727,195,-1.52673061169173,0,0.0464059876697662,7.275203935,0.119423107577068,-0.7134903,0.128895881149996,5.90134134962935,0.46814044213264,48.8175352873456,8.89466840052016,0,0.38755483900972,0.262932964333387,1.74457886655376,0.0634294986316351,0.00858448696248504,0.644302863820941,27184.2643737908,4425.2834300459
"DEU",1.55,1.18541669845581,1.45697498321533,1.55120778083801,4.38370929963899,4.91977488095238,4.47499133925052,25.3255500793457,17.0788497924805,482.349069356082,11.3628759285885,76.3156814575195,35.9326244279939,12.6853103637695,5997.46138347707,3.105254984,14242.1627333333,72.8333333333333,96.8748771929825,85.7844342743873,0.92384,6088.02650260293,4.1,21.7693333333333,17.0998614732725,23.9870421652114,1.56439130237235,5.097125,81.80798,0.230811841283796,53.6398,0.352356723985242,0.200990516111284,0.710302546154258,0.160675338835831,1.34026671910679,0.089354246,6017.222,23.3916196519406,47.68587113551,16.5700271072673,2.119363047,62.77857639,6.10714928656876,5.13623410830325,89,4.82109706137184,4.44455222048126,1.08323002342636,11.8294544521589,2.99099916499846,1.42899666666667,61.7452357071214,10.8006474024008,2.82743370611887,0.93781795576787,17.4954488965174,1797,-0.265972946432877,1.76976297976883,0.476899774801078,56.863832,2.7131676554607,1.9266979,13.602878533961,2.42143969419931,7.28523398736677,75.5601349641298,47.4795227764176,14.8717025465284,7.39108097856394,0.974649823752264,3.11490066862619,1.83102596793594,1.83505078134566,456.519746884127,3731319.44269929,354954.310606697
"SLV",2.4,0.0504390224814415,-0.307905405759811,-0.369357317686081,2.91963896808511,4.42349206349206,3.17218995094299,13.8670701980591,11.1111402511597,360.504686515173,23.6931891197259,32.3802604675293,22.3701801300049,0.467599987983704,57.61826,0.1428,0,0,63.2873333333333,66.2256699674422,0.50897,1165.61514195584,2.7,21.0343333333333,11.5962732919255,27.4477239287349,0.300529683567287,3.6525,61.6065,0.424038842373662,13.1637166666667,0.269010924821226,0.112435086131239,0.00221562205807751,0.0607794594284637,2.07217157310763,0.233755228,84.22,42.2390029507487,13.7970611192181,5.37838747826754,0.0518781118685258,31.49,0.378721490912353,3.1137355106383,42.2,3.26935131914894,0,0.941805402753372,9.83017095981403,1.12130564157607,1.55467666666667,3.54,0.112698631337733,0,0.0500882805945479,1.16361909285205,90,1.08382795378988,0,0.0414330956314083,5.59502914,0.0021482057972228,0.08549129,2.16593150447798,3.08018191949398,1.91587673274146,35.8627278333176,76.1341865037128,0,1.13950838352596,0.125861280501413,5.9126000950806,0.0768652608642972,0.508970179149259,9.04126819469664,347132.696079384,9437.44871374446
"USA",1.5,1.21720099449158,1.39373278617859,1.3276778459549,5.31741411928429,5.32273916666667,5.38242927838381,23.3894901275635,15.9230003356934,489.413226767651,14.545969187823,79.361930847168,20.357335799095,5.3015398979187,5041.47879892556,3.447162913,36142.7937877571,97.6333333333333,99.65,95.382634472924,0.91358,13177.3216789475,3.8,21.768,10.1135743979191,17.5323356322518,0.183797501688718,5.62641,191.97903,0.446289901288334,184.876453333333,0.629230682950447,0.580494082933326,11.4255345628103,0.457569542630387,1.1630886035083,0.091044587,29167.779,30.3135541189209,52.2989028577364,28.6733086567984,2.703357984,69.63712015,8.47767584843186,5.50964690854871,93.9,5.18134897415507,2.90053175148615,1.61170964851821,19.2714801067794,1.75079764316822,1.61333666666667,79.4870712313192,9.86593965345423,1.80840500060015,0.314293647911778,11.7930816741309,3213,1.76884543766268,8.45464714201018,1.26297712317813,45.31345016,4.09396482693498,1.4802996,9.9820553330888,2.05608537693006,1.05909928401945,89.7873201600379,17.217839721003,21.1219440697848,0.707268659098923,1.76509117585412,2.1029679669363,3.59144542530875,2.60973759985095,401.015522065249,3793118.46264557,838200.407535074
"BWA",1.65,0.430828422307968,0.497434794902802,0.390436381101608,4.80367,5.03984126984127,8.05833660991541,8.15983963012695,12.1942100524902,397.349853331189,11.7090648210668,20.5658232475186,18.1385192871094,4.24235010147095,87.47972,0.06975,0,0,84.6878245614035,79.162762720659,0.39852,969.58174904943,3.1,30.225,14.0985915492958,0.0601345935410432,0.231311924129689,4.91428571428571,30.08313,2.99091540519241,63.848,0.0508768572720629,0.046840533378181,0.0086250080574459,0.0183952397162544,0.692189062969433,0.155236006,53.642,51.0472760285123,21.7646193149025,17.4590507429328,0.04417,8.09059,0.62766391584479,2.33853102564103,43.9,3.4520958974359,0,1.17921767063616,4.67719160158715,2.14605327820486,1.74034666666667,6.20438,0.212035930452215,0,0.231311924129689,8.55672793706424,160,1.04865990359908,0,0.122354800593158,20.12242622,0.007335797497959,-0.87245,0.397754055665514,0.438534429561765,0.462623848259378,-16.2611684721944,28.991094490921,0,0.250587917807163,0.205230942482061,9.65817155359416,0.142803457728228,0.267533447541735,10.6208258432009,127138.781540432,10.4005872163791
"IDN",2.175,0.58032637834549,0.301378756761551,-0.153604462742805,5.40398933333333,6.04663888888889,1.27517088245674,10.5510196685791,13.1322711631193,368.986175455869,20.2183981179812,44.8813032250905,19.4186992645264,0.0955199971795082,395.34168,0.28068,198.456860180147,42.4666666666667,80.8054561403509,84.6000707936389,0.80346,1379.23828054625,3,30.247,13.2289590679135,5.24399548528334,0.818045728894663,5.73604166666667,36.01284,0.0048275958964493,47.29207,0.0457642914146182,0.0478727945494078,0.11829574727327,0.0157010691136793,1.73322857532215,0.09118409,4658.321,40.2024644034337,11.1322378110513,6.18876017366026,0.01661,7.96831,0.600129588112796,5.16310615942029,48.5,5.02413856521739,0.00113294452565454,0.788647157189943,9.25207317355374,1.96781201620494,1.7439,7.51361,0.388029587140672,0.00694031175610268,1.0069852246546,1.59735664416428,349,1.09554710454062,0.69877222437355,0.540900319803673,29.43553768,0.0673433834498279,-0.18175171,3.70068328120043,0.99627445950883,2.27511759118984,75.6015318386339,27.1789118607634,3.21377472333846,1.10618422731244,0.0255626338395382,0.531250025998675,0.142803457728228,3.08734385808168,10.230288860582,292680.589611509,189655.826428194
"COG",2.8,-1.33428740501404,-1.23940634727478,-1.02058732509613,3.66311970658683,4.09332341269841,3.34005209256916,11.7636604309082,9.41360949617751,363.761370876835,26.1709820744599,10.3812103271484,15.1306400299072,0.467599987983704,126.96941,0.38339,0,0,57.5064912280702,39.067467667153,0.27604,839.195979899498,2.6,27.466,5.07651715039578,13.6090704718504,0.286659891069241,3.6525,13.79005,1.04996621459078,11.6977866666667,0.0430509261489152,0.076488226843561,0.00240798396777831,0.0299939009788101,12.8273222461386,0.52647806,40.403,59.5027818910444,7.40380283072377,1.52879373519425,0.0278,11.09,0.435828574586686,3.81312274932861,42.2,3.34313726425171,0,0.259416402101711,1.72121476191142,3.16918003044176,1.76474,3.54,0.104239960388815,0.00618765933222781,0,12.6723263124025,146,-2.74869122617356,0,0.0318491279344638,27.32233165,0.00407596546756024,-2.1804597,0.298113736140345,0.215014195987604,0.807859693013317,2.48643928448437,1.09451958408256,0.254728606518737,0.20847992077763,0.504514052407094,0.541252360536857,0.0634294986316351,0.00864075394849393,1.38782480810433,16789.0825175229,43.8837458661621
"JOR",2.35,0.386213511228561,0.217705458402634,0.257768124341965,4.90692977358491,5.12214047619048,3.16022992134094,16.2156105041504,13.1090497970581,359.306981131901,13.8143509691225,33.0567016601562,23.1765995025635,10.2570400238037,576.00927,0.69547,0,22.8,90.9260701754386,79.8508069420657,0.75905,1998.22852081488,3.3,18.7926666666667,11.7573616018846,11.972948793803,2.29460346383891,4.26209375,82.00943,0.856485084496182,47.0049266666667,0.234290612297012,0.0976667856562517,0.0101440728543135,0.0967786499120369,1.7153938570658,0.109456871,124.284,48.8726797818602,21.2353204749735,7.79734015446499,0.182434113885426,28.72709132,0.450614163612355,4.77993722012579,57.5,4.97532729559748,0.0590452384935591,0.137664681826873,6.68756336736973,0.199791669406023,1.85433333333333,6.98233,0.177156885075798,0.162738566508963,1.0069852246546,41.5580444787744,281,0.3444871624806,0,0.298339612803215,20.47187649,0.0845384245789376,-0.023868486,1.09489936589519,0.131706120588591,6.88381039151672,30.5409028386101,33.1114654248813,0.680484023310106,0.843604214646656,0.010574855544841,0.263933755794501,0.0671729252739746,3.36683789317214,12.6634790767031,234299.28489505,813801.116409604
"TZA",2.5,-0.455080926418304,-0.588394701480865,-0.373498290777206,4.56830193939394,5.03984126984127,3.15504437906936,10.5970001220703,9.35655188158193,382.650010086047,23.4032224591061,4.01880516037168,13.6907300949097,0.419679999351502,200.85225,0.5772,0,0,61.1499649122807,55.0703761109536,0.4791,162.959667852906,2.6,38.0716666666667,6.7025171624714,9.07011031371316,0.256196759110997,3.3324537037037,16.38668,0.130932455230978,9.44239,0.00956538709658057,0.0258449614087934,0.00782506752053289,0.00194489392921253,8.543077769966,0.218977109,269.672,62.4832392725391,3.101280169335,0.144468923089442,0.00874,2.08604,0.971050002152686,4.28011848484848,35.9,4.15270415656566,0,0.0363914328973049,8.60566251578245,0.250797388705718,1.88004666666667,4.32809,0.00866123318638108,0,0.0053584824777623,6.18529176184402,245,1.54909202481623,0,0.0108234307626033,6.86634266,0.554025093020212,-1.0032604,0.315232502176608,0.290940391643607,0.504387369499776,35.8627278333176,10.4115314542921,0,0.330410471470327,0.116702140764799,1.36660903537723,0.0634294986316351,0.0847875682745861,1.28529719916615,31175.0492556889,2006.61147946737
"CMR",2.975,-0.906262576580048,-0.913473010063171,-1.03819787502289,3.66311970658683,5.41761904761905,2.83907623667935,10.5970001220703,10.9454803466797,360.504686515173,16.9982810012533,16.0404396057129,31.0328197479248,1.77322995662689,41.39064,0.25126,0,0,60.6084561403509,42.4677475942319,0.39885,357.219634539592,2.1,19.7606666666667,9.36757775683318,38.8851453869986,0.299926322446877,4.89625,14.09109,1.04996621459078,13.1637166666667,0.00958468916187211,0.0453759483528266,0.00481596793555662,0.00703089708557703,11.5996997687308,0.235432252,163.156,61.0336333768049,27.2241316356393,2.23650047296605,0.00973833261557792,11.09,0.652947094634704,3.90276606586826,42.2,3.78577751497006,0.00775061617398583,0.190242980636679,5.00087653310492,2.59326142942138,1.96502666666667,2.18339,0.280365910113385,0.0245164137389983,0,10.2968937703793,200,0.401336911192249,0,0.179966846803148,5.59502914,0.0415589134250125,-1.3758762,0.0765106628909691,1.53812656551841,1.23882611445449,31.8955111783916,4.82490170892802,0,0.410768659003332,0.436015864168403,1.74457886655376,0.0634294986316351,0.0120223497316064,2.76531704541981,77678.1488531729,23979.5943889345
"ITA",2,0.611036896705627,0.644031763076782,0.390358686447144,4.07886464516129,4.22042051587302,3.95585499648232,22.7849407196045,16.839879989624,476.773706230324,10.0423317337566,75.9496536254883,23.3806973486402,4.80108022689819,2888.7057890079,1.310837998,878.376033333333,55.5,94.6954736842105,87.8634411497524,0.76239,4453.63620952704,3.7,23.1926666666667,17.7145469172822,18.8669545030481,6.83733553050945,4.55955,63.46744,0.00305698388338293,26.3881866666667,0.136469334194205,0.104275256951128,0.264967071150647,0.0825969339194326,1.34026671910679,0.071893009,3597.954,21.73690404538,37.4569096994438,14.9306548942107,0.761145497,53.20179244,3.21902358733093,4.41199348387097,74.4,4.42681903225806,1.68154466196696,0.76384528287286,9.33460320745731,2.11167577181944,1.98391333333333,42.9149940136629,3.87733592013387,0.974798093583186,0.48502510069356,21.2278978552811,1416,0.339122303123034,0.184989654809304,0.603414724013675,35.11549965,0.744922854071951,1.4565064,7.73971295042159,1.35309363484607,28.7671739137286,62.8035050407985,36.8008855933794,9.66074889504256,14.5991695843137,0.518603762885189,8.57455904246261,0.996124337160279,2.34397632779903,154.637791286605,1226741.2283356,210043.127193058
"JAM",2.075,0.407290458679199,0.0980334356427193,-0.174516573548317,4.37813364705882,4.54095238095238,5.65453693979426,31.7025909423828,12.5829696655273,396.661229047105,14.7297943567671,26.2334098815918,16.5773391723633,0.67833000421524,87.47972,0.28444,0,0,86.8884561403509,77.1032676204806,0.56772,1568.90459363958,2.5,24.464,9.62909090909091,3.8049567393834,0.214961306964746,3.6925,49.14323,0.271392168371606,81.32834,0.0745094895144714,0.0643179827901443,0.00296920216582444,0.0430535948406234,8.00822939988168,0.225881483,33.775,34.0500451697293,22.6044620194147,10.6775519565294,0.05014,25.91,0.675415293333315,3.64761452941176,38.6,3.59094258823529,0,0.698117700727718,4.1784970370356,0.944905926181028,1.99638666666667,6.98233,0.0614175162756418,0.0518134715025907,0.0241085850671424,5.56624722427831,146,-0.405173899013311,0,0.0701715665422118,33.87357402,0.0671796538730945,-0.43110257,0.106003291602589,1.4965605468868,1.9039430045449,50.1605884222557,81.439626581501,6.56105809320856,5.02692998204668,0.0462199334182836,0.492001531108765,0.144864890563214,0.0373930868837257,8.73967580937238,163123.132076027,12318.4631459898
"EGY",2.825,-0.239516973495483,-0.665456295013428,-0.184178426861763,4.0569665,4.06995600198413,3.93084823437948,9.43795967102051,12.8423099517822,400.827511650958,19.5794566997467,38.9542999267578,11.9448204040527,1.32646000385284,845.3181,1.03356,0,27.5,86.1512280701754,77.0753106524832,0.70016,1853.70830376153,3.1,13.5623333333333,15.2536489151874,5.89133101041611,0.609978111441823,4.241575,29.25218,0.498400857341037,10.1327733333333,0.0486228798618179,0.0407990935151929,0.0483085540161214,0.0230307878383167,5.3633290546452,0.107901026,2231.822,49.235169689024,21.2616525429755,5.89928460279808,0.02815,3.93125,0.892720856994546,3.959833,49,5.0928875,0.00520652249998698,0.488144278464795,7.55966040298548,0.938481192549005,2.02744666666667,6.32054,0.327362770233257,0.0307102448134305,0.0117756392170236,10.8252360627326,452,1.08424422023641,0.28912262847164,0.354474190804055,18.46430567,0.0618530931458611,-0.19998606,0.877749164143949,1.96529002674968,1.46065028847961,52.5098111876654,22.3176624696718,0.899301479729613,0.947323065519213,0.103551764083989,0.538451914669048,0.0612226488235062,1.1915949654051,2.96418441574335,236862.55869915,64053.0139704136
"SVK",1.625,0.229512304067612,0.601919114589691,0.603365182876587,2.97835823232323,3.39591412698413,4.52452627004452,23.5783290863037,15.1549196243286,457.708236339503,12.5723533378287,53.417610168457,21.4083377872795,15.2204103469849,3563.29732286667,1.041273424,0,10.7666666666667,95.6745263157895,85.3307865588218,0.70969,5303.79746835443,3.3,21.0366666666667,10.9390454284071,34.4521032861016,7.94651013296343,4.412155,61.77218,0.230811841283796,16.2010733333333,0.168713408195276,0.129044226356636,0.0283175480512418,0.106209299156677,1.34026671910679,0.172444099,247.54,25.4901889155906,40.2090964590965,18.44334345533,0.580650722,47.14,2.08503414620585,3.52566619191919,39.4,3.74260631313131,0.174879527436655,0.677666156236347,12.3304414761152,1.07576234459141,2.05750333333333,33.2918053803685,1.21798558717055,0.335474266785166,1.25604763676963,17.5931162640381,381,1.52355852690089,0,0.331451568105046,55.23932109,0.0524854407506319,1.4504567,8.71756352895714,1.8044375793434,16.0114355313462,55.1757923964389,46.9643400886423,0,1.61975166627195,0.389360218086871,6.77401048014688,0.497936547837995,4.77108084003973,130.277328079487,1290370.87430951,380557.995199166
"BEN",2.5,-0.218984127044678,-0.295836299657822,-0.505709648132324,4.83436142028985,4.73992063492063,3.74378155919374,8.15983963012695,10.0140800476074,367.541409684511,16.2157742250768,10.2350101470947,21.7630405426025,3.08688998222351,41.39064,0.08969,0,0,56.276947368421,54.5912811426885,0.52016,74.9063670411985,2.9,38.2246666666667,8.69439071566731,0.499382967832755,0.171591338069254,3.20518518518519,18.60834,2.12097362515605,18.0250266666667,0.0163827450345532,0.0339529591648058,0.0086250080574459,0.0139617315799501,9.8202059066325,0.235432252,63.541,60.9383346997912,4.64042589961247,1.09148850540126,0.00973833261557792,4.6,0.219305965770733,3.60153220289855,43.8,3.81116220289855,0,0.00363174454471893,5.63616091725479,2.35071454969096,2.10714,2.18339,0.428978345173136,0,0,7.96336223855463,134,2.81408472524313,0,0.0554643602264085,6.488472824,0.00792090983806007,-0.5983965,0.0574276970106848,0.330391937895782,0.686365352277017,2.48643928448437,3.55194069803356,0,0.0857956690346271,0.116702140764799,1.36660903537723,0.0768652608642972,0.00966528331359959,1.89350794137963,59643.5468248277,1531.62979096952
"KGZ",3.375,-0.890727877616882,-0.616720378398895,-1.1741224527359,3.38155194117647,3.72852821869489,6.82694680798777,18.0420303344727,12.5527264641832,405.131846233508,12.8333280712279,53.1743590503791,17.6440296173096,19.4542903900146,535.37392,0.05876,0,0,87.0732105263158,83.7955471165081,0.60723,2041.17647058824,2.3,21.4533333333333,6.87333333333333,48.8829163033496,0.0594601022713759,3.5918125,21.64641,3.15184618945026,4.26030666666667,0.139735831603394,0.0267974595686581,0.00240798396777831,0.0409178798352087,4.1337734967557,0.381620109,55.01,48.0321478923679,20.8723448806073,11.7340331434736,0.0278,6.9331,0.562473505288242,3.25093241176471,35.8,3.54755823529412,0,0.144470191744788,11.7303426006053,0.653783919765369,2.13454666666667,13.18,1.4865025567844,0.0254499181966915,0.356760613628255,4.69005635339029,122,1.56297304620556,0,0.0550492447230541,2.256493882,0.0431548298701962,0.059186075,2.11795118252989,0.531503592922495,0.237840409085504,2.48643928448437,20.3749950449915,0,0.218020374995045,0.785656210058012,14.4742746085696,0.0768652608642972,0.492987476634472,3.90170425202272,361685.100705801,115230.174427037
"CIV",2.175,-0.359512031078339,-0.116081379354,-0.461197137832642,4.65868822651934,5.10960317460318,3.42992997169495,10.5970001220703,10.7347898483276,397.349853331189,32.0063118530609,11.5724296569824,13.6907300949097,1.35794997215271,200.85225,0.06975,0,0,74.4985263157895,74.2757860773299,0.52194,442.471590909091,2.5,25.635,11.1834030683403,11.9310697477111,0.267472650921443,4.23625,22.4326,1.18964358973849,13.1637166666667,0.0508768572720629,0.0471635663640531,0.0086250080574459,0.0183952397162544,5.53087367084739,0.235432252,244.611,60.1612831040585,4.67331174124293,1.82416158945496,0.04417,2.08604,0.411131299769481,4.02055385635359,43.8,4.11119869060773,0.00558104231546284,0.0779899823720508,5.77218361989992,2.36444407091145,2.13785666666667,6.20438,0.0757839177610756,0.00102203089803811,0,1.77833376258631,147,1.58903934807211,0,0.0201478954504811,5.59502914,5.40134476200271e-06,-1.013524,0.565626127192952,0.446269906926188,1.35519476466865,35.8627278333176,4.50245629051096,0.479960612599778,0.735549790033969,0.0686544470685444,2.68814949724078,0.0634294986316351,0.0431123846404274,2.36900893146781,26430.7969423166,1599.27143970178
"NZL",1,1.5299768447876,1.91022837162018,1.70570802688599,5.09694696551724,5.0947619047619,5.23012018203735,16.6581993103027,19.1328506469727,494.685503030926,14.8468037235504,76.3811416625977,23.0143101945104,14.8859901428223,5101.03982734942,1.463769206,176.977119862789,52.2,94.5976666666667,85.865278576162,0.9453,8506.66666666667,3.6,24.5923333333333,11.0373291272345,42.2551436035178,1.52249284753064,5.05989583333333,142.58175,0.446289901288334,50.0517133333333,0.536780026664428,0.467738425029424,0.108469970870779,0.312314942947907,0.688900197779959,0.233138047,283.908,30.6498278051425,51.8983423894353,21.5395003376097,0.863891186,50.13318113,4.20706082911331,5.0187564137931,79.6,4.81594468965517,1.24978860836245,1.5884109107416,12.2640428037024,3.47705999777504,2.19818,46.1538461538462,1.12563452234493,1.09843223861251,0.105072699800992,29.8653084802119,758,0.0964579309303693,0,0.242964375143177,17.5317864,1.76781693820421,0.22453047,2.05105300498705,1.92093558789818,3.55729371484647,65.5656799050173,73.5486710657811,2.44890919048851,1.05347846322025,0.537796291523353,1.657848753353,1.85718996196159,0.455551991218106,297.945775721008,4142568.95305473,337759.65794425
"KAZ",2.3,0.146814674139023,0.0659545287489891,-0.446781367063522,3.64886907792208,5.06283247354497,4.87248905777363,21.2087707519531,13.7027358013636,411.629974336497,9.94292742829665,53.4564204414133,24.0615406036377,5.50775003433228,693.05803,0.14472,0,38.1666666666667,93.0709824561404,87.9645509362779,0.93903,5753.52822580645,2.7,27.6896666666667,7.15256607467487,4.52017003362195,0.262831537743119,3.87973333333333,25.96644,1.14910728337863,25.3356733333333,0.0338980958075287,0.0205178906442988,0.00849363194396469,0.020793504394269,3.00892021612301,0.245964911,830.605,43.2654111409501,25.9145776711559,20.2899553409325,0.05014,47.4229,1.29614356232231,3.10206242857143,49.9,3.36771523376623,0.0122987993297154,0.423646007865148,9.75447030427015,1.00975502638367,2.2129,15.39,1.01560147593943,0.0283112911672817,1.50936752014616,3.09413018221658,183,1.67394855618793,0,0.0102100708480529,15.08454338,0.0175046526182314,-0.3559345,6.41098365606961,0.906648165017175,0.486110756699652,13.2072232348177,30.2600756342406,0.471882959537421,0.182451018918767,0.458101309318127,5.9126000950806,0.225911072715869,0.48259909976027,15.1876608850633,338500.731434377,139468.961613768
"UKR",3.35,-0.357320100069046,-0.266427397727966,-0.888317406177521,3.54415179104478,4.33649553571429,5.9339,25.8503799438477,13.3280096054077,439.519833069715,9.3615566471779,75.9079437255859,24.0664901733398,3.52958011627197,586.07925,0.32653,0,16.4666666666667,86.01,85.9018535589003,0.98536,2663.28343060137,2.7,14.8396666666667,5.61830939947781,29.8830820707239,0.477770789061784,4.11169375,23.31604,0.0505716649940921,4.26030666666667,0.170675710707071,0.0359445209074669,0.00932421777332825,0.0504358789803579,1.5705631934109,0.151169925,655.583,24.4213653124982,37.8830702317648,30.0198482574164,0.27545,30.51146,2.68314094689029,3.67681146268657,33.7,4,0.0549251076063236,0.662400161749216,10.1565174327291,1.38881797293847,2.22525,27.25359,1.62474241398115,0.164558721016256,5.51286361654792,6.67039871381656,382,-2.41766701174946,0,0.417297869072419,18.348126,0.0804381869068808,0.31271634,1.15202761903789,10.0426711404501,2.25372685345306,45.7042409064209,62.0136832267063,0.364874332945261,4.48493252493014,0.497147233670083,0.578002628828206,0.238495014179243,0.120748346168715,31.7079370703256,1242170.31135065,1052154.02947427
"THA",2,0.171705812215805,0.158257782459259,0.244872748851776,3.47129963758389,4.15414821428571,2.52122219628772,17.6828308105469,15.877649928005,393.957556326556,20.425810691146,46.1752090454102,30.0678005218506,2.02573990821838,1863.07585,1.15902,110.840577069159,32.2333333333333,95.5064912280702,90.2153704818267,0.76105,2618.10584958217,3.5,24.115,9.15220654458121,6.16788070187323,2.66655734256884,4.3623,154.33774,0.230811841283796,116.25567,0.0607391318846295,0.027334889853421,0.04269375104564,0.022187520239802,3.24157201479634,0.094357169,1771.532,26.8502038247321,13.6576813141882,11.1077573553879,0.80141,80.83961,1.24618179041674,4.14895794630872,54.7,3.83677500671141,0.0853913921344887,1.79506787042962,18.4755020511101,0.297246450660497,2.23233666666667,60.75735,0.446802834583728,0.0727099482256036,2.14251465626186,7.53923722518137,485,-0.600635839931358,0.641800268089141,0.311921180497542,34.70525027,0.0905642899444165,1.0793952,16.5142689515397,0.13968685812643,7.82499113227087,66.0349331644753,20.0461181330058,7.80626433735955,2.36651022625929,0.0324818239291283,1.10996636579918,0.333801868787109,7.12611042442755,16.8070688771872,319900.420757233,181351.443523944
"BLR",3.3,-0.991465747356415,-1.41953349113464,-1.25094270706177,3.54415179104478,2.99899255952381,4.9514799118042,21.2087707519531,14.2761096954346,472.305757544331,9.99381687483647,72.8250198364258,36.7696800231934,6.99213981628418,1504.35265,0.57843,0,15.0666666666667,92.1890526315789,86.7790109061322,0.57598,4277.95874049946,2.7,23.5796666666667,6.57326770162817,10.9756207755155,1.94280132414392,2.589675,29.17299,0.0178620760822636,3.723435,0.00570427978514703,0.00765194978752318,0.0283175480512418,0.000545580727769834,2.07452705475696,0.108020028,293.136,26.273547238404,42.8505505554096,21.7065298545403,0.41549,44.9881,0.618961390700133,3.67681146268657,56.4,3.94347643852234,0.0238620771938197,0.405271323516881,5.40245572751555,0.746732233471663,2.23872333333333,27.25359,1.36394059441761,0.0341271628186234,0.94064868580525,3.51713880246711,243,1.92394225861571,0,0.0394679401107279,27.64406753,0.179700441621621,0.71532065,2.01751823678992,5.23413238069695,25.9184891734954,-26.7220264035898,16.4649698811527,0,1.00577051789946,0.383168551612729,0.454126282225558,0.265832670092852,0.878299990557002,25.1850656247311,1299056.15199021,1817960.43047529
"GHA",2.525,-0.092661589384079,-0.18065220117569,-0.0996378883719444,3.89003164864865,5.03984126984127,2.90963831638452,10.5970001220703,11.5851097106934,363.761370876835,16.1484948876717,22.0958309173584,16.5773391723633,0.67833000421524,87.47972,0.3109,0,0,74.134701754386,74.4920995886802,0.60837,711.019929660024,2.5,12.9343333333333,16.7556675062972,19.9837543233107,0.439450059639651,3.6525,9.96378,0.140880857543917,11.6977866666667,0.052574884151721,0.100219790799408,0.0219360865586442,0.0166719058904945,7.71309041832297,0.235432252,269.105,54.6887537244104,8.80201922913045,3.34040074663636,0.00874,11.09,1.79129388766703,3.78667318918919,42.2,3.94412559459459,0,0.986253958596449,4.09999743035136,0.578085010304721,2.27896,3.54,0.0313892899742608,0.00340684862785901,0.0117907148120855,9.94407387450995,251,1.42985732067943,2.63988067739338,0.0152346638610148,5.59502914,0.0687899663101963,-0.70736265,0.112470827168799,0.702107293646268,0.776884926862954,-52.7544656556935,2.9545169188273,0.375097350477613,1.34189214639965,2.78312638508088,2.68814949724078,0.0634294986316351,0.0464121381779908,1.78168865724715,174646.273997764,1691.54455702043
"MEX",2.675,-0.198361441493034,-0.171988308429718,-0.806393921375275,3.15126681818182,3.77911476190476,4.24952983856201,13.9308700561523,14.4681100845337,406.75849314611,15.2269713311595,46.4061317443848,23.7487053745112,1.17654001712799,272.31856,0.26819,433.785549272299,42.5333333333333,82.0359824561404,83.7444737546832,0.76366,2756.10887720384,2.9,23.9976666666667,13.8923305457746,9.80639842696644,0.825192523956999,3.82057214285714,33.32396,1.00163799370728,33.8642833333333,0.0682006453601438,0.059971148318283,0.0984400803715537,0.0258559419442366,1.65319854517017,0.126731952,3303.067,40.9517710605688,21.8891223034168,11.1582652253733,0.0517896488871676,16.06,0.571019593953522,3.8928851875,43.7,4.19074594886364,0.0309988115877293,0.844183570302407,15.0734930293388,0.823236773179986,2.35029333333333,32.27,0.307560323334583,0.0564781156422198,0.161642133122674,5.16398849917365,641,-0.60742980935065,1.02870584403939,0.201023897402764,46.13875168,0.215618558914391,1.2591261,12.2402275144285,0.166539710800308,3.23189922587884,65.4610653179707,48.0809871113985,4.03339388211581,0.341209561163622,0.113682040486223,2.57598129282755,0.321750855490347,7.3645243695968,22.6071618263747,267008.371018861,90342.1178230424
"GTM",2.45,-0.897167265415192,-0.290354937314987,-1.07527709007263,3.72814184126984,3.67582388888889,3.17938995361328,6.53353977203369,10.6018104553223,363.761370876835,11.6024920911615,27.2948894500732,9.76543998718262,0.434260010719299,4.49567723342939,0.00548744264310364,0,0,64.0822105263158,66.2256699674422,0.65379,765.340909090909,2.6,16.442,10.0425798371947,23.2808241791145,0.284886566996493,2.9089325,37.10302,0.424038842373662,13.1637166666667,0.0806217534867049,0.0287572815426806,0.00519011340092071,0.0242964057769758,2.26660890414624,0.288121919,264.033,51.1376436953981,7.81511683182799,2.34571361230743,0.00301059132040656,11.09,0.890381201449288,3.65920126984127,38.9,3.83813831746032,0.00480392769128039,1.6737708067294,9.8790851658635,1.24020501629965,2.40846,3.54,0.0160499474364221,0.00441914457662489,0.0280874080137388,0.980937988812005,133,0.776722569125845,0,0.0146751400190011,4.307008379,0.0720228525346756,-0.18593262,1.51129363757742,2.39423215054233,1.07133399138118,2.48643928448437,26.4302509409282,0.326315330721211,0.0320998948728443,0.0987064998746872,2.68814949724078,0.0634294986316351,0.186054847459982,12.7428656339265,169304.274269131,1586.72006607146
"CAN",1.35,1.51680326461792,1.64471042156219,1.47300565242767,4.94248191752577,5.01631130952381,4.53563797049935,23.7045001983643,15.7875699996948,506.365822048257,9.40564567581485,78.8984985351562,25.935843311703,18.5702991485596,5573.2578548135,1.790796075,1275.19830024464,82.7,98.7123157894737,83.3489154539546,0.85516,15628.1795511222,4,24.252,6.13327280064568,34.1196317278969,0.456897525158498,4.8997125,119.37218,0.446289901288334,149.707013333333,0.643467429086374,0.444016219947705,0.870458821921457,0.309186882269319,1.2,0.08751397,2582.228,26.5252460311798,51.8983423894353,21.1294962518111,1.073154774,48.07590837,4.18638041821177,5.30148236597938,93.6,4.92335810824742,1.80255442354825,2.40791642725217,10.4624523244271,1.57293979070874,2.42868333333333,63.4377880184332,1.64635810076901,1.30471449461473,0.105072699800992,25.7242970024336,1659,-0.110372224985362,2.40311581130048,0.629436676513299,31.79911829,1.19341378320443,0.6396243,6.07746152016912,2.29896191967519,2.37168794501799,69.2461289033434,21.5493286580032,11.5801833920666,0.317055538566451,1.43017910252466,4.56359532304212,2.21777202001873,0.780911027153283,358.774572295968,4278193.64385159,405352.426198916
"MMR",3.7,-1.75280201435089,-1.43684935569763,-1.61694085597992,2.92063498497009,3.73949910714286,1.99976003170013,10.1934499740601,11.6575498580933,405.131846233508,27.2467916178576,20.3723297119141,33.6678009033203,0.0492400005459785,28.00891,0.02376,0,0,72.0620350877193,71.6322743573728,0.32594,386.120339608712,2.4,32.285,10.9306331471136,15.9764574532475,0.145805539152432,3.249375,28.9829,1.51968209211374,18.0250266666667,0.00534683557526094,0.0276883401219842,0.00953377344142158,0.00276237300825582,1.2151733333,0.248447937,283.747,40.2238161424753,5.15970765258624,7.24834016383901,0.0278,0,0.940935663502779,2.9396550655365,37.2,2.90616083145142,0,0.219053013895382,5.5043427967087,1.55570097696648,2.46051333333333,2.18339,0.0633403912626455,0.0177408767541292,0.0633403912626455,1.18415348884746,109,-3.48808970055496,0,0.203270860457117,40.67929509,0.0706007382999381,-0.9368122,1.50794136618736,0.882039180635387,1.483571360876,31.8955111783916,71.3390051688064,0.348828623729022,0.63689638288757,0.0844835496346934,0.541252360536857,0.0635381385183621,0.987907151805505,0.323297386127683,26070.6119752562,24950.7080743164
"RWA",1.9,0.388362646102905,0.124717451632023,0.205150455236435,5.76264133175355,5.29721071428571,4.65359397768961,30.2938804626465,12.5904502868652,403.598581613846,24.3530810617996,8.88624000549316,28.8283100128174,6.63570022583008,133.11989,0.79445,0,0,59.3811754385965,59.8776662292461,0.82065,79.8258345428157,2.8,25.1983333333333,6.1139489194499,19.1592430888637,0.31652247309559,4.11169375,22.72559,1.08978383903493,30.8268266666667,0.0643871112865992,0.209631793043038,0.0100060813364773,0.0209137643954798,11.6026255933848,0.288121919,51.918,57.7571609636622,9.48422753431869,3.69736808405487,0.04417,0.62894,2.41678702740294,4.13112952606635,38.9,4.28402031279621,0,0.00696579039543553,8.0341749564308,0.53426919772621,2.48749666666667,5.57274,0.253217978476472,0,0.168811985650981,11.7300358257252,130,2.03488248797388,0,0.05488003562283,8.229672752,0.0159021720207673,-0.5350747,0.519871167313233,0.71133062170576,1.03397341211226,2.48643928448437,29.5420974889217,0,0.168811985650981,0.016434265225052,2.68814949724078,0.0820859202366601,0.226465734655999,1.17770701708876,265757.416960165,3375.94192900859
"ARG",2.925,-0.377517342567444,-0.482535392045975,-0.410826534032822,2.21192270157068,3.39475555555556,4.80521011352539,17.4303302764893,18.6565608978271,394.82147088635,15.451477310999,107.103897094727,14.8093004226685,3.68503999710083,1276.71562759071,0.601114137,76.3637666338419,38.6666666666667,96.8168859649123,70.4316934709877,0.79649,3133.03049967554,2.8,19.059,10.6206476747017,15.0406241050221,1.16796675966602,3.24192916666667,15.9585,0.498400857341037,8.43627666666667,0.0811897600733755,0.0440612587519907,0.0349404684007123,0.0293878627676636,6.47481232796997,0.140196649,1353.804,36.4042065737742,23.3577798710317,15.2124880449072,0.252879005,22.8588447,1.47979090896641,3.49552961256544,36.7,3.48453813089005,0.0427951079317796,1.88386436681125,11.188007154726,2.53348020792843,2.48818666666667,11.1844770953237,0.307321253637121,0.062989736535067,0.106576966819524,6.70628835488741,611,-2.16561135845124,0.478926368989256,0.277110396032331,31.80052552,0.249707666996897,-0.30046633,0.876758196765707,2.95140781681274,5.18139253756838,52.2794779469232,51.1569440733717,1.51738676874474,0.997881600289656,1.17525778294939,5.43859209775098,0.140882170198922,0.0359741672610191,28.6632738925906,981895.514450178,240492.301571741
"PHL",2.2,0.154091909527779,0.16425496339798,-0.41814711689949,4.72746438888889,5.05992063492064,3.6236863467978,13.9308700561523,12.3083462719004,352.478130974747,26.3299867252375,44.2394203278519,22.5579204559326,0.267560005187988,170.21271,0.32222,0,25.4,89.6295614035088,78.2801903829701,0.80543,965.039806161301,3.3,23.7023333333333,15.5539270352079,11.1074854126629,0.820594709381948,5.81666666666667,48.30101,0.0193553345417337,68.9459266666667,0.0991643490127194,0.0400843068174681,0.0308967372206459,0.0290316855343717,1.65349920051041,0.117555282,1367.043,46.118332246083,14.1712771546105,13.651261198798,0.05784,37.96389,2.14766871829697,4.8463175,32.2,4.67419844444444,0.0139744965438076,0.459230429069802,23.2904589235783,1.527531588834,2.49123666666667,51.8172,0.622574750554258,0.0155687860586682,1.55485271671502,1.80023598379861,351,0.313012927478731,0.196978352079106,0.266659715671885,41.24400656,0.0216552467884655,0.79559034,29.4773100268719,5.60036976976866,3.07406184084106,59.814305572368,29.0622012373871,5.35762010755018,0.681188658367254,0.0975385325897678,1.84196426764625,0.171461330453904,3.13215914715496,4.9327501401969,309534.50231514,259562.52646415
"BEL",1.775,1.03702199459076,1.16822481155396,1.29537487030029,4.64164347305389,5.0947619047619,6.35551977157593,24.327600479126,18.9960308074951,486.305943764293,8.41463948836259,83.5736465454102,18.8068748059926,10.1469097137451,7091.49677810974,3.323314323,814.5832981,55.4666666666667,96.2234035087719,84.6027318567793,0.72244,6904.7619047619,4,25.652,12.5292869269949,24.1703403503447,1.43738274061775,6.375,69.98182,0.446289901288334,75.43468,0.557764970525596,0.323113197989775,0.27964116012817,0.28617469548875,1.34026671910679,0.113642101,863.837,27.3760543452406,50.3968724084824,27.623144579083,2.461117545,64.42,4.57662195384447,5.06719640718563,87.1,4.56187499401198,2.15206738791258,0.697166617063075,11.5581189338838,3.28664803263646,2.49219666666667,62.4540672959147,3.96928628372425,1.50100713444782,0.314293647911778,26.1009889597227,1134,0.639710123502906,1.73348187604807,0.542707796540371,38.30951574,0.755094591458747,1.1055132,9.79301819194533,3.73671443803418,3.61203853000941,57.6793116564126,23.6766548183491,5.74076685176481,1.54167990361504,1.20798074669804,3.94251177178573,1.63001266536202,0.840137826838133,274.559671373707,4065068.52219573,88794.7061177697
"FRA",1.975,1.14462625980377,1.15350544452667,1.18057084083557,4.5215205942029,5.13503095238095,5.43038988113403,25.2091598510742,16.0951194763184,478.340618233303,13.3763920551319,71.4203109741211,30.5260104319401,9.13704013824463,5067.45955202329,2.18694599,4144.08225,77.5,96.8582456140351,89.1858989059547,0.844,7609.75254730713,3.9,24.32,13.8385516308152,50.3576581791177,1.42541367983969,5.45623125,112.73035,0.230811841283796,92.8839333333333,0.383722738509614,0.347375200991796,1.24783792880185,0.223953178080464,1.34026671910679,0.078380298,4359.372,28.7096125264929,49.675815639565,26.1903306643848,1.43551914,56.30234203,5.02025526523974,4.74119789855073,90.1,4.54808195652174,2.60473495693778,1.38743230219428,9.93767529205556,3.19141480499079,2.50369,61.2083516381882,5.80969457015455,1.84173578212642,0.0985418419346114,15.6162401373409,1604,-0.521923848805099,2.15810970786943,0.611038920473304,45.77646022,1.50889417705396,1.2316134,11.0502885552216,2.55775926974597,4.79150802023741,81.8275371923315,65.8470834820365,18.0920074714574,8.34115138187718,1.26392719195058,5.27777653536334,1.59218677750162,1.56345416663228,218.904576014549,2989532.51131418,841758.157949786
"AUT",1.55,1.32668149471283,1.36136972904205,1.74656546115875,4.65009252901024,4.90191891534392,4.77094552643929,26.1587905883789,16.1277503967285,486.314768359226,9.3144141833358,91.6818237304688,31.0528227176345,19.9517402648926,6996.55081972399,3.292375392,388.5813745,45.4333333333333,99.1865964912281,92.9135064165053,0.83829,7699.89047097481,4,25.5016666666667,15.5790513833992,40.0303192387993,2.50061790741458,4.78520416666667,84.9223,0.317994270030406,30.13009,0.459433807760052,0.239652524694014,0.112858596782102,0.183751435301664,1.34026671910679,0.073853688,667.153,24.0899015029669,45.8662864526478,20.3485328214206,2.267310277,51.15472003,5.57217406212482,4.81729314334471,90.3,4.64714551194539,3.07225341425068,0.6699314528471,9.8975467574405,3.77281401156728,2.51905,63.7060060908606,6.307232720715,2.41672240100846,0.314293647911778,26.9698255122888,937,-0.481761557009284,1.3608288717459,0.572671103776504,40.2715099,0.604611276979484,1.7025583,9.56484939422341,3.75386795345892,5.81748388100781,39.7554894463414,37.0668163884303,8.52950191159798,3.94087617745691,1.04596049563846,6.307283789773,1.99333851001697,0.837261658220528,337.372495914886,3585941.68380915,323376.287203381
"SAU",1.775,0.796441078186035,0.517070889472961,0.414570838212967,5.39167319806763,6.46080011904762,5.11466979980469,17.9584999084473,16.9494304656982,387.240090643748,14.3535465150608,73.7492065429688,28.068660736084,4.1267900466919,1120.62603,0.56486,900.770205467597,52.6333333333333,96.8666666666667,99.3624183012027,0.98995,11503.4331227685,3.4,28.7036666666667,7.60671977545713,0.465170573106073,1.12961550761359,6.39692,51.97983,0.446289901288334,291.47504,0.110827193620121,0.0595171873699711,0.0602170977415318,0.0554327829759315,5.33597201062766,0.271453555,2112.88,38.612400484078,23.9914416702218,11.1956358677973,0.182434113885426,39.3943310653109,0.741814808999279,4.64065179710145,78.2,5.20086650241546,0.256291967809729,0.422629504750376,7.5044692799783,0.751463163932891,2.59619,6.02313786587994,1.56847310029274,0.188419077278407,0.149341032693241,21.0920639127636,618,-2.78794719708418,0.0879832479895828,0.285268202870023,26.87717609,0.0845605345292875,0.43345684,1.3524536695347,0.520787205522997,2.41863668790436,65.3909940376993,14.3907898944675,9.91311566277781,0.546112026764409,0.0389660368385062,0.930873496072685,0.834665580305425,0.573333635939989,11.1903504607676,209162.328850611,155386.88199998
"UZB",2.3,-0.283767521381378,-0.576817333698273,-0.832810997962952,4.58407514534884,6.93631071428571,5.47287597270024,13.7929697036743,12.588816480042,351.43461315746,12.7319101410041,56.1880218888311,32.7905883789062,0.734780013561249,542.07268,0.12527,0,12.8,88.3025964912281,80.0334613529552,0.76484,2083.30995792426,2.6,33.734,6.22100248550124,3.21192425546474,4.22737947927978,6.3565625,34.71077,0.407938285155321,7.293615,0.0297436610628551,0.0238294253047781,0.00382094470326304,0.0194665441275569,5.2378178284888,0.115191835,428.204,45.7541503847741,21.8891223034168,8.05013240951446,0.05258,42.42783,0.901191020007095,3.7814731627907,36.2,4.2795053372093,0,0.345968863347582,13.1330958583897,0.719593128647644,2.67347666666667,12.90051,1.30811384125862,0.00443713743916451,1.20457587312811,4.04947174711119,144,4.44703988250478,0.910468027659391,0.0437482936261456,25.31568316,0.0321209705883871,-0.046318118,0.769645682909044,1.32451944337035,5.49761357610041,39.650376594423,28.9274981691457,0.23130597219933,0.535367054723604,0.182981791011472,0.638405966695382,0.134417136672817,0.721019100587885,5.68485540547086,185099.113421382,185239.584513217
"AUS",1.375,1.58987963199615,1.94220554828644,1.52318394184113,4.88939595833333,4.88279541446208,5.2067765271605,19.0936794281006,20.636510848999,497.378687582899,9.40564567581485,104.64835357666,19.1470668259803,27.1908092498779,6583.03965989819,1.662898243,1001.26792622186,87.7666666666667,98.7381403508772,92.8604729495206,0.92219,10265.6660412758,3.7,23.9506666666667,9.9138529737717,14.9052262041229,3.704959807412,5.05989583333333,127.43189,1.22989841818394,116.68978,0.480946039875919,0.34378201265846,0.522924013804416,0.239764840491672,0.582280813241293,0.116004942,1897.885,29.855607385253,49.5322251701099,28.9794746404524,0.885776214,50.13318113,2.21115433269271,5.10612084375,96,4.74228210416667,0.86374585707029,1.04218759069212,10.0575759660131,1.21267096212474,2.69126333333333,62.4540672959147,1.37133757022575,0.892473358501701,0.105072699800992,32.2543252093778,1475,0.132701755806368,2.59629798951699,0.239662145409739,24.01674335,0.345242119469845,-0.6800902,1.97255760143911,1.43334862727614,7.51423083581687,69.794948099405,46.4747449426807,7.23059208777656,1.44724992477031,0.329347494182001,1.95390191770588,2.3601512203558,0.532109708680274,400.372107012495,2908532.79799241,476492.156467941
"MDG",2.925,-1.02277612686157,-0.799546599388123,-0.974946022033691,2.75213670730591,3.69983833039389,3.04770386693564,13.8670701980591,9.06044960021973,360.504686515173,19.132735322721,6.14665985107422,24.1647396087646,0.343080013990402,32.94427,0.01275,0,0,36.2670526315789,40.4452514003416,0.40447,88.145896656535,2.3,21.5686666666667,4.74760383386581,15.6282122557352,0.123031496062992,3.3324537037037,17.19605,1.08994646405592,15.6933733333333,0.100446940081589,0.0276883401219842,0.0086250080574459,0.0462837390146793,6.32686384814462,0.311808741,60.877,59.0227844992835,4.18604294889072,1.94371213244216,0.0278,2.08604,1.00141563991828,2.9396550655365,42.2,3.34313726425171,0,0.268309491951112,6.02781443693265,1.65898063463438,2.72434666666667,5.57274,0.0351518560179978,0,0,5.42076646352481,134,-0.664503466666537,0,0.02785027151975,1.044770283,0.0167473252066711,-0.8191827,0.32799749451125,4.55219202198463,0.861220472440945,2.48643928448437,55.8562992125984,0.254728606518737,4.25337457817773,0.314832343188265,1.74457886655376,0.0768652608642972,0.0862987702573902,0.665428227844029,60443.9502742086,0.0378007522349695
"GRC",1.8,0.148003026843071,0.578935325145721,0.213158577680588,4.02886834554974,4.19206742063492,3.7919779460305,20.1285495758057,20.8455009460449,436.457669120158,8.50039358457149,166.665649414062,26.1929836878935,3.06875991821289,5250.67164510175,1.493218878,0,29.3333333333333,96.9724912280702,85.6338879725628,0.81453,4500.47483380817,3.7,20.2633333333333,16.4221079691517,20.7751019434355,4.31834421111692,4.1835525,49.10414,0.317994270030406,26.91771,0.247587963168334,0.129874264053327,0.0238995347437968,0.119400758133091,1.34026671910679,0.129577277,436.757,23.3922677526682,31.6117983309525,20.2350770259528,0.736222005,37.91,2.50317317325107,3.26414808376963,57.8,3.15675906806283,0.355325294576131,0.312046809216745,7.21920977013554,0.898419712033234,2.79320333333333,31.1270583243722,1.58011595509497,0.320787531739617,0.0431594646308187,27.6126083840671,725,0.394216021098741,1.25202227996274,0.590395079248502,16.47603808,0.0610016024396951,0.22135136,2.73281447521432,1.33363689975823,15.6213284483213,55.0266857084628,37.7412046365687,0.864743882249567,2.88209313812467,0.522599409720647,5.23414006049534,0.817056948765308,1.12421725372441,127.893467415733,1521414.11140999,74776.6746414736
"HND",2.8,-0.795222759246826,-0.550886929035187,-1.09500813484192,2.23421841704036,4.42349206349206,4.04616022109985,18.0420303344727,9.88817977905273,363.761370876835,11.8223430772717,22.4726135466619,15.7326898574829,0.825420022010803,187.83669,0.05997,0,0,68.5785964912281,64.2620561834987,0.45874,1088.2070949185,2.9,24.57,9.06333333333333,29.0443902231423,0.340233976288309,2.9089325,75.573,2.8467837946076,22.61737,0.0806217534867049,0.0131550133642111,0.00240798396777831,0.0242964057769758,2.4574899070822,0.233755228,81.06,49.5484674059705,11.5929109061773,0.361628834965468,0.00609647949018557,21.07,0.250958339556317,3.04430534080717,42.2,3.49804665470852,0,0.861196019671875,7.9422964321682,1.7715130201084,2.80459666666667,2.18339,0,0.0148038490007402,0,3.03478904515174,95,3.03044100101279,0,0.212140637706978,8.965598573,0,-0.5753976,0.638159718115054,0.784974006421514,2.32929414535842,35.8627278333176,39.4147975607841,0,0.0140425770937482,0.116702140764799,2.68814949724078,0.0634294986316351,0.0469725601233584,2.86786223144901,135097.576032846,3511.02956006176
"NOR",1.1,1.79993534088135,1.59752345085144,1.83398151397705,4.89394,5.4534444047619,3.9680196055658,23.5986499786377,18.5632495880127,474.400097561022,8.03193063345147,95.0573806762695,21.57456345755,4.51394987106323,7428.05253623188,1.852998122,424.250492912211,44.1,98.8666666666667,88.8737534009219,0.91172,27734.6570397112,3.7,24.274,13.7903351519875,71.1283294818849,2.35831608653053,5.042095,126.81049,0.446289901288334,68.1969233333333,0.55985045289426,0.403124508750778,0.197938517437612,0.310588044255027,1.60846900451578,0.128529915,576.236,28.2207050596916,51.8983423894353,29.1271044442671,1.053214067,44.61836405,3.22579513788456,5.5303,66.7,5.18462,1.49231767297931,0.303674361024069,6.29715275407658,4.15686086275097,2.82152666666667,54.4332893932983,2.73001701524154,1.19968016576542,0.314293647911778,26.4717928071138,896,0.559203637208805,0.888509791377901,0.607305814448682,23.71026197,0.218296190440458,0.1767339,3.40583901355092,2.24453754940966,3.88120727018147,66.488389529365,14.5288149416556,8.75686225728874,0.8354249028796,0.503948015629576,9.02950610407512,2.47715778330699,0.471146004439546,358.923950268615,4962071.39139816,494285.001657829
"ETH",3.45,-0.768662095069885,-1.0210794210434,-0.670203268527985,3.11702132225037,3.71047619047619,2.2978069565991,13.3869600296021,10.3953104019165,360.504686515173,44.7039421813403,10.1040304527929,17.8405494689941,0.434260010719299,89.03843,0.27437,0,0,37.6461929824561,63.5597489731712,0.34195,140.541416761225,2.6,22.4746666666667,5.90987758547911,44.5755218282767,0.065001462532907,2.9089325,22.72559,0.468151368804526,11.6977866666667,0.0281069389035021,0.0176553165115236,0.00358479075573517,0.0175471661461875,10.4904193130292,0.284470807,434.441,59.763921783128,4.39484071521994,2.39180905973842,0.00636,1.50906,0.611437125212309,3.37894725799561,27.6,3.26086950302124,0,0.0292550126774866,11.2300747787016,2.40146812537046,2.90551333333333,2.18339,0.110002475055689,0,0.625014062816413,14.8903993867982,257,4.55473658254053,0,0.00443684605733099,5.59502914,0.000750832808984856,-0.7999168,0.0592317714489831,0.93384811937089,0.275006187639222,2.48643928448437,3.36757577045484,0.254728606518737,0.245005512624034,0.00211263056789771,1.74457886655376,0.0634294986316351,0.0185904388492804,0.124600220116794,61770.770766264,4425.2834300459
"PAN",2.075,-0.209720730781555,0.118782818317413,-0.3459812104702,3.76161500492611,4.24777896825397,3.9439977741106,10.6983299255371,12.9896898269653,378.76482780553,13.5808975059932,57.8162803649902,13.0207004547119,2.98571991920471,253.27142,0.15791,0,0,84.4112631578947,78.5063800882098,0.65049,2879.19463087248,3.1,40.143,27.9081196581197,18.7004618602243,0.422706675383818,3.2229025,100.15389,1.08978383903493,22.61737,0.200820238371374,0.100806466209705,0.00428267424428128,0.037135539655514,2.87461864382695,0.328802613,186.209,40.4641111973274,23.228897777241,11.0070464009642,0.00353916476713148,1.55,1.9070776072645,3.032964,39.2,3.44077832512315,0.0297539349578982,0.0490973949332703,3.14680562096526,0.448798217187772,2.90962666666667,13.18,0.260346930881609,0.0284180678699741,0.0223154512184236,3.06107653228362,280,2.71882875457011,0,0.212987361873307,5.34486073,0.00356339778543979,-0.14042449,9.57200996726726,1.46140109126187,2.42915436120567,2.48643928448437,35.5708292421673,0.414876105133488,0.0371924186973727,0.213981042392549,5.9126000950806,0.225911072715869,4.49906099120425,98.6710583690122,230923.676725669,384451.488561696
"MDA",2.375,-0.164951995015144,0.105498053133488,-0.152658581733704,3.06153845787048,3.87678571428571,6.62547016143799,22.9407405853271,14.7859772732531,413.997479102867,11.5035081520367,68.0572346521372,23.3931407928467,6.98513984680176,717.41595,0.22342,0,0,83.2682456140351,84.6456450789917,0.72636,2052.84552845528,2.5,24.701,8.81714285714286,3.77635085783328,0.416406412658755,3.5918125,25.84303,4.61252248092928,4.26030666666667,0.139735831603394,0.0351445392608037,0.00218512915996771,0.037135539655514,1.28506708353739,0.196442389,45.407,30.9443633947164,19.0090304811843,11.8577019434603,0.04405,15.50052,0.606414296515749,3.12307691574097,35.8,3.12903237342834,0.073695588090793,0.627020080370953,8.09321598534325,1.34703774050242,3.00612,6.20438,0.694010687764592,0.0393287378598014,2.54470585513684,5.48373598784328,153,0.78218407396476,0,0.0763650869571314,13.24299041,0.0425556935305624,0.0779718,0.909215921284003,8.06377738132225,2.22083420084669,2.48643928448437,84.9700418719782,0,3.37751868045435,0.972035962858452,2.60232899770865,0.140882170198922,0.24534090086512,23.2641956445834,990609.11623896,1278041.29362701
"PER",2.2,-0.491872787475586,0.292205184698105,-0.538132667541504,3.26635288135593,3.95585654761905,4.23516988754272,16.0612697601318,14.8135995864868,402.420467166138,14.5854365667233,71.2404708862305,29.6428203582764,1.17654001712799,272.31856,0.16178,49.7719233643198,14.9666666666667,72.4234035087719,83.5769919541982,0.8377,1755.65345080764,3,18.5156666666667,15.1778099024214,25.0642405509429,2.81232477388212,3.78495,45.58975,5.78096079750963,35.5480933333333,0.0538048725368502,0.0353267853796379,0.0127444187317927,0.0200297603040757,0.608668790742533,0.140425808,605.57,40.0961035454433,15.7581922455624,7.58309903321304,0.0493557253926562,43.9,0.898277229913221,3.13176138983051,32.2,3.40984218644068,0.0335508878156991,0.809732247202114,7.51505807916584,2.08679375529663,3.05465,34.4405341561009,0.329120360534812,0.0571671317931866,1.07268858248383,4.39090443714187,340,0.0496064211549641,0,0.216766868604357,11.33466446,0.0593663750700931,-0.86360615,0.392557212235821,0.192550089002168,4.9089433669187,37.922326124378,52.0950513532245,0.530607192995544,0.200258420431235,0.1417395290158,1.18754277804766,0.265832670092852,0.216708687875817,20.2566931095414,448293.390179198,56983.9188720178
"SVN",1.5,1.03929400444031,0.731421768665314,1.03880786895752,3.21917929824561,4.32219373015873,5.65435749831309,24.2777099609375,17.4151000976562,484.343301371025,17.2450600184672,80.0806884765625,29.5326174663274,10.6254796981812,5617.92976005351,2.133853813,193.1007166,11.0333333333333,97.5434736842105,88.806924610372,0.86396,7405.66037735849,3.3,23.1463333333333,13.5032786885246,42.0555539943898,5.83074971815107,4.55838,36.39804,0.317994270030406,15.6571533333333,0.193988053107685,0.0720574904982144,0.00893949395392664,0.0669497665130695,1.34026671910679,0.088177438,117.993,24.4180872621123,41.5765224358974,22.8777909610614,1.467478582,44.12,2.66285854052548,4.29844107602339,49.6,3.68234938011696,0.953357252690928,0.540994383728785,8.71466721742803,1.51192509962076,3.11290333333333,56.2431682502312,2.57187147688839,0.89183510886239,0.437880104257168,38.2480316628953,439,1.06061296628909,0,0.0835840777896115,33.95618103,0.281670933167975,1.6714664,7.86548708778271,1.99862232036204,19.271420518602,-17.0462857958469,43.4399661781285,0.783243271194767,2.21075253664036,0.789405861658262,8.06297722746465,0.919867665275358,1.74763633655783,169.260075927687,2404560.38139165,1439594.64365989
"BRA",2.275,-0.546764314174652,-0.29647821187973,-0.308802843093872,2.48622136823735,3.73002761904762,5.4969801902771,20.5074195861816,15.7927103042603,397.349853331189,14.4804913618801,60.3906211853027,16.2669835518488,0.244589999318123,730.89461904022,1.14526,572.620148968234,46.7666666666667,89.4844561403509,81.6620357136009,0.90631,3269.56843175307,3.2,16.688,10.4832649397281,44.3657041005086,0.805769226885631,3.76966,71.64666,0.00897466860426273,52.16445,0.157594015288964,0.121668856590517,0.389301869513262,0.0929115643441398,6.29553053360014,0.105837027,4702.004,33.5587846353109,25.1281424867929,15.1550572219172,0.0598823112755213,43.23,1.75580274988573,3.60174620244328,59.5,3.73073544851658,0.124875586426842,1.78150127326582,13.1138359013532,3.1910563268601,3.15821333333333,32.27,1.11587033286055,0.142611256817306,0.5324673838484,10.374938005157,844,1.54018785523132,1.60716932751146,0.375313737042654,35.66829163,0.225545816891139,-0.04367476,2.25700143357381,1.5891206937183,4.08718642932937,65.9034697893751,86.8754306803982,3.4483811713265,1.21056111920022,0.529425366829653,1.03918341767404,0.238495014179243,0.203026133414681,39.4242354000299,772025.28043813,451868.054195096
"CZE",1.55,1.1140114068985,1.30448853969574,1.14218366146088,3.98043817441861,4.34831458333333,4.74228468261551,26.6920604705811,16.7935009002686,491.114974595757,9.88952075494973,70.8145904541016,24.8988703442903,15.7918901443481,4504.73048836904,1.833687506,0,32.8333333333333,96.3388771929825,87.0186544462852,0.70063,7112.97852474323,3.3,28.3603333333333,10.6783289817232,25.6987623865602,6.68252577104461,4.672534375,47.97695,0.230811841283796,11.00679,0.328616106105716,0.136037192126444,0.0453950484694978,0.1474808250883,1.34026671910679,0.105415315,619.881,25.6288717436634,42.3388028657268,14.6581266318538,1.186626504,37.59422097,2.24689806728388,4.71673439534884,62,4.23499243023256,0.403622704157885,0.80758745904228,21.0192265910979,1.87769426387648,3.28543,54.5241860546485,1.17858186219273,0.443445435494877,1.64099995826551,23.3480297024752,667,0.299970712340878,0.33311773213448,0.296358034511303,56.3059224,0.402296139188746,1.7626604,20.9349989128741,3.13963974101949,17.9975793998581,61.6873843771461,0,1.54018093844817,1.65435499353115,0.855830261174633,7.69712605238292,0.919867665275358,8.18314767565955,251.362333474152,3856050.81596644,760056.440336605
"ARM",2.3,-0.184129968285561,0.047635018825531,-0.122017979621887,3.94985711585366,5.29721071428571,2.42597007751465,11.1996803283691,13.8489599227905,405.131846233508,11.6086056920868,56.2770118713379,20.0630702972412,7.0160698890686,1039.84774,0.18115,0,0,86.778,86.8152466708901,0.7922,3183.45323741007,2.5,21.249,9.83,27.4912149599491,0.0940055776642748,4.23905,55.63553,3.21627115462839,0.573576666666667,0.231771265984287,0.0732222799430447,0.00282592147096947,0.104790891564123,3.89307377067907,0.192859354,69.297,31.4299446613326,29.3847926904966,27.0904729266621,0.04405,16.68838,1.71542200686187,3.08986793902439,30,3.6257414695122,0.0636064878617619,0,9.81437000494986,0.598796500608298,3.34993333333333,6.20438,0.391689906934478,0.1011717678976,1.31607808729985,14.5460842460713,244,3.2683582148157,0,0.0835923985106356,3.99763767,0,0.18379122,5.89103133756493,7.57863288088994,0.313351925547583,2.48643928448437,82.442891611569,0,1.26907529846771,0.418743453882857,5.9126000950806,0.144864890563214,6.37558627463523,32.4447022063618,1484964.40203089,499309.754428551
"LBN",4.425,-1.58038187026978,-1.01446163654327,-1.16507518291473,2.21205282211304,5.04874779541446,2.4354185601396,16.2156105041504,11.1845903396606,376.840788241987,9.35952416654171,54.4012603759766,30.5648307800293,12.8784103393555,1083.42555,0.69547,0,27.2333333333333,86.052298245614,72.3374129224498,0.44894,788.706739526412,2.8,18.7926666666667,17.4732394366197,6.7290626650116,1.24478838597438,5.68541666666667,106.56773,1.19543085598163,27.2840966666667,0.358475161976456,0.0910623948846539,0.00655928209857837,0.0892795267076062,4.12292722495295,0.193002863,66.678,42.9254890483196,27.503080507053,14.5978001056379,0.20857,22.8588447,0.231520266982029,3.43893480300903,58,3.51681542396545,0.133549237934661,0.0501030425502525,5.80681725382406,0.265770250338678,3.38989666666667,6.98233,0.897036517541141,0.162738566508963,0.161642133122674,47.7218872791625,322,-4.57028952563633,0,0.0386950514444028,14.56154636,0.114238920056666,0.37310418,0.686505176582795,0.80338484716812,8.95347790875551,48.8175352873456,10.2180614225368,0.577086280056577,0.843604214646656,0.968700644935998,3.87774153094787,0.0597512847181008,1.44386108256663,20.4439370352212,494659.799251111,551024.352895416
"GIN",3.1,-0.907938599586487,-1.07605743408203,-1.11396610736847,3.50418663024902,4.09332341269841,1.72470879088585,8.72338962554932,8.58154588798095,363.761370876835,22.5246103486591,6.65679227429969,22.9808835635233,1.85845994949341,57.61826,0.1428,0,0,50.9107719298246,42.4677475942319,0.48081,122.328042328042,2.5,15.8833333333333,8.2780487804878,33.0197521324663,0.0959646849959215,3.3324537037037,9.09358,0.424038842373662,13.1637166666667,0.0335081691951478,0.0415052262781413,0.00519011340092071,0.0139617315799501,9.44856409681504,0.311808741,66.624,60.7989137816862,7.40380283072377,2.23650047296605,0.00636,11.09,0.676980831941462,3.81312274932861,42.2,3.5319299697876,0,0,2.6426004134438,1.78517545504903,3.45198666666667,1.5273,0.0159941141659869,0,0,1.65105667627281,94,2.30776532431828,0,0.0318491279344638,4.307008379,0,-2.1114068,0.0211674513139747,0.0915430982857257,0.175935255825856,35.8627278333176,4.71826367896614,0.254728606518737,1.27952913327895,0.102893823525778,1.74457886655376,0.0634294986316351,0.00659794687716595,0.438381442002813,5620.88430651478,68.2741600514642
"ROU",2.3,-0.0926659479737282,0.318900614976883,0.437425792217255,3.03439791489362,3.76092767857143,3.32452988624573,18.4712200164795,13.8211002349853,427.922373807549,11.3658626051593,55.1682891845703,28.3588150979455,6.72259998321533,1088.61149579617,0.516563454,0,10.4333333333333,92.8717719298246,85.9018535589003,0.65477,3061.19162640902,3.2,25.4346666666667,19.1356783919598,28.526558792455,9.17078976848394,4.076215625,23.0502,3.17741563689535,10.39004,0.0815637578439724,0.0577307197413501,0.0364687853242812,0.0352396078826364,1.34026671910679,0.088863894,894.222,26.670984971801,27.713190633237,13.0580087509731,0.318550621,56.24,2.12321430976287,3.68978289361702,38.4,3.63860927659574,0.0316768193167999,0.776280834565144,11.6574519305987,3.13962156122644,3.48742,34.4405341561009,1.00238050784167,0.0842932739297401,0.0548450336071695,10.5085761701233,454,1.8481484845523,0,0.224582745274695,37.07681601,0.0695435612529528,1.2816548,6.90286247000523,7.64294428487965,16.3251493651979,56.846489932797,45.8644510828977,1.71473060201575,1.33961911874533,1.97943847262432,2.66033172710879,0.282443525754302,0.80500856853472,56.5357164086361,1205125.64196038,322653.122799018
"BIH",2.6,-0.967812538146973,-0.141291111707687,-0.351819545030594,2.53541049006623,2.92309821428571,2.97012986426524,32.9742889404297,14.2852096557617,402.619963973593,8.26788448917086,45.5027618408203,24.1609802246094,7.90129995346069,669.76765,0.19228,0,0,85.8708070175439,80.4713952003764,0.50028,5061.91950464396,3,26.189,7.0782967032967,23.0367022530332,3.97027240872612,3.5918125,47.47824,2.55578459553238,21.2621333333333,0.0815637578439724,0.0141728303347713,0.0132327465522454,0.0352396078826364,1.49832361202822,0.090340662,74.278,23.3121460897546,25.9216096478597,9.72768065827558,0.07,38.67,1.34225290864183,2.84629398675497,27.7,3.40757990066225,0.0664705784602091,0.140675196428492,6.90637212043192,0.441803763689729,3.49166,11.5068493150685,0.621679665423307,0.0484665715285818,0.366585203288158,10.4876275613237,158,1.83692618421898,0,0.0807340838277195,16.81037828,0.0687815033715182,0.8081643,2.78256587143502,3.14670281034413,13.6204363060925,-27.8560967257506,14.9626992200746,0,1.35639199728722,0.228594353155394,2.60232899770865,0.225911072715869,0.302800261907489,22.8235243565949,535605.250454133,5878.80903578704
"MLI",3.7,-1.13859808444977,-0.679561257362366,-0.977649748325348,4.14268057142857,3.69983833039389,4.18465094218116,26.4656295776367,6.94145011901855,405.131846233508,16.2340941600846,4.5916728985493,23.3931407928467,0.856280028820038,28.66941,0.17385,0,0,57.8958947368421,54.5912811426885,0.3334,2052.84552845528,2.6,18.2776666666667,8.81714285714286,18.0942474057996,0.186026322724666,3.249375,27.85752,1.59488605107165,22.61737,0.100446940081589,0.0657787144251449,0.0086250080574459,0.0462837390146793,5.95081346739755,0.457873978,68.526,66.3733831388322,3.87922026337499,0.974749077637164,0.0278,0.8253,0.974308590489176,3.59274842857143,39.2,3.92817257142857,0,0,7.45651736899628,1.88494265179654,3.50803666666667,31.43031,0.139519742043499,0.0163091381373493,0,3.6336572979599,145,-0.985291608141772,0,0.0272058949460073,6.172001747,0.000339770337172738,-0.8012846,0.218736601645214,2.91396062325779,0.449563613251275,2.48643928448437,4.48013393895236,0,0.38755483900972,0.00391242630274193,2.68814949724078,0.0768652608642972,0.0228353664740719,1.1231481407951,8363.50635856314,2560.31263003642
"DOM",1.75,0.12803441286087,0.171186909079552,-0.128592282533646,5.07557238554217,4.5429188712522,4.26733210628792,13.7125597000122,13.6169204711914,350.281864349952,10.6086380301229,55.1665306091309,12.4324197769165,2.51405000686646,20.03771,0.1428,0,0,76.9366666666667,80.247357758159,0.64047,1907.39091718611,2.6,31.6433333333333,19.5707591377694,8.36905654183167,0.182536429794078,2.75173611111111,30.59107,1.04996621459078,18.0250266666667,0.0163827450345532,0.00709633117418918,0.0086250080574459,0.00665125132140899,3.99592338214632,0.233755228,312.565,43.0691292016674,16.9430635172289,10.1226141330258,0.01597,19.44236,0.424663845544499,3.43026773493976,38.6,4.15328740562249,0.00410273241979158,0.594664735753048,6.28509534324243,0.488937905220239,3.67769666666667,3.54,0.0137763343240814,0.0143966854894182,0.0241085850671424,0.80943163821925,103,1.99380505197235,0,0.0165633790210598,8.965598573,0.000758361203107548,-0.011731069,1.53085626289352,0.19483991711784,0.833468226606923,31.8955111783916,0,0,0.0172204179051017,0.458101309318127,9.65817155359416,0.0820859202366601,2.26936143077669,11.9651003146772,272840.732338814,12073.8335974384
"BRB",1.625,0.380443245172501,0.503107726573944,0.414195388555527,3.93333,4.26,4.04476022720337,19.9779491424561,12.5829696655273,396.661229047105,14.7412420382166,14.0341396331787,22.9808835635233,1.44095003604889,32.94427,0.2017,0,0,85.5791228070175,71.3625203891422,0.49755,1568.90459363958,2.5,16.214,11.5962732919255,4.24085624140464,0.99601593625498,3.7975,64.19691,1.08994646405592,58.4694966666667,0.167025521129928,0.278716823579024,0.00481596793555662,0.0184154385674281,11.6930780349447,0.233755228,6.408,30.0104378593543,30.8245116801111,11.6713468169054,0.0278,1.98156,0.750412590051651,3.03571,38.6,3.46429,73.6723163841808,0.356924348061203,5.66379296494122,1.55201295373383,3.6894,4.39647,16.4971751412429,7.56850811485643,0.0268485206465124,14.8252184769039,116,-0.405173899013311,0,0.155083841753728,10.39866978,0.6482426124068,-0.22798508,0.998682271033837,0.436625693409628,2.15803452855246,13.2072232348177,30.0464807436919,0.471882959537421,0.332005312084993,0.45502341905936,9.80320074504326,0.0768652608642972,0.704052076286675,48.531496661712,437911.767158702,2073.79875006839
"MYS",1.4,0.875369668006897,0.660894274711609,0.571915447711945,4.82365533333333,5.90984126984127,3.62725504768066,20.6420993804932,11.6912042430471,404.360452038635,10.9953537001025,37.2745812491757,41.103458404541,9.59716987609863,711.51035,0.95055,0,59.2333333333333,97.9066666666667,92.1185357166491,0.72796,5518.56216853271,3.6,22.942,9.68975570523776,7.05400400021005,2.30225253325954,6.58842592592593,117.17182,0.230811841283796,111.240023333333,0.119566515240133,0.086941467539006,0.0981667497905538,0.0581712887689722,0.85996405444901,0.121745885,1372.61,37.7658448775221,21.8891223034168,11.1077573553879,0.45713,38.21615,1.10494832572576,4.45165266666667,72.5,4.45134066666667,0.127151799687011,0.988549466083512,29.0166928295837,1.86242531270134,3.69475333333333,15.83043,0.659014901710624,0.120082397767756,0.0766114595108437,10.0159550054276,559,1.04265316805644,0.348182283666155,0.357163433422338,45.42143356,0.106111531761935,1.0242734,48.3895671376223,1.52867635125185,10.2041773570923,59.550124151826,15.6623529724465,11.000839733743,0.411200282680651,0.391567633624039,2.41134270718179,0.380984541360784,7.49891121781932,30.7593326112207,455001.841509554,97581.5838671955
"ISR",2.35,1.1453697681427,1.12179791927338,0.783846437931061,5.19557537094838,4.98058908730159,6.45624467767821,19.8797607421875,14.934160232544,465.493730093329,14.4601147108975,57.6379203796387,27.4564696894884,3.19979000091553,6996.55081972399,6.345883364,611.637179987671,37.2333333333333,89.2158245614035,95.2751607214218,0.85412,7690.5737704918,3.6,25.414,17.191329720717,6.80223197228459,1.59048830848235,5.1557375,69.33296,0.856485084496182,62.9847966666667,1.4572052135001,1.1973418372065,0.455733964199478,0.667652304021611,1.00674827945756,0.139099952,541.343,42.8190808621882,51.4979625555772,24.7434216367849,5.902126447,47.21084431,3.21577577158639,6.71657171668667,63.9,5.40164276110444,4.56326628000881,0.896016439412383,9.35169623263103,1.54891676720985,3.73285,62.4540672959147,2.73335415888883,3.9281891517947,0.105072699800992,25.5623514112125,962,1.29693049705277,10.2050262749476,0.235476254493786,42.96480182,0.593721195442218,1.2017292,11.6197423355445,21.1794456413771,16.6629840989265,76.6840953475114,7.90672690839549,2.36428785362268,1.07238912296475,3.40978595462607,5.09146131388893,1.36749354083626,1.39153209913031,105.034984566985,4909987.5983954,6367839.36160257
"ESP",1.95,0.752065539360046,0.693764328956604,0.822885692119598,3.3933255060241,4.23429734126984,4.31587883631405,21.6557102203369,17.7402896881104,477.326989646848,10.8450748840252,93.7303466796875,21.3437495893014,4.30726003646851,3640.29709582507,1.493612465,1476.91162666667,50.2666666666667,98.9466666666667,88.9787798026416,0.90542,5794.48361675653,3.9,21.3623333333333,16.5703350144092,32.8646868661095,6.11731051814498,4.0722475,78.32011,0.317994270030406,52.6498466666667,0.299989475878725,0.259653090265233,0.540359913086668,0.178735894221578,1.34026671910679,0.100477063,2665.23,23.3143089556623,36.34726307963,24.8816588428646,0.841990028,49.34,2.80533778513158,3.82649359036145,76.1,4.39583222891566,0.472110107365587,1.14356613665741,8.15412600387548,2.10074252981124,3.86714,40.6952497929104,1.29232829803644,0.627783043114478,1.03220225945952,23.6527429152456,1303,0.0672117739612422,0.391228600069163,0.71153270795629,32.81646514,0.76562151020417,0.82458675,5.099378842763,3.77728949940296,12.6042530211979,60.9399949784936,37.7412046365687,7.75961492162296,7.45431091703126,0.961385024990893,10.595739947823,0.991551720964195,0.776318924309703,144.942074796952,2209852.69879537,486752.365154345
"ISL",1.025,1.55512094497681,1.28444385528564,1.72111761569977,4.42517158064516,5.0947619047619,6.74612371559671,22.0269603729248,18.8505897521973,447.268041075647,9.35402906208719,84.985237121582,16.8747704737422,9.60606956481934,6028.98550724638,2.651055173,102.18285,7.53333333333333,99.44,93.8188875080337,0.90755,53263.1578947368,3.6,24.673,3.4176,82.6436654781437,2.14570348421375,5.042095,89.34925,1.22989841818394,50.0517133333333,1.66358371404242,1.13929939931761,0.0301245004651556,0.854192794715763,1.61374769382506,0.259379168,30.241,30.4985374059985,54.6840958605665,27.6584867075665,1.985314287,52.48016029,5.57839220476893,4.80145896774194,57.2,4.3082295483871,1.64445213778778,0.560332583344221,6.82002191570639,3.66152326545771,3.95710666666667,50.4370629370629,2.14570348421375,1.39238781786317,0.314293647911778,40.3095135742866,415,0.774798891899002,0,0.273795552682565,13.97137572,0.631567104707225,0.8296815,3.40337716600187,3.76675495294649,2.92905554987909,58.6447757571681,55.7542318040939,0,0.613058138346787,1.0347506691019,46.9295443141247,1.85718996196159,0.0958676067522601,1273.28971823128,4943621.38016567,60219.9551734981
"MUS",1.2,0.710137605667114,1.06447863578796,0.805268526077271,4.57901389473684,5.1697255952381,3.30856290604218,31.7797908782959,14.2220802307129,473.757195114625,10.6628048210782,44.2026786804199,19.2389602661133,7.04121017456055,852.67511,0.23401,0,0,88.0140350877193,86.9745958218533,0.59032,2595.2380952381,2.5,22.6373333333333,20.0797101449275,6.762562223881,1.2091573516767,4.25117857142857,67.16247,0.446289901288334,66.0179766666667,2.4765143007983,0.149175381988161,0.0130575784009372,0.833908561692424,1.10107896640875,0.168336555,40.429,28.2506006161095,30.5566360525842,9.22638316737593,0.02185,4.09675,2.52776204675524,3.55240326315789,41.4,3.84272536842105,0.937727919980551,0.180497524758708,6.24954456822732,2.88451599503818,3.95924,4.39647,0.0806104901117799,0.0329788023448515,0.154320987654321,3.63600385861634,146,1.45424994716251,0,0.166878948511098,3.703359797,0.0180198262276805,0.088347584,0.46691587472379,2.51442586785913,6.34135855546002,39.3485645992968,52.6386500429923,2.71207992733878,2.66014617368874,0.719835951584912,21.4378246937198,0.274509914172734,0.536325927388302,49.4393418605962,459121.900244343,113797.905738842
"LTU",1.5,1.05012118816376,1.33804214000702,1.26719617843628,4.23104001476015,6.19887574404762,4.25490999221802,17.7126407623291,16.4546794891357,477.148132754112,8.81167615338526,76.9154586791992,23.8044867556966,8.77350044250488,3672.06002633975,1.046760843,0,20.0666666666667,97.6749824561404,96.3782226938507,0.8839,1895.47038327526,3.4,22.016,15.7380952380952,17.5617802451741,7.12236218229177,5.91275625,34.38681,0.446289901288334,26.3881866666667,0.577218364187935,0.387303609330623,0.0266484504931497,0.225116775342957,1.34026671910679,0.102008034,154.615,24.7634927668043,47.8581676573068,30.7967313585291,0.44,39.93,4.80292248143894,4.65643244280443,43.5,4.05446993357934,0.369148420736913,0.520643661564547,7.74273650758265,1.87016059205023,3.98267333333333,30.9718740766863,1.32272440528276,0.208750768036736,0.55745675838895,19.5323868964848,319,0.861139458563174,9.54751594094179,0.0664332497412587,23.42860008,0.0209299891154765,0.8296815,7.40575506302793,3.83624551002124,8.56040102290687,0.324783255376371,45.5966843708241,0.196872051920301,2.65901521472226,0.927002355898151,7.88152103504075,0.919867665275358,1.30107498723006,154.620540018577,2311911.29128413,2771645.84055706
"PRT",1.7,0.987550020217896,0.755356550216675,1.06766510009766,3.73050118518519,5.02920634920635,4.33969627083171,29.2779693603516,17.4868202209473,477.624199106572,8.13877677002707,75.557243347168,27.904953145917,11.9640998840332,5940.68189773122,1.688043467,240.3956973,36.6,97.7702456140351,86.0993943396579,0.78775,4468.99224806202,3.4,19.9256666666667,18.5998975409836,34.6571117771889,3.22826921261426,5.38166666666667,81.11772,0.230811841283796,29.1866333333333,0.511325590880223,0.22141166514043,0.0801897361150234,0.219683849837589,1.34026671910679,0.066903419,508.508,23.0766356820518,40.6646714785909,20.3775239606607,1.057751527,56.5628725,1.77035803619076,4.25492435978836,65.8,4.09738358730159,0.679335992614398,0.720544066641958,8.87762600372305,1.44998744283787,3.98958,45.3979854631946,2.15696817702326,0.483727099671982,0.0841443342130863,32.6268219969007,739,0.551810790132277,0,0.60769836567337,26.3296199,0.12282006759823,0.66982573,3.20661007626749,3.37634170030721,12.7878864995547,61.9117682025813,74.3815391435338,5.37927822613414,3.27752443264143,0.798114396296786,7.18038748961088,1.0981135382552,1.4048749288264,325.365450032178,2863837.5272882,422570.673385123
"BGR",2,0.047112051397562,0.40789669752121,-0.00685768062248826,3.18294842424242,4.17928747795414,3.88496858475556,27.3169994354248,15.1089096069336,414.20028642056,11.5612835349816,79.8532333374023,20.372641908468,8.69742012023926,2537.15294086988,0.792242701,0,6.33333333333333,96.273,89.522951211903,0.77271,6248.82629107981,3.2,19.615,9.5043630017452,34.164616772421,11.8651273007362,5.11555555555555,45.23747,0.230811841283796,20.8456333333333,0.513627884996774,0.345051633660356,0.0405657130632166,0.378155525680344,1.34026671910679,0.085584409,248.906,24.2683213792117,37.5873708616046,22.4942426926484,0.509493191,34.74,1.93718900650876,4.07573804040404,33.6,4.10697781818182,0.133498145859085,0.526201226049109,9.27071865323099,1.43501528788813,4.06375333333333,49.2510851623158,0.951230496618081,0.193283809952351,1.42684574492712,12.153182325858,373,2.34381175644265,0,0.194646172241387,29.74277059,0.501879132272706,0.7016596,5.33565708352057,6.16376648707447,29.8711629845067,56.601432596393,61.2491424194085,0,3.72916026550274,2.50440832968966,6.50877088370632,0.497936547837995,0.807386565098044,92.1256913449529,2233692.21977968,353764.80797959
"FIN",1.325,1.73860657215118,1.76514935493469,1.96704590320587,5.45439613084112,5.79392857142857,6.53825998306274,24.8476295471191,19.5664291381836,495.105253743595,12.6071672918584,108.130409240723,29.399684312361,9.26105976104736,8354.2865975194,3.093825839,1722.5109,49.3333333333333,99.964,97.4090513299401,0.90973,14513.4168157424,4.2,24.0016666666667,7.78327228327228,60.4932180549889,4.9372522183702,6.8975,93.10552,3.64772624943719,68.1969233333333,0.926181023854381,0.764853660302748,0.208950505149101,0.535105861542867,1.34026671910679,0.084470628,361.312,25.6972693577061,47.8043569493724,27.017094017094,2.090717129,58.06786423,4.92530683063512,5.1619103364486,73.5,4.54989162616822,6.6586527871308,0.864181880631542,7.87968717371993,5.25359843381113,4.18858,59.8175677129273,11.3251403978079,3.94202351430343,0.664521346687856,38.3740368435037,897,-0.757001220167222,4.65953517152152,0.593437981439526,34.08897454,2.66075249864133,1.3391854,4.92622860762764,8.98128101031777,8.37862446908986,66.9985420307379,26.7392078905547,10.3484494779508,2.24240607627008,0.577234476586039,8.9538434636416,1.74806448412089,0.520607872953284,230.918971381283,6073528.12055897,2000137.65785841
"COL",2.35,-0.075877919793129,0.101034268736839,-0.458272933959961,3.38732976804124,4.53147757936508,5.26166009902954,17.9584999084473,14.2864103317261,400.827511650958,25.3980150832722,59.2901382446289,23.3475071973252,0.220899999141693,90.24729,0.136034336310142,534.822431101352,41.2333333333333,76.081298245614,78.5063800882098,0.7521,1741.72055653537,2.9,15.713,18.7236745663328,26.4723579641387,3.33045891236333,3.449975,41.97858,1.00163799370728,29.1870966666667,0.0700121505425082,0.0876362144134624,0.0540002260462049,0.02414909084897,2.21024881358118,0.141895336,1129.638,35.3607615790256,23.8834551576414,16.4407452152161,0.0598823112755213,43.9,1.89472190673466,3.98957013402062,40.8,3.72940508247423,0.0496670102887971,2.18424753041436,15.426825518875,2.35176501021128,4.19920666666667,2.54,0.245062813468505,0.062989736535067,0.0866011446091709,6.10372526419968,436,0.891475937491488,1.76471570191567,0.156760993263938,20.42205031,0.228204538144529,-0.08590589,1.26764708047788,1.67898535131736,9.58600967721727,39.650376594423,28.9819022033542,1.68881623347666,0.463408252536308,0.481460887982851,1.86848531186291,0.225911072715869,0.199807975302829,89.1102532707572,559171.393465299,91054.8617377144
"ZAF",2.7,-0.256946682929993,-0.223697945475578,0.0862350836396217,3.37894516906475,3.62816532738095,6.72007267297086,21.6984004974365,13.8622303009033,400.827511650958,29.5519031141868,23.7271003723144,17.7042198181152,2.50176000595093,462.392241306889,0.614792318,67.3836682232482,41.8,88.192298245614,84.9286745858021,0.88721,3643.60205264029,3.7,15.47,6.40340632603406,5.46648290040233,1.40036628167873,3.98195,90.95907,1.22989841818394,290.217363333333,0.209003801224823,0.11464797585363,0.089447389858758,0.103705236580381,4.59362616131521,0.179128955,993.745,42.0461835331563,23.9914416702218,11.1956358677973,0.217965921,28.72709132,1.32311700622869,4.24984739928058,76.2,4.01512586330935,0.1387439521867,1.21855053435906,9.79600886153426,3.17339556208211,4.27831666666667,11.3440945977716,0.430000947459715,0.203055914746741,0.149341032693241,14.573155085057,702,-0.0434846796987109,0.739153107552757,0.327337374836771,17.46011772,0.135947675612254,-0.20983854,1.9161418768912,1.07885867408414,5.32868002203104,62.2034290000214,23.3960079669909,8.44219774857313,0.729904015449635,0.339578148113912,0.338801866500139,0.28187713236977,0.75026655592728,39.1017944192685,261819.534053014,97721.378398873
"VNM",1.95,0.126466900110245,-0.382607728242874,-0.0854718759655952,4.91004040298508,5.21955908289242,2.88738689372749,18.4712200164795,14.3557836068499,467.890451491659,21.4157537468916,44.7536854027422,22.675479888916,0.267560005187988,767.88667,0.42494,103.243423911925,18.7333333333333,86.8091228070175,85.9261699812543,0.70811,2815.15429269783,3.3,32.2526666666667,10.3098646793489,22.9604966740443,1.85337507253784,4.32916666666667,125.91202,0.0860788545214528,57.0688433333333,0.135147629565653,0.0647253406657508,0.0526228266605007,0.0371673505075274,1.16500017641501,0.088100697,1631.796,36.6240609619886,10.5990807140837,8.23979293237913,0.38476,64.12012,1.89921296952051,4.72381668656716,44.6,4.71704097014925,0.0444608865836339,0.435031573797279,29.3602689997453,0.211685535924018,4.31357333333333,24.06166,0.659495402831238,0.038452907103584,0.395297950839309,5.30274617660541,350,4.57450164343562,1.04062587623858,0.2437808755777,38.12400743,0.00649779115684491,0.1889092,36.090736675419,0.571566234971606,4.33829518774656,45.0026750741273,54.7188193767868,6.54619233609649,1.32764210761687,0.114299548207384,0.349371082440913,0.171461330453904,8.82095203891545,16.2450311264331,990982.769101446,4334351.59838117
"DNK",1.175,2.01564884185791,1.83951985836029,1.90893590450287,5.38564677419355,4.91977488095238,5.28561704617211,22.2940998077393,18.3068199157715,490.630193077022,10.1844223394966,81.2308197021484,25.4136905670166,9.94614028930664,9078.5675348672,2.985813084,1927.06094494793,57.0666666666667,100,95.5302413011779,0.99924,5705.88235294118,4.1,23.1506666666667,22.6208530805687,41.0891895909328,2.3935561014666,5.4166475,146.59805,3.17741563689535,75.43468,0.793036717623639,0.667174065601027,0.248927075507501,0.394636021066987,1.34026671910679,0.121945296,496.696,27.6039161636963,48.5077777416945,26.1706319139263,1.82863252,59.56,5.48516136681348,5.20348851612903,87.4,4.82332664516129,4.01965163019205,0.842216954336388,5.86367812550379,4.04437760870513,4.31812,58.2584478277014,7.73335070535303,3.12840973150579,0.105072699800992,40.9284552321742,1081,1.18172647146505,1.55370244974816,0.618815845292547,46.08721143,2.30508157134209,1.1325066,6.47311065936991,3.43934141066397,4.87747472476206,87.284450067075,21.3612798695417,14.9685154952832,2.90631087649545,0.710938473921002,4.14048015930619,2.4334295630034,1.32578923375412,462.988169743484,4567778.55258299,802652.463460555
"URY",1.375,0.850249707698822,0.675111055374146,0.717662572860718,5.80740752941176,4.68303543650794,3.62239729367347,13.7088899612427,17.4839591979981,424.818854575611,12.5723533378287,76.3977432250977,14.5400199890137,2.26072001457214,902.41575,0.62592,0,16.3666666666667,95.2200701754386,87.2195745440197,0.88321,3766.08187134503,3,17.5366666666667,14.6243194192378,51.423543288145,2.94924554183813,3.5239875,28.85679,2.16246476827802,8.43627666666667,0.198042407835039,0.0916704177648557,0.00434366004050087,0.0636096760733528,4.82383404542073,0.229738058,123.223,31.8621780980043,24.774625315137,9.44649345074183,0.293808947460351,4.2,0.69852109250258,3.89051794957983,34,3.83223129411765,0.0799968001279949,0.960474385563643,6.95276412311326,1.78237789516976,4.59084666666667,2.07,0.128600823045267,0.120091399035583,0.154320987654321,9.75467242316775,256,0.633740287729621,0,0.228737372512504,15.75111157,0.329154869153488,0.0974317,0.958037493386306,6.08395669852486,10.5281207133059,13.2072232348177,43.3127572016461,0,0.662582822852857,1.09427372406057,5.05537318764871,0.274509914172734,0.0754542656019561,62.7327274980206,1133894.36455548,507223.181260993
"MKD",1.95,-0.0513173453509808,0.427339255809784,-0.168044894933701,3.43981751456311,4.38203703703704,4.52452627004452,23.5783290863037,14.781439781189,375.657578265208,8.02684528500131,53.1601181030273,22.7543657847956,8.39008045196533,922.47062,0.39502,0,0,92.5882456140351,82.6143887259301,0.66415,3331.70731707317,3.1,22.016,12.4075471698113,17.5473074537049,7.8330644476522,4.49125,52.3436,1.22989841818394,15.6571533333333,0.0212519058663614,0.0714514828412169,0.00358479075573517,0.0127993954697695,1.47393554014873,0.135242358,49.295,27.9644369561466,34.2266377527863,17.5629524926939,0.1,25.91,1.01321246608645,3.56744877669903,36.7,3.56976345631068,0,1.40313883228706,7.87251155748336,1.59092155306513,5.05777666666667,27.9356130850827,0.488239789420056,0.0862136119281874,1.25604763676963,9.23014504513642,184,2.89939090396802,0,0.124520255288555,49.36350234,0.148584819189459,0.27513185,3.32629518364144,5.10425568402813,11.1870595227987,-26.7220264035898,33.3276725821517,0,0.573151057145283,1.37191317957387,9.1453586161853,0.225911072715869,0.149331515508027,50.3482879077604,755561.582080631,178085.527115137
"ARE",1.5,1.60428190231323,1.04239141941071,0.881900131702423,5.76092532258065,7.24971698412698,3.89403009414673,23.3178691864014,15.6015901565552,426.813232593614,8.86969925044592,61.3456115722656,36.2060089111328,69.7259292602539,2606.78477,1.49469,363.176531126896,39.7,99.928,96.024654330183,0.91627,16466.1016949153,4,27.2176666666667,8.62383900928793,8.16387083608616,4.40894672794242,6.5177725,66.58649,0.0193553345417337,130.606636666667,1.1597853181895,0.322152182415138,0.0954363382946035,0.342057030735718,2.49998548785912,0.133489446,849.778,28.6875047318442,33.8640149020412,13.1952962764659,0.7917,51.15472003,1.37455065796472,4.90814209677419,77.3,5.10860806451613,0.103815450218167,0.665178248729178,16.1220943563446,0.903078141872322,5.15643333333333,77.8565,0.342138276500364,0.151292690561535,0.00250650752014919,10.1979575842161,371,-0.160827007604576,1.32789979017425,0.327800351519225,20.20280806,0.796483166955286,0.020361304,10.3990453842218,1.68313769129424,8.13487015664419,63.1565217755769,13.5777512366481,15.5479354236176,0.0927407782455199,0.4101479805228,1.24937048764293,0.823021913056406,5.71884142321684,59.658736819364,883602.481945847,1579428.31036108
"POL",1.9,0.421437799930573,0.780193567276001,0.458741247653961,3.0971221682243,3.82796829365079,4.61415714279024,19.7192192077637,16.9646701812744,492.279348173845,10.0762411510738,76.8794097900391,19.4295895723796,6.61520004272461,3881.06395496773,1.561494116,0,32.6666666666667,97.0166315789474,93.9186550933854,0.80371,4378.51458885942,3.6,19.2173333333333,13.8353339489074,10.85615185754,1.92187497386484,4.324805,34.84694,0.230811841283796,26.3881866666667,0.13211873742618,0.109298896534686,0.122010435520809,0.0817938469226607,1.34026671910679,0.086249688,1890.698,24.4292283534924,44.571348979734,25.4233412439434,1.008013544,54.76422723,1.91265059651629,3.85042318380062,47.6,3.9498111588785,0.276295544570662,1.01636045738928,8.89108371119377,2.44896090314899,5.23002,56.4091203531038,2.57476606594367,0.235480758957803,0.372443424003979,17.2999601205481,792,1.88286194835744,0,0.257122635979133,30.00405382,0.326396820558982,1.0261523,7.13490197643074,3.69541083921795,6.44137556514666,61.6873843771461,27.5491048255398,4.37953642521555,3.34585776564053,1.11736129031268,1.97359877447411,0.417445434864826,3.69140212586508,115.26770703837,2544306.02466637,524064.555407606
"CPV",1.725,0.0136766647920012,0.242902502417564,0.400105774402618,4.85614642028986,4.26,4.3482854136693,14.1414203643799,13.3067398071289,404.583957127852,15.2530319735391,24.2905998229981,16.1267604827881,1.44095003604889,28.66941,0.2017,0,0,79.5187368421053,82.0216521696587,0.68917,3252.70758122744,2.4,24.3166666666667,10.803664921466,7.98950836604116,0.367782272894446,3.3324537037037,55.67765,0.815551106742426,58.4694966666667,0.0293020796738355,0.046840533378181,0.0086250080574459,0.0184154385674281,8.9752227999251,0.235142495,5.83,42.0701007154953,17.1160780056605,7.56206383708958,0.04405,0.78134,0.747728860936408,3.92472955253623,38.4,3.9952115942029,0,0.152803029176948,8.05011900651769,1.81322739627928,5.38404666666667,5.57274,0.183891136447223,0.0112917795844625,0.0500882805945479,9.60548885077187,53,0.708976155249143,0,0.234658279331686,10.33915931,0.00362893650888484,-0.4314999,0.284812412674264,0.913401634110736,4.7811695476278,2.48643928448437,16.1824200073556,0,1.13058224985868,0.422975466278171,5.05537318764871,0.0768652608642972,0.0506570769535574,15.1610848321384,370941.028177986,12073.8335974384
"CRI",1.9,0.260196477174759,0.543547570705414,0.389316648244858,4.62922640723982,3.87678571428571,6.24841976165771,21.7858200073242,15.648699760437,403.598581613846,13.5267690812387,55.0202903747559,15.7750701904297,1.1640499830246,462.47421,0.33789,0,8.06666666666667,86.3240701754386,83.8402516770381,0.72169,2342.20532319392,2.9,16.3453333333333,21.7226720647773,44.4035905071092,0.993395263920958,3.271875,51.11969,0.317994270030406,3.13754,0.139735831603394,0.0686183488682968,0.00716958151147034,0.0409178798352087,0.898911876843394,0.218570774,158.645,32.4989506013156,23.182597143806,12.783566210178,0.104751878,28.97,1.22764723872051,4.01150194570136,34,4.18982695927602,0.00818665575112566,3.11345463459662,8.67795153516245,1.44749732853617,5.41831666666667,15.39,0.120818342909306,0.120091399035583,0.0268485206465124,5.37048126319771,252,4.09773009863606,0,0.251696457998604,33.87357402,0.0266125001874623,0.23769884,9.09439371465404,6.80342734769601,2.65800354400473,39.3485645992968,91.9964559952747,0,0.0219274202390089,0.818143505849171,2.4331058109055,0.238495014179243,0.269476293173228,37.1868538539466,806334.082210284,43003.8919940548
"NER",3.8,-0.640915930271149,-0.816925287246704,-0.70808869600296,4.56830193939394,4.73992063492063,4.07412707618114,11.7636604309082,6.34468984603882,363.761370876835,36.4920214898565,4.59342219916848,12.3428201675415,5.40694999694824,41.39064,0.25126,0,0,45.5665263157895,45.7982188151818,0.30839,29.7596337275849,2.5,23.4093333333333,8.2780487804878,1.24189556020649,0.0607558021791081,3.3324537037037,10.9931,0.181052734757891,13.1637166666667,0.030991457654436,0.031605014219318,0.0086250080574459,0.00688313007589789,7.99841582754436,0.327007916,55.547,66.8673878401446,2.02398790930257,0.310468120712595,0.00973833261557792,0.8253,0.571602612469727,3.60153220289855,38.4,3.5319299697876,0,0,10.6768492924459,1.4573159208681,5.44815333333333,2.18339,0.182267406537324,0,0,2.35836318793094,113,1.75142563497947,0,0.0237217765322632,10.10574566,0.000545382191429462,-0.4314999,0.101668139249957,2.66952152491385,0.0810077362388108,2.48643928448437,0.729069626149297,0,0.0202519340597027,0.632179906704727,2.68814949724078,0.0634294986316351,0.000945834800810543,2.15836280513981,2571.5542333683,2006.61147946737
"UGA",2.9,-0.549508571624756,-0.517365336418152,-0.474925845861435,4.39489269256592,4.09332341269841,2.56105027176925,10.5970001220703,9.41360949617751,360.504686515173,20.4861737987774,4.80479954140831,19.6662998199463,1.35794997215271,12.44448,0.3109,0,0,56.7780350877193,45.2062519611428,0.60691,122.328042328042,2.5,22.7196666666667,5.11602451838879,37.3843269580746,0.876858558902021,3.6525,14.81255,0.271392168371606,18.0250266666667,0.00866333606659083,0.122693668223,0.0129594159712455,0.00334802038121204,5.82889018920389,0.235432252,170.611,64.6022720218125,4.51818648819613,3.29234842601673,0.00636,1.50906,1.32079859873296,3.58604145050049,43.8,3.59653806686401,0,0,7.78843079963158,0.429001444139964,5.56027666666667,2.18339,0.190621425848265,0,0.120726903037235,11.687405853081,253,-0.607404573080021,0,0.0119000502881843,5.59502914,0.131236325577997,-0.5735074,0.151036942841956,0.489521877004958,2.03964925657644,2.48643928448437,13.7056805184903,0.375097350477613,0.330410471470327,0.0306697290924825,1.74457886655376,0.0634294986316351,0.0582813256499259,1.19830847250083,72761.2049163302,12457.5127904261
"HRV",1.6,0.712653696537018,0.643900275230408,0.36060556769371,3.36496485714286,3.50779968253968,4.77277221206581,23.5783290863037,16.3481502532959,473.757195114625,6.13572434513191,80.7626724243164,28.7269108775421,3.56020998954773,2543.64311248245,1.387634981,0,6.36666666666667,97.854649122807,93.3080646576001,0.87347,4485.63968668407,3.3,23.4043333333333,15.5127892813642,31.7556765552995,8.00285048526118,4.52984892857143,47.11687,0.317994270030406,31.9723233333333,0.246931119662949,0.139556794839789,0.0132327465522454,0.0678732540931511,1.34026671910679,0.083948356,187.192,24.163289298481,42.2725112853409,21.043973426131,0.756616921,40.35289593,3.04527424215242,3.36289585714286,36.6,3.76032011904762,0.124626984511635,1.00020403761621,8.03868400387013,1.63222689611078,5.63436,25.3784978510102,1.21598081578173,0.283133894610881,0.113114494491324,23.6121201760759,413,1.56037930392723,3.12408880743117,0.0458745143182201,20.60045988,0.293316985642713,0.90565515,4.09956692578763,4.01433414954705,16.5938963418772,55.1757923964389,23.3581431124584,0.272389303119923,1.79852046241205,1.82971971090173,8.77953811581601,0.497936547837995,0.626705069731853,97.2129688043536,1875934.51331608,263621.67962025
"LVA",1.475,0.696560978889465,1.17222261428833,1.03986096382141,2.70449359016393,4.92701615079365,5.3721694810521,21.8561305999756,16.1250190734863,483.856957696978,9.75923746763944,85.7360610961914,19.6691998211891,13.3743801116943,2189.6980023789,0.83,0,14.7333333333333,96.3878596491228,94.7503424442005,0.80915,3398.93617021277,3.5,23.6716666666667,12.9797752808989,32.4652821561125,4.30543244269976,4.9430725,28.92317,0.230811841283796,20.8456333333333,0.35988191402589,0.273933179250377,0.0130575784009372,0.205381908504411,1.34026671910679,0.161383416,81.798,25.5891905306545,44.4997736532368,27.6668290306868,0.298037034,37.32,2.11418201852009,4.07374232786885,45.1,3.49786845901639,0.317423674034743,0.142712528378996,11.9332738604677,1.95530891879565,5.65965333333333,31.6990291262136,2.11472711156135,0.44795471771926,0.372443424003979,16.7608009975794,243,2.06144307695931,0,0.103047150817655,14.83403355,0.0461181345875188,0.6781466,7.57373226339179,4.75290368642988,10.8142332531341,0.324783255376371,35.9250348233506,0,2.089401038369,2.58997416512707,16.8880277700588,0.497936547837995,2.93881146850269,142.574611646256,2434457.33024198,1769423.51065309
"CHL",1.875,0.71755576133728,0.925731718540192,0.625093758106232,3.25657,5.05593015873016,4.99923992156982,17.9584999084473,17.1410694122314,434.406310181025,17.244146837005,104.734062194824,21.3828028850282,1.4953099489212,730.89461904022,0.390932802,0,47.1,97.3526666666667,91.2627025663985,0.86119,4395.79158316633,3,23.6543333333333,12.1347002335842,31.5255244437746,1.62252809478178,3.740855,109.48999,0.230811841283796,107.318856666667,0.202954657827708,0.149676136216236,0.0662164878694002,0.102179394217897,0.322971135278214,0.171045739,674.388,29.2348091414865,33.9008615347438,13.3706805873896,0.164290412,39.84603373,0.869754511482342,3.84544366906475,52.6,3.79278804316547,0.174825483551394,1.62868447724431,7.85816960504731,2.44976522540791,5.77502333333333,35.8531290818273,0.614476124102398,0.250685510418335,0.149341032693241,15.9136876694129,555,1.09869851755878,0.690150176678445,0.599085759770413,21.48116048,0.0592782090096244,-0.21626835,1.80368809675855,0.573927424266585,4.33555685537566,43.0244804725597,72.3417296180603,2.92099436837456,0.0684479733177355,0.17287000394653,3.67093286784981,0.449180365462428,0.142783789090378,54.5155301698117,618039.041201135,131799.911422047
"SRB",2.125,0.00763431889936328,0.137915700674057,-0.0745044872164726,3.74199776811594,4.71597708333333,3.23938989639282,21.8561305999756,15.0421600341797,442.564100243589,7.47399067169722,73.2060012817383,33.7311592102051,4.59501981735229,2515.35980637225,0.88,0,5.66666666666667,89.7686666666667,86.9230808907733,0.85397,5889.55223880597,2.8,23.4813333333333,8.60314465408805,18.6173941184643,11.0142190624306,3.842225,33.04483,2.55578459553238,31.9723233333333,0.0551278423258457,0.0245366524159596,0.0283175480512418,0.034725912060514,1.63329674883421,0.088855303,191.561,24.4764085016073,31.7839729119639,16.9598470885198,0.38,0.89,1.07820537555252,3.50061090338164,39,3.7545996763285,0.103702839513374,1.44346581504947,6.73135453466679,1.9213371476578,6.64266333333333,10.9548039509129,0.733170406576316,0.215432159990812,0.366585203288158,30.3036630629408,384,3.39828399964574,0,0.0355093789530109,23.26260442,0.436786110403614,0.73980904,3.09747919507542,8.03345420715321,19.8566985114419,-371.298464563929,24.1835147744946,0,0.46656298600311,2.25997810146784,2.50968319432477,0.274509914172734,0.535148030678185,36.6936517300889,1623488.72798238,540106.317256279
"ALB",2,0.250855356454849,0.171953663229942,-0.164097368717194,5.03203947368421,4.5429188712522,2.91805949394265,9.81437969207764,14.5101499557495,367.541409684511,9.33284400500842,64.7293472290039,22.5286693572998,1.65798997879028,41.39064,0.08969,0,0,90.2049122807017,79.266151183651,0.81441,3252.70758122744,2.5,21.8446666666667,20.4882629107981,62.4605563865147,5.90383113226398,3.20518518518519,32.38944,0.634217245048476,18.0250266666667,0.032969242116996,0.046840533378181,0.00240798396777831,0.0175897065194469,1.10887128832291,0.106720304,58.196,28.9372428295354,21.3639823711898,13.8459464502516,0.05014,6.9331,0.532263630089717,4.54280770676692,34,5.10059004511278,0.0437397484964461,0.356498106340939,3.84157406742548,1.26024375867511,7.07374333333333,10.9548039509129,0.308815782303039,0.137466492542443,0.0181656342531199,5.72204275207918,117,3.66788920210275,0,0.0832710691402794,6.017694854,0.161454286048514,-0.25830767,0.128958943215647,2.2037667123515,12.6796127086777,-26.7220264035898,31.8261912114661,0,4.12359897545823,1.09560955856318,2.95219946240448,0.144864890563214,0.104677711626406,34.0003369223682,511674.757607215,20515.6087765952
"SWE",1.3,1.60138332843781,1.71801710128784,1.60402345657349,5.193683,4.74206365079365,7.11529389138771,22.5555992126465,18.5435390472412,487.430180123307,12.6887924892814,81.3998184204102,28.6632194519043,7.28443002700806,10413.0035519461,3.602161316,3695.58770576256,63.5333333333333,96.744701754386,94.3140813619211,0.88361,15727.7039848197,4,25.7693333333333,12.44008033921,71.2167287491041,3.06176981931093,5.4166475,127.81489,1.22989841818394,108.2252,0.849468422678593,0.712724761416518,0.450312528845026,0.466967739977802,1.34026671910679,0.088830836,763.589,28.3899547249075,57.9806894470846,29.3740341666843,2.675870348,60.6533727,5.39677306418603,5.237623,88.3,4.797599,6.38332821288103,4.61500562474343,8.9445013088,5.14991069331066,7.16113333333333,76.376630370296,9.46672709930119,4.25856239416754,0.314293647911778,37.1508756674075,1232,0.388320596297989,4.6056545289458,0.679752003283687,37.93630013,3.03987585984934,1.5885298,8.75909367233611,7.09855574203693,3.45683689277041,77.8644221621794,29.1957273225411,18.9720764582485,2.5462884666121,3.84366248759576,8.2993458708785,1.94649899687867,1.49174500296732,333.458404600423,5234029.26360098,1845447.67725976
"LAO",2.4,-0.6432785987854,-0.927797913551331,-0.832905530929565,4.8676505,4.09332341269841,1.23375160355741,9.81437969207764,8.88279025245385,367.541409684511,16.5979372751799,14.8841695785522,23.1434307098389,0.576839983463287,41.39064,0.05876,0,0,78.1292631578947,69.2699385521919,0.32648,6776.89243027888,2.4,21.8446666666667,8.92207792207792,55.5179562018747,0.299422542239966,3.20518518518519,27.85752,0.815551106742426,15.6933733333333,0.0433790009933245,0.046840533378181,0.0086250080574459,0.0183952397162544,0.73998989034006,0.135057316,74.76,48.2775347333758,8.95402194365139,4.63694821025039,0.0278,6.9331,1.56432673148354,4.6211885,39.2,4.552502,0,0,4.03980063353939,0.182510568185052,7.21036666666667,5.57274,0.0142582162971412,0,0.0427746488914237,2.94275013376137,130,-0.718681027920047,0,0.190065255233988,4.752120798,0,-0.762664,3.2068816265561,0.273045287266676,1.04084978969131,35.8627278333176,14.9853853282954,0,0.0427746488914237,0.0306697290924825,2.68814949724078,0.0634294986316351,1.48144600469038,15.402302154138,31730.2561302159,1599.27143970178
"GEO",2.025,0.791285872459412,0.946578145027161,0.177279338240623,4.99997545454545,6.7952380952381,3.73861002922058,21.8561305999756,16.4421100616455,382.650010086047,8.51876852156734,78.2652206420898,20.1034297943115,15.2279796600342,1768.16486,0.25283,0,0,90.7816842105263,88.1207265713759,0.56522,3891.89189189189,2.7,24.613,12.7884972170686,32.9751442721521,0.258492557568447,5.13,66.05713,2.16246476827802,4.26030666666667,0.174488161374826,0.050900969370377,0.00221562205807751,0.0372942409652548,0.322446579949411,0.129244095,102.245,32.4347171857383,24.7111136370229,19.5284191245471,0.05014,1.70507,1.08280030057414,4.15068881818182,31,4.455644,0.0712748214565723,0.621388302273877,6.87902668604958,1.07381664515827,7.55763333333333,15.39,1.03397023027379,0.0668326079514891,0.753936626241303,9.09579930558951,268,6.26310396108015,0,0.0495402583665358,11.16001574,0.0708454790962834,-0.057847843,0.765957600112689,5.44030382903298,1.71251319389096,13.2072232348177,32.5916033000883,1.23568564108277,1.83098894944316,0.778492073132221,2.6667601302598,0.144864890563214,0.293684789436442,29.7650438745961,1715865.10727334,185579.002313081
"BHR",2.2,0.697198748588562,1.07798528671265,0.468770444393158,5.63912038961039,6.11999821428571,1.98779730730604,17.3844108581543,15.5048503875732,387.240090643748,12.4384147714479,57.0562210083008,17.9895896911621,10.1203298568726,655.14938,0.56486,0,17.4,100,94.9049211970572,0.90305,24251.7006802721,3.5,28.642,4.42892156862745,0.0467271478307767,2.39664469742361,5.01135,70.55008,0.611956051334519,67.91307,0.282839963576033,0.155871825504094,0.00825218881941805,0.127654822411743,3.51980570929378,0.296179307,105.646,30.6893742039796,22.6505039826039,7.79734015446499,0.06835,28.72709132,0.369526358899133,3.88551571428571,60.4,4.56495457142857,0,0.332653681015976,3.95831533659989,1.56024779271998,7.79326666666667,6.98233,0.129818254443779,0.0410171705507071,0.106576966819524,6.37033110576832,145,1.08409371326954,0,0.440932756168334,9.819676855,0.212429581506884,0.31873316,1.5337169456007,3.67056910826701,6.0714999001398,5.28279125070633,4.31630161104064,0.699747653174523,0.0998601957259836,0.0389660368385062,0.805582363546431,0.364342698673376,1.07891257385562,18.3241736022282,540177.57236109,56534.7796889704
"NIC",2.975,-1.08494555950165,-0.878058850765228,-1.27818691730499,1.87007308006287,3.73949910714286,2.86578989028931,5.99731016159058,11.7916402816772,402.619963973593,36.3968914357485,30.3635101318359,19.5380306243896,1.70876002311706,32.94427,0.10742,0,0,66.0232105263158,69.9486033003305,0.44927,628.776978417266,2.5,23.0686666666667,9.30073349633252,26.4544748210857,0.15873855759564,3.3324537037037,29.96966,2.94999113214656,15.6933733333333,0.032969242116996,0.0374748408500693,0.0020537530464865,0.0189199807432772,1.82462101577251,0.158300162,60.374,46.5521227256511,8.42259347377597,4.43549469027076,0.0278,19.44236,1.21123321123321,2.34630417823792,35.9,2.8467001914978,0,0.0145263587366569,6.27332532766286,0.3382949932341,7.93091333333333,5.57274,0.0591401029037791,0.00414085533507801,0.0288234276820199,1.25882002186372,117,1.87686000599082,0,0.0474876196461809,13.64548531,0,-0.77302575,0.248940421955882,3.03391541551217,0.670229465403813,35.8627278333176,39.4147975607841,0,0.134624952442272,0.0987064998746872,2.60232899770865,0.0634294986316351,0.388723045427959,8.24243267044794,134310.168425458,101.317482752942
"OMN",1.9,0.274613231420517,0.434537470340729,0.612812101840973,5.42837701587302,5.04681591269841,4.19907999038696,16.5131397247314,12.9640302658081,404.360452038635,11.9341236634124,43.8433609008789,33.3145713806152,2.66907000541687,655.14938,0.36729,0,10.5666666666667,99.1,87.5713908964036,0.80774,9338.42794759825,3.3,24.5333333333333,6.0363963963964,0.963695942094654,2.51523112179308,4.575165,58.30516,0.611956051334519,21.08322,0.111103076821971,0.0245582212172884,0.00367766400840807,0.0403445642632475,1.95671977981183,0.240369253,222.058,37.9679811046768,21.2616525429755,5.89928460279808,0.06835,31.79342,1.05285439863568,4.77419798941799,56.4,5.04299908994709,0.00573878211565942,0.559448909967222,5.4674162210746,1.02653083977537,9.23758666666667,0.32183,1.47653382520075,0.0120090246692306,0.231311924129689,8.1465202784858,243,0.408118340849104,0,0.0407011135804667,26.0718184,0.0170182782668631,-0.43996128,1.77657230969033,0.448563107495386,4.60194138579919,31.2330077868001,33.5270992864196,1.86986325984224,0.0439981618545714,0.0389660368385062,0.263933755794501,0.274509914172734,0.366022190049371,6.34749732757251,193855.499184775,270696.752857113
"KHM",1.975,-0.305874288082123,-0.684618413448334,-0.819127440452576,3.70394875757576,4.38203703703704,2.95115223529243,13.8670701980591,10.8393397698345,337.447661313615,9.89969434918742,17.4362361499325,23.2045497894287,0.258630007505417,30.38923,0.11823,0,0,78.525298245614,81.7558550715049,0.45034,812.979351032448,2.4,33.125,11.6790266512167,22.8214754275977,0.401767778224186,3.2229025,130.12972,16.106579225587,22.61737,0.0368027173169868,0.0185500118805154,0.00310057827930566,0.0169373472761241,2.2633869344,0.196442389,139.801,46.7624769434705,5.94230960897148,2.13332739960459,0.01597,19.44236,0.994673929348671,3.13596172727273,36.4,3.78181887878788,0,0.135662343068666,3.62124493562838,0.600075609849391,9.25591,4.32809,0.0077263034273882,0.001788256164119,0,2.48209955579717,150,2.65845930152616,0,0.0271958096393775,8.965598573,0.0434409182517798,-0.21560961,8.2362126112082,0.836665791458527,1.29029267237383,31.8955111783916,16.0938900392496,0,0.100441944556047,0.125861280501413,2.68814949724078,0.0768652608642972,0.600995580999426,4.66547016521444,214545.215213171,284070.728099384
"SYC",1.5,0.624744176864624,0.211075112223625,0.432935118675232,4.80252933502197,4.42349206349206,4.45409960547034,13.9250202178955,13.4356098175049,363.761370876835,11.2139800285307,14.0341396331787,27.1739101409912,0,57.61826,0.2017,0,0,91.0495087719298,81.8167620125206,0.4638,1088.2070949185,2.5,24.3103333333333,11.5962732919255,2.03548240350923,1.27648710748021,3.6525,24.51661,1.57794584292247,76.3475433333333,29.2328932458031,5.49576079905193,0.00764188940652609,4.54864124880929,1.49081750514052,0.235432252,4.136,32.3926796204248,34.7378175616392,5.67216474399233,0.00973833261557792,1.98156,2.2193617658668,3.81211733818054,42.2,4.20109987258911,1.00806451612903,0.151327195817815,3.19346912519639,0.11693654045897,9.31525,4.32809,0.255297421496043,0.725314313346228,0.0241085850671424,15.715667311412,85,1.08382795378988,0,0.0959772072217626,6.86634266,0.0688605402280228,-0.21560961,0.121751314157509,0.432555755851826,2.80827163645647,31.2330077868001,18.8920091907072,0,0,0.422975466278171,9.65817155359416,0.0820859202366601,0.0385251479438763,823.659141728183,5294371.10096895,11447815.0226669
"MNE",2.1,0.247063115239143,0.374201148748398,-0.0421564690768719,2.70722143243243,4.71597708333333,3.74101537546807,22.9407405853271,15.5365295410156,404.583957127852,7.5788556880611,55.1743011474609,21.0093134069742,7.90129995346069,753.638003028053,0.36,0,0,93.9491929824562,89.6994205241924,0.52142,6801.94805194805,2.8,27.7423333333333,11.8715596330275,41.5537092350114,4.10547923574925,4.25117857142857,43.02398,1.23507131680282,31.9723233333333,0.0551278423258457,0.0245366524159596,0.00495395945339283,0.034725912060514,1.00259764556589,0.130617393,20.181,30.2733560076368,37.9731642985993,18.2018129295747,0.05,11.79,0.89716505465145,3.48198110810811,35.3,3.27843538738739,0.0658848333113717,0.198627470610667,6.27067171805071,2.71514031767671,10.9416666666667,12.4760076775432,0.42107479341018,0.247757791982558,0.366585203288158,20.1179327089837,105,4.03790615400865,0,0.314103057542709,7.303356812,0.0208349966424379,0.18379122,0.348237464685148,4.71488022099249,8.05305542396968,-181.358812603803,27.1264367816092,0,0.578977840938997,0.686913055956663,2.6667601302598,0.265832670092852,0.166350585105429,2538.5717638906,1882734.41604167,1749728.87014317
"NAM",2.075,0.0308966562151909,-0.0622607916593552,0.445467591285706,4.64393522641509,5.1697255952381,9.3919470845238,11.1996803283691,12.5904502868652,382.650010086047,25.9180847514181,26.1094608306885,10.2908802032471,3.13963007926941,224.81068,0.64647,0,0,79.3045263157895,73.3393459236387,0.49958,684.615384615385,2.9,24.0843333333333,12.145,23.7534002158556,0.571720879848344,4.23625,61.03382,1.57794584292247,18.0250266666667,0.0293020796738355,0.0710144727961905,0.00953377344142158,0.0132658409814454,2.40161562405907,0.279225836,35.071,54.4214370195724,18.0766335691119,7.40456647417015,0.04417,2.08604,2.63945155750002,4.46631969811321,39.2,4.0767276163522,0.146584579302257,0.128294894486898,7.24222848350643,1.42450469652295,11.25156,6.20438,0.519531123161347,0.014256793362037,0.129882780790337,8.46853525704998,137,-1.4224233653532,0,0.123497699883898,3.421079308,0.080994314485592,-0.5505019,1.05967667050143,0.30367532959738,1.44434748593266,2.48643928448437,12.3713348702796,0,1.20141572231061,0.513549321165517,9.65817155359416,0.0768652608642972,0.0947222449871576,24.3208247163302,118640.814392194,263889.056290394
"MRT",2.5,-0.763598620891571,-0.997108280658722,-0.639136493206024,3.81720423698425,4.09332341269841,4.79050016403198,8.72338962554932,7.94755983352661,367.541409684511,28.7820356628641,5.97194004058838,34.5507392883301,1.44821000099182,187.83669,0.01019,0,0,56.6046315789474,68.2807383013687,0.16879,442.821017139646,2.3,40.1413333333333,6.01152073732719,7.99918253276794,0.257975750279474,3.20518518518519,22.72354,2.12097362515605,18.0250266666667,0.0806217534867049,0.0415052262781413,0.00519011340092071,0.0242964057769758,10.0797433979591,0.311808741,37.285,62.302932832819,7.40380283072377,0.652367961177254,0.00609647949018557,0,0.687645687645688,4.04347848892212,42.2,3.08045983314514,0,0.00434558675018992,2.78085469755795,0.549654192668205,11.4112133333333,2.18339,0.0573279445065497,0,0,1.77014885342631,62,0.241575743541551,0,0.132367015420623,5.59502914,0,-1.3512003,0.0860802623495007,0.190703893407814,0.458623556052398,2.48643928448437,1.94915011322269,0.375097350477613,0.0286639722532749,0.191746914379186,2.68814949724078,0.0634294986316351,0.00123126484715133,0.967391471314801,31912.3978321494,1253.89714532629
"SEN",2.15,0.0696751922369003,-0.345079481601715,-0.273632854223251,4.26340620560748,5.10960317460318,6.16277045366329,31.3264293670654,9.12234973907471,382.650010086047,23.0371793260686,16.0710105895996,20.0630702972412,8.96603012084961,572.42133,0.5772,0,0,75.384350877193,71.8205777007467,0.47789,435.912240184757,2.5,44.5566666666667,11.0645161290323,4.9699093780279,0.333597910986875,4.23625,31.29303,4.04724160656631,18.0250266666667,0.210817562792783,0.241191681286329,0.0143047755061556,0.124714737743851,8.26432599148398,0.177198197,94.351,58.3917763651525,5.17066443401144,1.9857540471244,0.0278,2.08604,0.347969326124299,3.71940405607477,43.8,3.45840370093458,0,0.115402277333207,5.18469157286497,1.24196513265186,11.8451633333333,6.20438,0.241570901059461,0.00353361384617015,0,6.14725864060794,169,1.19674877990885,4.49687863718125,0.219959604412484,22.09561584,0.0735990625742317,-0.6747872,0.222943689696932,1.70403515238303,1.21935788153823,35.8627278333176,4.75089438750273,1.58009734419638,0.299087782264095,0.887806547794075,5.9126000950806,0.0634294986316351,0.029085408747533,3.33241774278724,69277.0198387505,18252.9333502429
"EST",1.3,1.2634699344635,1.42964351177216,1.42638897895813,3.90857232653061,6.03741041666667,5.74793241568771,18.8587093353271,15.6005001068115,515.596354328843,9.0956951901484,67.6179275512695,27.5299977360199,11.1033601760864,4782.98303516258,1.838777012,0,17.3333333333333,98.3351228070176,98.3507092554067,0.99535,4138.68613138686,3.6,27.7036666666667,11.7417721518987,14.2102002104858,9.01221759395469,5.47054375,57.9112,4.17450615151118,26.3881866666667,3.09094306755405,2.015981388795,0.0606974996626195,1.21620232123282,1.34026671910679,0.100614376,65.537,25.8947116271596,46.433645922137,28.3713054187192,1.062144309,49.47462901,1.74839139819786,4.27278812244898,55.9,4.08775851020408,0.767114149920787,0.265076519355501,8.37375829919098,5.97588079585921,12.7194266666667,45.9819378539721,1.48655135570387,0.609573218182096,0.55745675838895,32.3328806628317,412,-0.799608238286367,21.849963583394,0.118641229845604,26.28190476,0.634728094979953,0.95019597,6.93397538269773,9.42766366360015,15.4539401353381,49.8365769573281,68.8613945709906,1.29963141980622,3.08149708109447,3.40659908133849,29.6450324983669,0.817056948765308,1.33566772423606,219.123192375401,4281099.65270206,4675246.32516904
"MNG",2.2,-0.47153577208519,-0.175534680485725,-0.184480711817741,2.91,5.06283247354497,3.74101537546807,22.9407405853271,13.6077896023219,405.131846233508,10.3120948551735,66.7758636474609,17.8405494689941,2.525710105896,535.37392,0.08365,0,0,87.8355087719298,87.494997810829,0.82219,2279.41176470588,2.5,37.3853333333333,6.11402157164869,2.31801822661002,1.43591052681962,4.23625,38.61348,5.33725757239946,22.61737,0.0210854228494108,0.0267974595686581,0.00240798396777831,0.00887903283967094,4.99297775478812,0.284470807,67.691,46.2604745267697,25.9145776711559,20.3383039320793,0.00874,8.09059,1.5878619961687,3.35600425903614,35.8,3.34681185542169,0,0.286175024940111,6.00604278645446,1.11320932044245,13.2937166666667,6.20438,1.19659210568301,0,1.29231947413766,10.2967898243489,146,1.82765515865027,0,0.0918499735007039,4.16400831,0.0134967617929549,-1.534846,0.458246159569771,0.40923985172603,6.11059701968793,13.2072232348177,133.412042502952,0,8.45591754682664,0.176889645474232,5.9126000950806,0.134417136672817,0.0189102239526458,11.7717594500381,410927.874981651,27181.0127061537
"CYP",1.7,0.73773992061615,0.778258264064789,0.628040313720703,4.3597575,4.03853,5.10776785360708,34.33203125,16.2155990600586,403.428307265242,7.85481041694778,98.3045806884766,10.2000424118188,20.2486991882324,1675.29955198908,0.68,0,10.0333333333333,99.054350877193,86.8363013619274,0.82165,5804.34782608696,3.2,21.1386666666667,17.2666666666667,8.93891792685987,4.98676589052131,3.61009392857143,62.69626,0.317994270030406,19.35427,2.41289575262588,0.737433419413359,0.0188313929353153,0.942613846453246,1.34026671910679,0.183637565,55.14,26.4806621168626,42.3408624229979,29.0944968208726,0.28,35.66,4.35044900683461,4.0159215,60.5,3.8201015,0.916611288068013,1.22233168275211,3.19012700332274,16.0148246063938,19.12325,33.9622641509434,1.05489278453335,0.604105912223431,0.55745675838895,37.4138556401886,328,2.20942716546615,0,0.139429765214855,13.87189643,2.20615377285879,0.17040469,0.650257769928243,26.6068210478331,16.1302696689555,37.1594764595987,95.5924661475316,0.971105627636711,17.4728604856343,4.59215216095616,6.0173480143253,0.817056948765308,0.122938443624892,227.624062950229,2499539.50270275,98744342.4777995
"MOZ",3.05,-0.716628909111023,-0.708528399467468,-1.02632343769073,3.40943789482117,3.21588183421517,5.97607342054314,18.0420303344727,10.3953104019165,402.619963973593,36.5437937561972,7.31912532595168,9.56000995635986,0.35945999622345,44.41136,0.30814,0,0,50.068947368421,29.8357808002369,0.39591,593.266606005459,2.5,42.014,3.63877028181042,62.1967587580689,0.620248453809212,2.23347222222222,18.48825,1.36202851570118,22.61737,0.0368027173169868,0.0337404400824959,0.00519011340092071,0.0175471661461875,4.28921613237997,0.284470807,60.29,64.3958430894058,4.43772000500233,0.958881002293544,0.00148,0.47172,1.97492684474497,3.04251599311829,36.4,3.09740328788757,0,0,6.05762665600966,1.20780563107558,20.5210066666667,0.30038,0.31898491910188,0,0.177213843945489,8.27666279648366,150,-0.24530654963677,0,0.0227432894087007,4.307008379,0,-1.5526813,0.166240626500141,0.130346205849557,1.22277552322387,35.8627278333176,28.7086427191692,0,0.655691222598309,0.116702140764799,1.74457886655376,0.0634294986316351,0.00762940073309825,0.94925254459482,18263.0065024683,1244.922306485
"SGP",0.8,2.31747198104858,2.30859136581421,1.75317537784576,6.44865757377049,5.4534444047619,2.19099857819757,17.2234497070312,16.7422790527344,559.550138962431,14.4987270412802,98.0222320556641,35.9468612670898,13.7241697311401,8621.36161078588,1.846453785,754.672686024305,69.7,99.8666666666667,93.549029511185,0.98306,10024.6913580247,4.3,21.7863333333333,16.016051364366,0.528213022776124,2.0330322981144,5.9460375,129.07161,0.446289901288334,154.600306666667,3.09568356687307,0.975249309110584,0.421366450451519,1.28040601971431,0.00548921067587401,0.246367157,879.978,25.6030446530606,60.6305341570864,30.8909120946516,1.184628502,59.18857907,3.83224281764522,5.29899209836066,96.5,4.91410478688525,2.46408855144411,2.25333968171305,21.8899217424511,3.43109094326624,32.1376866666667,54.2439116485611,1.93514113637313,1.22063097031971,0.314293647911778,18.5527365456864,873,1.86473656224509,16.3888023499043,0.208508439776573,79.64692541,1.68981386020038,1.9894205,25.855657925102,3.29034106593745,5.82333032895012,50.2821204545526,15.8547868181194,13.8348942988117,0.5754090238938,5.94297309916394,2.59793793006697,1.51479421743579,3.04975808844643,117.949120850445,14402260.9693772,5617380.60185001
"HKG",1.1,1.55483567714691,1.60433173179626,1.29364585876465,5.317577,6.11904761904762,3.80310010910034,25.2387790679932,16.8958606719971,520.157273846251,10.5926372580133,100.461082458496,30.5260104319401,22.4330101013184,5273.74369,1.10339,1927.06094494793,82,99.0666666666667,94.4871401961394,0.844,4911.56462585034,4,15.77,36.7237185056473,0.40443415926657,2.19955081685679,6.1675,248.75861,0.230811841283796,1507.76958666667,1.9923450608871,0.279012670054755,0.085355903691182,0.564394937611774,0,0.227108935,569.828,17.6254678832397,41.1090773324132,16.4100659273613,0.38772,49.23892,2.12962591211317,4.84690766666667,97.1,4.79408725641026,0.622425329434985,0.289103059137594,55.1938092949383,0.382726935160518,34.4480166666667,35.5995,0.862387124652959,1.84173578212642,0.80674924564309,40.5947057708642,863,1.24180424838646,2.68921022515916,0.362613597685711,10.16062738,0.106337050671529,1.5488814,0.0819930420406261,0.576301467111405,5.74924749768639,44.6309775289591,47.1104467536225,7.23059208777656,1.29450798496294,0.122084100949475,8.24212791675021,1.83460637351513,11.5025194605158,258.489116053142,3585941.68380915,6071157.15203688
"MLT",1.6,0.397335052490234,0.687359094619751,0.702327609062195,4.03851121568627,4.34831458333333,4.78512342329008,33.2246513366699,16.1780300140381,458.967896633958,6.79287158763334,80.5250091552734,15.4239766081871,29.5557308197021,2341.10812451227,0.61,102.54781693418,0,99.4876842105263,92.2633276702447,0.87492,4433.96226415094,3.3,21.4153333333333,33.6883116883117,2.07778728807729,2.21333333333333,4.55838,65.0133,0.446289901288334,26.04233,1.92514043421496,0.396607639476943,0.0100326796159119,0.527835562680051,1.34026671910679,0.250805695,40.316,21.9533302652881,45.3066332916145,19.2254969156957,0.34,58.28,1.51358930677946,3.99071815686274,45.6,3.92785090196078,1.65672630881378,8.10623620884061,6.01737507389118,3.81343487616018,224.254353333333,46.8873128447597,1.44,0.429926083936898,0.372443424003979,13.9646790356186,201,0.847768791389159,3.80778310867413,0.285601003213227,67.03741701,4.02370982129568,0.82458675,4.40895600058932,1.30125466938081,8.37333333333333,74.7946739320026,112.906666666667,2.04634072043256,8.05333333333333,18.3096191777759,7.74619339146421,0.605762321655318,0.120947372569071,292.369693713057,1845175.40492823,693620.369268115
"VEN",4.45,-1.599200963974,-2.02624750137329,-2.15153360366821,2.06334355844156,3.02534384920635,2.56105027176925,16.0352592468262,10.6018104553223,363.761370876835,9.47630601338493,26.2334098815918,14.5400199890137,2.51405000686646,179.95961,0.69,0,11.6333333333333,64.0822105263158,37.1781027313311,0.35756,2912.36749116608,2.3,11.5953333333333,3.86882494004796,24.2225914719111,0.0758952076919793,1.99202083333333,37.10302,0.669888035739983,12.2535866666667,0.0197492689932057,0.01946266094681,0.0020537530464865,0.00836825213605146,8.72116386422196,0.24289092,222.356,42.9503422444835,19.7460543466743,18.44434249204,0.00973833261557792,4.6,0.81182164769212,3.15272358441558,37,2.86586556493507,0.00591338079806987,1.1166323046637,8.7093937430763,1.19228371190836,0.95173,0.82,0.0426910543267384,0,0.235104110233162,2.0147870981669,293,-2.79051583927245,0,0.040677308240976,9.895222518,0.0230368964354911,-1.0149921,0.307683896823901,0.158802982741247,0.531266453843855,46.5419253172139,37.1886517690699,0,0.0711517572112306,0.0148877784281554,1.03749840873682,0.0634294986316351,0.0862987702573902,7.53774279391758,172985.748019711,12653.047300304
